status,arrival,req_ram,req_cpu,dur,client,vm
ok,0.07158649859620188,203.64411520937367,0.41303396936917125,2.8575015854875745,905035,0
ok,0.1397566883617781,114.04355852424712,0.37655537852902454,4.82833677323657,993869,1
ok,0.18427940614434907,259.1636539713339,0.21528700743662338,3.7659945842267257,890298,2
ok,0.20234694084481972,91.66155661715197,0.5116541378476895,7.693386470718798,59298,3
ok,0.4428443712316541,296.8374535239201,0.49597409106494694,0.4149816604530049,96033,4
ok,0.530806220206076,190.71915380903474,0.3596744665254453,0.5075669360030353,88994,5
ok,0.5478065931532983,88.84852623842076,0.5981191119337809,0.5655393805716415,378596,6
ok,0.5789133443461612,163.54281818691385,0.07509446559915234,1.1266248084595933,876084,7
ok,0.7067610541576639,286.4050854373108,0.01,2.4460761892668086,177297,8
ok,0.9040261450525727,105.92083496578509,0.5557202776971862,6.032418881013621,771720,9
ok,1.3214839568563506,279.9508204092781,0.5000042904235256,2.089816829845044,848258,0
ok,1.4261527649378334,64.90259023228103,0.11312533044783846,7.493043549136271,702263,1
ok,1.5220300169451468,204.7151081292605,0.6209869204966421,0.42830647439483593,895310,2
ok,1.579060833965948,176.64862678525114,0.718534137758618,0.13789599909853356,323104,3
ok,1.6145515159712371,312.37856044435205,0.6079603294686672,0.9269840823123565,263804,4
ok,1.6578962001389594,24.62694515166831,0.5735947738419449,0.23377574862154132,635378,5
ok,2.1683473395551105,215.93214847708794,0.01,1.954419543378966,222527,6
ok,2.2059423674973693,290.1771565533106,0.4231970682032971,6.673199729176849,636277,7
ok,2.2655377839659985,245.6113013315196,0.18197099765195823,0.12941518129743151,37470,8
ok,2.401201190507255,194.91804967120234,0.011653239981334496,2.6799124147528106,609436,9
ok,2.4552168409040958,235.54434540264873,0.5095788502646995,0.5982901725572555,714338,0
ok,2.5021915124815997,108.37295553726071,0.6264383534850098,2.6957263320916542,166076,1
ok,2.631239092665293,120.08881811291022,0.5979003658149067,10.670639170947922,451589,2
ok,2.819378424375215,261.7007845850725,0.6285208286664536,3.919138007704774,669485,3
ok,2.8505704477248996,213.51104711294613,0.6534951517445086,2.1250588481637576,412648,4
ok,2.888848484501608,187.4233388359417,0.6621411769014421,3.884726072993501,842708,5
ok,3.006051238175907,233.99823875569655,0.7244179688395016,0.9722469827004008,758133,6
ok,3.1178849313103685,437.8519644670823,0.3667719908061865,6.011880728162955,902031,7
ok,3.153148993382868,197.82651945704313,0.4956273733538751,1.6014344127573317,533795,8
ok,3.1544368599833073,84.8444176978699,0.6818173834459238,1.036883425342658,995513,9
ok,3.16695419445057,126.2626714126696,0.3601663191061324,1.6815873803625387,390133,0
ok,3.246646935106167,295.10088052364347,0.5340989016078842,22.331260730237595,570610,1
ok,3.252909749539496,253.2734894712492,0.2510492396580488,0.8805041061158323,981164,2
ok,3.508077713966091,256.586689817981,0.33463363039042004,5.292448083612332,466463,3
ok,3.7085628312881043,158.83407979201965,0.5510603393543964,0.15533553425706223,526455,4
ok,3.763790384662949,152.77895157027086,0.5236702487301257,0.3395940257622653,281270,5
ok,3.7693498509257366,330.59152163917963,0.296760343449574,1.1034023847205123,944984,6
ok,4.030552954605107,358.3044829597054,0.2763503354909642,1.7154576801743668,37669,7
ok,4.1499496287526725,194.51306004609413,0.6197071943560953,1.159974535283044,913344,8
ok,4.219202655104602,232.24033384821087,0.01,3.729926757337478,28778,9
ok,4.224622106307736,185.38057757466458,0.253580412992251,6.154513754151476,381696,0
ok,4.4125250249269685,201.23252239290434,0.807274263229534,15.703512005386166,487476,1
ok,4.462934783705688,333.1976056271982,0.47514103342148273,9.753993538436497,977111,2
ok,4.52983739305045,185.18260621947437,0.7330274009813412,6.2894544441815246,333934,3
ok,4.53089792471106,223.50700026558704,0.3556419252987555,1.6652018677759215,951844,4
ok,4.558922554180239,255.189507844579,0.46382508552051266,4.223039854022498,398474,5
ok,4.869607824037261,200.91541027977638,0.8805222337290921,3.526977767930302,444188,6
ok,4.900476660104529,281.9185504638605,0.534467636850414,5.659576239147773,935109,7
ok,5.13138545478029,179.1830170168288,0.5446179397111308,2.1280585874725215,927008,8
ok,5.160614023693933,224.9952158229975,0.5785308890781455,2.146240785142239,551291,9
ok,5.265860686506628,237.57645663315944,0.5860376339614676,1.1520599939157536,172478,0
ok,5.42984265649036,187.54861883576422,0.3116399279461579,1.2479588479393626,587737,1
ok,5.6955252694729435,278.04587094151816,0.7012337809094509,7.345329845795372,186055,2
ok,5.745724413605984,248.3647332682444,0.2402785842545932,2.6762682798335686,247593,3
ok,6.090868355193744,99.95628906034405,0.8150201556518475,9.659235620953574,241804,4
ok,6.150782727640724,241.69442526260303,0.38094942312229746,3.195270626266553,25017,5
ok,6.188333125511952,261.4217638326821,0.3657546518434185,7.184470937408525,185304,6
ok,6.204317949376414,188.89793862003393,0.7458448577256873,0.6721240011318559,340937,7
ok,6.30039435495305,129.9698431434503,0.39013793440777766,0.41276938139525016,182021,8
ok,6.328115400216469,353.675529316458,0.30924526358882976,0.4571739774239766,143337,9
ok,6.485344507201607,249.877327388891,0.5690430353388201,20.413570606754014,534948,0
ok,6.61761480487451,130.0641687597934,0.49055689197773217,4.092994165546681,535008,1
ok,6.642596635155241,395.2527497848623,0.564537732140332,8.955173363460803,377163,2
ok,6.691495798883873,242.96379288945857,0.6804338468297138,6.615091897568529,538692,3
ok,6.951695090848404,150.26551127997766,0.5410872487880498,4.882655374417354,707243,4
ok,7.006162544501404,208.55148780984595,0.760741495529436,3.112970691296686,587087,5
ok,7.090159477952557,150.99624867512284,0.19891725228076124,2.869447317034216,190676,6
ok,7.0920558065173855,137.8680302396377,0.4511451744339373,1.0967806654177916,936977,7
ok,7.448879635197689,311.8914068226795,0.3427554665076785,0.6742905537955637,467284,8
ok,7.485053897623969,202.98728863177647,0.9175249886543122,2.374095293378929,835463,9
ok,7.536495890101234,208.17953742343698,0.5478089957794722,3.818939545875692,434814,0
ok,7.542053855048197,38.47197687346346,0.6611523775943307,0.1,770075,1
ok,7.578606895314537,143.20031451039853,0.39402343500827824,2.1154472395112265,550885,2
ok,7.606914440318593,138.03303291039143,0.49882193710427075,13.678666586618139,950632,3
ok,7.6357637892568135,10.0,0.29906172884533777,1.7218809829225021,952608,4
ok,7.684621912103025,145.02904438756337,0.3196237097541642,0.6227451933872181,799943,5
ok,7.830718484813383,90.45378888959314,0.7100101651533615,10.61378972983742,381949,6
ok,7.891765043346144,239.78169456798256,0.9768503604333765,1.9656337257360006,828110,7
ok,8.223798862556398,217.85097372046113,0.5455534744694002,15.427041794783074,622314,8
ok,8.224109551631019,258.2151111834598,0.4973808306012861,0.7218164306787149,370972,9
ok,8.259238272390194,362.3214483281778,0.5115128814937168,2.023027070881677,379465,0
ok,8.304964387385915,171.77180826470862,0.7822414160611189,4.95789353859991,900691,1
ok,8.45777520579512,164.92984172484074,0.7267629524723791,1.0832877082225492,467422,2
ok,8.465883252646996,288.8479502086284,0.3005939746432196,8.388094394273075,169014,3
ok,8.515308052609033,145.57726312455054,0.2795180048948621,16.67239255157878,790630,4
ok,8.527936334568757,239.82000169454443,0.3268647458891244,0.7527396321660396,419287,5
ok,8.566698750680025,150.22175026455216,0.6892233726874344,4.544298910376367,749890,6
ok,8.673015220085714,128.40154750912748,0.33290712068724765,1.7101667897958581,774467,7
ok,8.933889037988168,107.57785717350976,0.36882550341200626,4.137479094230555,483819,8
ok,9.030808780697521,46.5922686752005,0.4910725772827322,3.5815542476193074,686723,9
ok,9.223664739421299,211.3967827987235,0.77112225850367,8.208132619042948,556118,0
ok,9.228024322048705,237.3946487009133,0.36969322843301666,2.429607421584712,262040,1
rej,9.275846420906037,45.61856694159212,0.7178411315612718,12.013679900228507,513816,2
ok,9.33701434627012,227.53401277964466,0.7274457349631184,12.153159336494067,292659,3
ok,9.419733389415075,207.12414029747282,0.6064572088933934,0.14068220601223497,969756,4
ok,9.587575909848086,205.60078734103885,0.6023099532932907,6.748884780331829,522259,5
ok,9.619276467006879,213.53701342248695,0.6041714498855911,3.9188468481854297,525169,6
ok,10.026057601453637,310.9641331844661,0.9990374984815529,0.22899974738252896,540427,7
ok,10.124872002729516,141.79533438434447,0.770199334230735,5.686651452876376,871916,8
ok,10.228667045376243,218.3517965470106,0.21380399629908137,3.231210540101414,834893,9
ok,10.280175330255455,161.42426572995484,0.5357401512970548,2.3322212617044427,371116,0
ok,10.351344631732974,116.18716601473544,0.5766061080115017,2.8554657387479137,693827,1
ok,10.409344364017656,194.06568343521235,0.6384764342395456,9.65855669701621,925736,2
ok,10.541868778513305,264.6367298975506,0.15489614377173716,3.7130669889800902,476775,3
ok,10.613262102977883,211.27807150617917,0.6662769760518538,13.600873181634228,943404,4
ok,10.720560344554737,253.5056159070994,0.7570510617245287,1.024332831393677,947049,5
ok,10.828760628995527,283.8792270327282,0.8450406219297432,3.8987201882123075,483406,6
ok,10.940784597476574,278.01743017933927,0.650426932973634,0.4663374172866269,367814,7
ok,11.246729439033162,347.16603314028185,0.40573891129994205,2.4521669069184244,595281,8
ok,11.253280276803025,105.8883100961171,0.7865978108916998,4.023522731373089,761145,9
ok,11.292036548167356,147.89494408540858,0.310722173295067,9.221614141410901,965036,0
ok,11.61418927930777,195.28185615943303,0.5658938711417046,7.4181374560099576,584667,1
ok,11.637187615190618,161.1741493411074,0.81280452937082,9.292448806111581,758930,2
ok,11.66461583951171,179.78155741917595,0.7291310222282,0.7584265134416588,478728,3
ok,11.710261332822853,163.5858487075427,0.8548232570745393,1.3280660151328871,510246,4
ok,11.744363059697601,282.5261386932443,0.7697079751568789,0.3302989007542889,690891,5
ok,11.953621914065865,167.62455749930308,0.38774488444852645,0.1,232585,6
ok,12.04183888355425,124.29387097612826,0.48251938399025734,3.2151715126187614,986286,7
ok,12.08473087974703,114.14175575284364,0.3408345305000558,15.362154028372553,340438,8
ok,12.148045728948503,199.8710924518993,0.46623294332666226,6.023160894123505,854257,9
ok,12.359153440359647,265.6922039981134,0.705843795890575,1.1038295765949355,733554,0
ok,12.413021571403677,110.90932477989287,0.4751357656357274,2.7876426961837653,875588,1
rej,12.426398495339077,191.64208382353928,0.2450473074081752,4.902978376944519,174136,2
ok,12.775944926091611,126.00254890903507,0.3876407054296936,10.414089906259424,919282,3
ok,12.82117126077707,141.53874309895042,0.40711833903459127,2.941070181241559,952044,4
ok,12.854081489397862,88.88946854013096,0.26432761810564687,4.902647420172277,646285,5
ok,12.927838137682668,105.51726490330964,0.7110615509170306,1.9458563534807833,281162,6
ok,13.723482871371226,261.9532073676643,0.34578597312139214,6.012980146801155,810532,7
ok,13.85394181015023,175.05945376814475,0.5367185309759182,1.3901052561245462,955648,8
ok,14.420288175138273,103.77783474666151,0.9576343001082777,3.1026221441099713,503071,9
ok,14.472178211653274,340.71688913161836,0.6542878791970346,2.419532373728013,324600,0
ok,14.581865461053665,151.24962868598047,0.3012846458651477,0.724821540692287,318029,1
ok,14.71054043946046,133.62375992822723,0.13383401936784006,2.394747857293231,838083,2
ok,14.717314445802929,224.03378461486113,0.6045596202431605,1.958056549849806,740510,3
ok,15.003522214474721,121.46994830004148,0.48150008786287285,0.6482575600023188,871437,4
ok,15.175057146820468,87.6442649751286,0.57810780982598,3.9658973434158313,528743,5
ok,15.269382820820478,188.36916677380216,0.3039799171651375,0.7507266039846122,589497,6
ok,15.830222285873246,238.75954462080236,0.2555943212971298,2.9318511985830122,542897,7
ok,16.020443230374024,188.37058411585048,0.42593236669239876,3.172246690840168,532002,8
ok,16.035521384894874,241.89792005850887,0.9322004221946962,8.766789987122298,683057,9
ok,16.10850979730025,117.46492328395638,0.2702708866898355,1.3436475946939805,645721,0
ok,16.446365152881054,153.39419290349883,0.7223327865402989,2.987675006242207,616504,1
ok,16.45968947892689,325.6149098735074,0.6226201222288341,1.293547921940139,426424,2
ok,16.532617453842747,150.1389869523294,0.8799953202389192,3.9986026104671484,326992,3
ok,16.559708173852297,181.23555776008084,0.5354486163662162,3.1811385368696543,766435,4
ok,16.602716116807755,188.39109509895212,0.21687755858676033,4.74353925905913,217913,5
ok,16.641988574464445,415.148949377697,0.14099840394608126,2.9422862932489324,512655,6
ok,16.69839291423143,231.80980668319546,0.4522315346408382,3.561447172784322,536757,7
ok,16.84944991165363,55.483766785914895,0.5574426498258611,3.256617827051132,384406,8
ok,17.066051749008512,149.4898083955872,0.2682401898577601,0.6331928205591296,979531,9
ok,17.621595279271183,314.4412710317706,0.6829545247260634,2.817072076508368,717469,0
ok,17.65648525649597,78.9034703877586,0.33843575948289883,3.800753169358673,653540,1
ok,17.86823786889902,157.85515484795502,0.6635206913167473,0.9775329364449052,924916,2
ok,18.02876191306478,99.72814064446698,0.43460190023392403,4.636087780068729,79036,3
ok,18.043685253404977,191.65661808419893,0.20894655834145343,0.8855334892921893,822377,4
ok,18.052580310481716,274.19998664016805,0.49655429716445615,0.1,860251,5
ok,18.084939313035186,220.7300870179593,0.654936619389523,8.873716873889391,358045,6
ok,18.384977103213394,257.07121625190894,0.33247242534500576,1.5123979497515534,761213,7
ok,18.73342675446429,163.80839358297422,0.9976796033238098,4.576196570445781,8830,8
ok,18.911773906758715,200.71675062635686,0.719447314692281,0.38257508757724634,951743,9
ok,19.21810733136885,85.77863817757438,0.7022347057596117,10.017756808482808,854651,0
ok,19.242973251860654,146.84007101505756,0.28288946482180455,2.670770232545671,200700,1
ok,19.273818244053363,190.86262245793623,0.6608993600737758,15.1646737188063,780961,2
ok,19.31032150409495,312.5376335591415,0.47066489021283614,22.70402616511325,111313,3
ok,19.384992538371367,256.212617512497,0.4904359073663834,2.8299564629144185,61613,4
ok,19.45756917252886,199.65538857797463,0.6254498444225081,0.6747056333202867,602317,5
ok,19.812317295895355,19.13460715675879,0.5047905891892286,11.54794566431146,684625,6
ok,19.814478466596317,93.75703977206015,0.48172808353300817,20.1609813401122,51285,7
ok,19.865515121880065,194.92135959076458,0.63832819385262,2.293801872786313,286365,8
ok,19.971984858879757,122.58711825920933,0.787631933057986,9.960604353610087,620442,9
ok,20.29463909677633,343.71170842891564,0.5728964904459952,10.259089185851458,237624,0
ok,20.438831274691818,102.74105937389638,0.8066428180031033,4.586575650644261,715629,1
ok,20.473660378839394,172.2495831466876,0.39078791051159684,2.9550944413619944,918019,2
rej,20.526467206125595,129.83748279009944,0.8015870695064244,3.5145898490507212,960328,3
ok,20.569429250943603,220.21461361594788,0.40419911281846094,1.2687253660102324,111427,4
ok,20.647718494259834,335.79839949963497,0.6847831415130325,2.678521779199552,791014,5
ok,20.688625363842693,223.28023551221048,0.6584476249903681,1.4252818293198324,547736,6
ok,20.87130311557262,10.0,0.7196543741072852,0.5123285441738802,143130,7
ok,20.902707656899214,225.32103759455634,0.37335733947295296,6.8843116656721195,895424,8
ok,20.974239168942,116.5705378479751,0.4408188083812623,2.9301938030654604,278754,9
ok,21.045279014278094,278.0014503067582,0.8545782543190539,8.22384103092859,256724,0
ok,21.26019792335086,270.16173316136883,0.43963386747149713,7.469870748663606,864810,1
ok,21.297056284780105,237.34125796290527,0.8269178042730658,1.618236540260058,220703,2
ok,21.456466312542776,125.42626364927558,0.2452865821676442,1.1308935354962504,989416,3
ok,21.558482685873397,367.2028143906111,0.3368031772762693,0.1,923356,4
ok,21.623536272985103,207.49600911247714,0.32974385388333627,12.656631447257867,63318,5
ok,21.864358893559288,27.621844696299945,0.4758171740101177,0.1,443461,6
ok,21.993676453619127,121.88984019328352,0.18115373273174973,4.866756364595286,941587,7
ok,22.019171339409972,62.03818687276572,0.9195017227748823,2.362407362854167,751788,8
ok,22.24651680252207,141.91336219648576,0.5981654328122117,12.131005274932281,796298,9
ok,22.246757526974672,155.24453314977433,0.42082488272008806,2.0879902628297726,33421,0
ok,22.266777029463356,143.3056440938326,0.1884290860612155,3.206436820590759,59555,1
ok,22.30608998806175,205.6305204438159,0.3500634877366177,5.017210170777309,379958,2
ok,22.43946003043712,143.4806144659699,0.5598228043210243,0.34455720231378745,377716,3
ok,22.51457358456932,314.3363002379564,0.2769600317415925,0.2057318006177124,180230,4
ok,22.54648541304992,122.3878608003457,0.2614598710667121,0.1,261621,5
ok,22.64654435559691,146.6581959228349,0.9245548015500453,12.94707490269817,705445,6
ok,22.719176813813135,147.9750307222814,0.5786505017294853,3.756069792009245,24581,7
ok,22.764883024652228,231.0944870105289,0.5244453497272368,11.975079614854069,86930,8
ok,23.053322145656885,99.30592594250402,0.709090041629716,0.3892844321792322,120820,9
ok,23.07689322560519,225.4788548988414,0.620585121555697,0.5510774724724127,70743,0
ok,23.523986615259403,96.2878645933686,0.5078152381959249,3.265828344319226,26575,1
ok,23.587669562836144,245.74804659649618,0.25384139152006546,3.733730044421054,42860,2
ok,23.62771545117811,214.29001017135505,0.7787119773331055,2.0733028574023433,764855,3
ok,23.649184643618387,102.93109920728207,0.49961950270781075,12.359466302563684,963253,4
ok,23.734564749101615,179.29768153361914,0.6185916609260362,3.0832922419028588,22172,5
ok,23.826667010331878,138.62093963843813,0.46257287898007576,12.286680921453748,391220,6
ok,24.03864765214396,333.4370934807871,0.3035326358051903,3.915783319021698,268110,7
ok,24.15692193413052,210.34577893342149,0.3403290528499906,11.678381667273994,133994,8
ok,24.220052327077262,153.64792897407062,0.42290533494616595,4.9070867553724185,852863,9
ok,24.2496792278547,91.38542258151193,0.16546209756162544,4.896782761353325,981430,0
ok,24.638054464595346,272.3913849536246,0.30651047846724544,5.8494592835279855,164750,1
ok,24.677625704938084,198.69727776018655,0.21543028548992554,0.48418234437567387,770480,2
ok,24.77066770654255,97.80803799104822,0.5556485895304581,0.3875266552099677,192664,3
ok,24.795486258102923,144.99918298452758,0.4962238792612127,0.9560224460195581,548501,4
ok,24.82246225483363,298.6629071288848,0.01713961054905333,2.29050342285306,725085,5
ok,24.952055719056542,64.50685955407283,0.736509781196001,5.703292095121855,2030,6
ok,25.191891079377687,241.46567701711314,0.749151656776449,4.168706034913858,404295,7
ok,25.21259935253637,289.7792821554251,0.8681435711794734,0.8043150237906422,618091,8
ok,25.25308615910129,108.91012638062412,0.3969722402607142,23.22669556309156,45257,9
ok,25.574017391963114,120.0930894411469,0.4279820751380548,2.517375951513623,832734,0
ok,25.596453758663372,95.3126788479178,0.5310982241471547,0.25143924673909074,259865,1
ok,25.715553396934876,322.0750533611413,0.3020674442733522,3.6959893610969545,158775,2
ok,25.839037169190537,263.3280273942646,0.1505279429431578,3.4117582349248394,38030,3
ok,25.951810073327305,195.15601593437117,0.49242209275138016,1.746528328730908,4399,4
ok,26.099396908102555,276.2032817484314,0.4006045255284029,0.2796561486114884,360920,5
ok,26.111575148918835,243.39716612560875,0.38174756579556596,6.44119097038426,984050,6
ok,26.129146497005653,279.4237408220798,0.6578660518545755,1.0589194135815203,645125,7
ok,26.267993685458954,142.62706756703005,0.4682602342988977,3.64340041716319,658250,8
ok,26.352792559478427,212.6319191414496,0.7003697284763665,9.17068623850507,778525,9
ok,26.428264520940782,196.84462127606457,0.4224197582634104,2.8093164743585293,783997,0
ok,26.617570261732002,204.07367432491446,0.43859589274062105,1.634362525393592,118609,1
ok,26.698491293618535,267.74315496768185,0.7832553641073976,1.4131171715593052,299920,2
ok,26.72723179394671,202.04691086675004,0.7381282848305473,19.4512962966706,353594,3
ok,26.86338413120643,152.04122424664945,0.40052246699624394,1.9597523657415667,512503,4
ok,27.04370786212158,387.7856876650252,0.22534084553832617,4.5218827949880644,32307,5
ok,27.067688262218272,96.69361407639202,0.30289642683214013,13.7663514964352,323365,6
ok,27.06863619448668,65.80975271075187,0.5623531244573302,1.8150220161106259,470447,7
ok,27.24842143375766,284.61441496006177,0.6522823879122234,1.0477245494694551,578293,8
ok,27.276746512542736,160.85950431614407,0.5665874159555099,11.88655906358587,803177,9
ok,27.598427469686253,351.7098946980717,0.509597939813091,2.035990580835528,634551,0
ok,27.72501812720006,149.20772099708185,0.01,21.24869438552976,775890,1
ok,28.57673660981631,170.36558370670656,0.37525631284708705,0.4309812816932784,47995,2
ok,28.628944684591204,207.60791559011633,0.6223560704507412,0.2038679012525983,945836,3
ok,28.720855279139453,214.01326063026792,0.5556528011462725,1.4488475697280974,276763,4
ok,29.009374898997812,255.30756193533884,0.425734034056238,0.21139655674740748,792369,5
ok,29.01663299306446,189.48880641282295,0.5202557380077781,2.892018842302143,421374,6
ok,29.06917149630079,132.02244907489847,0.2263965211257129,3.3243712452582956,904339,7
ok,29.29548706259692,262.4857792531743,0.5449367082844535,9.061123625751064,651789,8
ok,29.315234261170428,283.99050135578716,0.01,1.4769436093332309,739607,9
ok,29.41965557218014,250.03658746477012,0.4135952374350499,0.9552096690177405,160909,0
ok,29.738548797771795,113.11379934773379,0.3084244604791112,11.755460948641002,495745,1
ok,29.781565711470993,143.14970435118926,0.29284340795059033,5.596089427998354,236482,2
ok,29.784297656316944,147.76395321031583,0.5067883769267735,12.669367266504764,97993,3
ok,29.863259938933638,100.50276901216421,0.5957446965505809,5.951244401222461,692928,4
ok,29.86629384650482,195.93029802617264,0.20038165619057574,3.7023877455422767,720786,5
rej,29.891921332465053,77.0439213217175,0.6152418316160115,5.331572089736535,331670,6
ok,29.929093554057506,202.5482923470685,0.01,0.1,879127,7
ok,29.94347128721477,191.70665694242,0.32806854812987074,3.855794593352745,107006,8
ok,30.41377771900241,116.23907499827567,0.39889663808998915,17.08553835573513,25379,9
ok,30.509654222007384,191.7226606966656,0.5645616761341744,0.38690677832871645,469575,0
ok,30.58529826937756,295.4662037280068,0.48345577996646655,1.1848605058417325,826707,1
ok,30.781671586741417,185.27591297987422,0.4135085404500652,0.9357066458167973,917255,2
ok,31.23957797205173,78.5207019859861,0.6467845745444674,12.786169921518455,994148,3
ok,31.340471900198345,308.5458172913067,0.31286848484366364,5.619484087155131,133731,4
ok,31.750043287777974,122.5939578982618,0.5848109613420497,2.6179010658062403,543462,5
ok,31.75736256096404,257.0556685235864,0.30811780511324516,7.155636918878531,613370,6
ok,31.787945718845258,170.86701965500038,0.25762194707019515,7.349150127470306,819000,7
ok,32.297839206343255,162.77338310024098,0.7044225715747819,5.069120507561152,412040,8
ok,32.451411168013415,339.8424664188611,0.2050604597962547,17.67918323311861,510574,9
ok,32.50084179064038,263.56071936730314,0.5332887973451421,6.806386507544442,539809,0
ok,32.65940199887867,225.26201131159266,0.4007966564638662,0.9858929985774523,343891,1
ok,32.836240644585686,226.88030897364675,0.4412535746160827,11.293983656332966,150816,2
ok,32.84974963566424,90.53966068683297,0.7847505240148456,0.30391776189811115,916920,3
ok,33.088376019053364,162.00833824533737,0.5353551819036264,3.019400594136019,357617,4
ok,33.15365386190442,258.2819577698707,0.3485828183529892,5.434451494240124,271682,5
ok,33.22487047826607,52.842004856558844,0.8104184539589134,0.20009754882920044,274556,6
ok,33.40061840047041,139.83232248065394,0.5073171528971533,13.063333828927757,635518,7
ok,33.43675533567644,62.28507967151421,0.7873239317182321,6.155678956365706,440145,8
ok,33.44763648460111,179.3380352067835,0.3630694653779907,0.1,685050,9
ok,33.716331567514594,222.87951734247562,0.7240426790485336,0.8636088157855192,18909,0
ok,33.9184631450127,194.08084604475687,0.350821246279287,1.8977298317414575,733451,1
ok,34.65037755801649,212.93526173104604,0.01,4.010290518241206,585053,2
ok,34.752723596576686,159.5326068830639,0.3923301673743493,6.123233034602046,147397,3
ok,34.98670590014297,132.8834090056885,0.5222014765060642,0.44707867821517483,703134,4
ok,35.007400360692394,117.01831615362231,0.6928152359549529,2.7517465416026283,59539,5
ok,35.02807170746654,148.49787827900175,0.23761591622740408,4.752231600758923,265255,6
ok,35.50350881555166,169.01415841661984,0.3602977509716296,28.426920632644826,35186,7
ok,35.77184475817414,203.08385658104524,0.6204991009651212,1.3444444369958202,138099,8
ok,35.79996661617631,322.8088546444901,0.6925370438147358,10.757761233125517,168993,9
ok,35.8371593803741,326.46163459305575,0.886451493253237,12.812615527516405,179003,0
ok,35.8860609043224,175.94541051616977,0.47001652068157834,1.8289020134275136,100529,1
ok,35.99405441085142,362.2927840627848,0.34901062802584826,3.7123834761751944,475413,2
ok,36.170803608606306,320.8467409107508,0.4476536708213286,3.2110268525730854,665925,3
ok,36.332729202943284,241.65996707686813,0.5808283511953716,0.8782250333312897,242907,4
ok,36.49333346207482,198.6794954632565,0.4838674225511477,4.1690448600462,532948,5
ok,36.4970775401612,308.80235317648754,0.3034194684288086,1.0573110019613536,960912,6
ok,36.56014897146631,177.56704779913514,0.628166099004865,7.255244978379938,742489,7
ok,36.67026130886487,174.9679348278324,0.34590508299958145,15.17298051500175,979506,8
ok,36.705102284461795,211.6452647781899,0.5815014592621938,1.0674064068027451,32926,9
ok,36.72413683861246,197.00387283004662,0.569848554133565,6.555884627074773,258747,0
ok,36.741940798768894,126.77870681565744,0.5030616227751737,3.427266264752218,243766,1
ok,36.74317476828763,220.57339405702652,0.5735130560503258,3.7702427163537755,748544,2
ok,36.76591774418359,133.19400079000263,0.6391534561678217,0.2988353750018315,466299,3
ok,36.813334087603494,332.7694315030898,0.8469283512130662,8.896670015890798,77120,4
ok,36.87552123132917,208.52026475536127,0.4287039258249373,2.867620463528472,262962,5
ok,36.901406762411376,273.81170969394793,0.8380109423622626,0.3459247121108565,84336,6
ok,37.0377041599637,335.24637060662667,0.6088353136990503,4.317501975105906,619957,7
ok,37.3226459745786,157.06132876036864,0.3933214844052091,1.0522492059013184,239288,8
ok,37.33834934206524,232.40340705928315,0.7515732333150804,1.8038959605158356,654483,9
ok,37.61524160858167,231.87535748079412,0.7074033314260961,0.3933262776486219,830035,0
ok,38.03371005812429,267.6368278338926,0.5509165914320633,0.8895641104228224,839078,1
ok,38.03715341851551,278.75563903808137,0.3606506251204675,8.668521725504386,654216,2
ok,38.31243409435197,286.4835481087308,0.39979409532160204,0.8422163371290393,743962,3
ok,38.412128937596435,135.1427355545843,0.44294048911689904,5.467252042353903,377308,4
ok,38.481520683242195,114.5689704083131,0.2141124149801767,7.239788973397504,269074,5
ok,38.54703431063942,277.811855743759,0.44043882662411055,4.546335652634495,717813,6
ok,38.70835011259123,207.26232366035558,0.7463770581485495,0.6576806509937727,443565,7
ok,38.75715337651562,143.72922810764763,0.4041028952337069,4.6494583042564415,292277,8
ok,38.78721059851344,188.9170868502989,0.7231628403501199,8.110792953973439,551750,9
ok,39.02134797842172,283.01030089103506,0.6042512074371926,7.790963002182276,787142,0
ok,39.12956939714831,129.45639483587598,0.15274735671036888,1.808947981567543,5059,1
ok,39.21226070391273,65.26231887613375,0.30436517802249574,0.5928517484769831,158456,2
ok,39.27894072514906,171.1095609494864,0.30882917283292616,0.5691665162851838,37223,3
ok,39.3393495101507,136.75533267844094,0.514006553345556,1.4843103148530639,403442,4
ok,39.408859218940755,237.09338264176233,0.16600864178084573,8.333742949627803,428580,5
ok,39.59954868965991,151.72312155612536,0.3832679741094821,4.083204593999953,168019,6
ok,39.65665637077366,169.2163286843014,0.47594546910112795,8.044052103475636,116575,7
ok,39.697833946536754,249.4199047026317,0.34882956746635796,0.7627731760031444,536956,8
ok,39.70775991043856,308.34303058776754,0.18385266258011163,3.7894857819694256,758927,9
ok,39.93792963805239,362.04363963218066,0.26920867455851333,0.3073581641343998,92087,0
ok,40.108856425859514,275.1015335703978,0.6175014142671954,0.5502869148695487,252565,1
ok,40.18634010013727,224.13360059477546,0.5660666488427183,3.597249529135789,106861,2
ok,40.23941862881364,243.82286070523088,0.5643994690039257,3.410689371088344,104619,3
ok,40.51001449542195,165.60333888845201,0.32098455159819084,6.32647451439942,20763,4
ok,40.565787417591864,370.7075556691729,0.5617898053333358,4.44862435110967,190589,5
ok,40.63565709116576,178.99492860608768,0.2871435108133159,1.283130106025402,787045,6
ok,40.844924751727405,148.95981137095808,0.6300642857146443,4.3742512621328045,242772,7
ok,40.979765533056685,134.3318941565355,0.4714000567009669,6.469129159954892,110335,8
ok,40.99091423540226,156.0079409504774,0.5474998000309821,4.470769270994149,227911,9
ok,41.031496812183434,215.30885005243726,0.49244888160997663,15.006926481055089,25627,0
ok,41.13919714950809,278.43251324906936,0.6213694204018027,6.3478104239604605,546031,1
ok,41.15663572299948,299.9862792497014,0.4683066462177145,6.88693989183176,702010,2
ok,41.19056412008796,224.87858508519219,0.7000554332406033,1.6832855604631514,486961,3
ok,41.19794201906253,165.37328803733848,0.820851849505712,18.316205707365768,475904,4
ok,41.23637714260032,198.22011847037206,0.492391944044121,2.587691800550274,324771,5
ok,41.24109870377761,88.33490180704678,0.3782357332313123,23.15467064926075,561547,6
ok,41.26461468370097,176.65137401896774,0.5605316537276952,4.330566089773617,672932,7
ok,41.39914498787513,252.95662677292626,0.5103537233242537,2.8290742195844043,398461,8
ok,41.53065926628614,171.52096999471271,0.5989962475039325,3.9040722283435594,222769,9
ok,42.04899418976308,263.2250796074659,0.7000534396607316,2.484387753349388,717945,0
ok,42.287155808271905,182.57284031058288,0.7389803509554247,4.2271552704138236,950599,1
ok,42.42928021892366,178.3912600351242,0.7865036969760812,2.0150348983515682,797468,2
ok,42.44811856408979,276.2168155353571,0.6709239916100016,1.0699082503234425,220348,3
ok,42.69144574851947,227.90116459826925,0.42809601504409656,0.6903748599330233,764339,4
ok,42.819904798252146,111.04377926353254,0.5119848034571219,6.281442635926567,845235,5
ok,43.00210458129313,198.4380837836985,0.6984587132526601,3.6487040447244663,454802,6
ok,43.13496258715929,181.80979297625203,0.6562824170077702,5.678941321351747,446272,7
ok,43.24725629621646,244.28787736951003,0.3100397429320058,9.572255053629084,536348,8
rej,43.32680083506704,205.56130500029468,0.6242197263838376,10.72698156795747,22358,9
ok,43.504611899239286,65.25226907871871,0.3467590207944544,2.52236139290555,609302,0
ok,43.557390737956325,100.90496762553393,0.4208589864884774,9.48802115715458,620067,1
ok,43.97185923363467,280.6257893827674,0.30136350735063344,2.282375373577688,53723,2
ok,44.220564165075174,255.02645177546717,0.48218245025074413,5.3779619700446855,924253,3
ok,44.234697998794,180.72166883950854,0.29973210572467485,4.275704623000249,438321,4
ok,44.32684410589928,171.47202340099443,0.34852163081682674,9.482539036606969,974001,5
ok,44.327343719317604,87.57466655395405,1.0516170179650928,0.7039461052832465,550570,6
rej,44.43712939409881,131.82086955811744,0.9331119191988666,7.990970800894164,609580,7
ok,44.444870828267504,181.3850879631713,0.09219597136337859,1.9975438024849104,190028,8
ok,44.46098488743699,221.93620632000565,0.4228299830333322,1.55362867821133,965336,9
ok,44.597103935481634,162.0486390273862,0.6579966931776423,1.0336030650805856,98342,0
ok,44.70356458734876,155.35394803254258,0.7268179430193195,9.096442662820651,695512,1
ok,45.19438054085661,260.9395734290348,0.5595157210100746,0.48108736126264534,841644,2
ok,45.25391880858955,232.53381276930318,0.6294917418371072,0.515207622008606,503109,3
ok,45.28691260429739,289.4145639120826,0.20272903229721595,6.881466969640876,383971,4
ok,45.36927395125926,184.60930713976526,0.6194168985294575,8.30105046452102,20429,5
ok,45.46154945649932,259.7041986586354,0.4919341929234849,0.1,544430,6
ok,45.52920068020882,184.8389968209289,0.18471823301646817,3.1587583707417153,966210,7
ok,45.555962730148245,49.53452478876392,0.7635264964063464,13.737755734494472,124351,8
ok,45.89979643272769,310.22657239939736,0.3730102186291235,4.870939683493687,640166,9
ok,45.95792217163641,224.56661487934366,0.46550607425344676,1.0487224066723506,384285,0
ok,46.15285524229932,138.94290963037878,0.6330062209356604,2.3335647704762845,303647,1
ok,46.226914858411824,402.8157078463519,0.5002580296281297,2.1537058521159964,723931,2
ok,46.34092614249254,248.95177715627335,0.483093736872193,5.892117724832087,977741,3
ok,46.43293459165779,123.80391464144233,0.5307117927079529,1.6114120376478267,390307,4
ok,46.5858713453856,234.8222065758735,0.49152656123566923,8.746357067129946,323249,5
ok,46.67951796628215,234.12196567097897,0.39793268693315426,1.581825674239676,19980,6
ok,46.724707321923155,128.3660415785948,0.01,0.7274160621192831,916819,7
ok,46.90514055499594,273.04637098713613,0.2939939356148358,3.805973650376868,718600,8
ok,47.1334638838022,242.6717514681125,0.309003910689733,8.395801216692933,432279,9
ok,47.15512297733794,150.31784398270096,0.5212955378468891,8.776490318910493,106075,0
ok,47.16691703810781,239.0425822403035,0.28972625343299074,3.172792594754661,110117,1
ok,47.207020378029256,207.27777082785866,0.6327629068614113,0.8750379645255497,320782,2
ok,47.275615204582266,170.20798047487102,0.8630053731885932,0.5590451763916992,208028,3
ok,47.299441793395694,223.99867018438835,0.17697759963095022,5.044282289875151,881445,4
ok,47.38028473020993,150.29863486085816,0.2715244647260613,10.232350919870717,813000,5
ok,47.41494946240417,109.77060310497528,0.8123670888718079,15.94598291903657,705242,6
ok,47.415972819901526,287.61976435450663,0.343286658863751,0.1420949969724458,865488,7
ok,47.47673557523801,209.55684248320026,0.5619004236191667,0.5876526714113978,16485,8
ok,47.4889530403998,213.7567938837335,0.4689748256126123,6.895933980931476,851507,9
ok,47.552442081103585,155.47290204725635,0.4214856319593273,1.0884081843366868,473351,0
ok,47.643993814499694,204.59853965947963,0.4585884402739374,4.621311412366317,62904,1
ok,47.771624628364414,199.46015933041895,0.6073167661888392,3.203184604358053,430623,2
ok,47.7940875292295,267.83129343470307,0.572366862891754,0.3984464422600509,668252,3
ok,47.840466500831894,86.36818154732549,0.5816534169776475,3.8410839225695654,509464,4
ok,47.85912490690005,94.74462496799657,0.2285286086522862,2.575430586762877,485847,5
ok,48.31002730713893,167.14653505641974,0.3680998320581579,5.616931839283485,218362,6
ok,48.36502674263815,183.59674802950317,0.6363539911826737,16.660359446648155,932752,7
ok,48.39086919180686,361.84494359105014,0.019212053469779056,4.263516590942304,617343,8
ok,48.454547965834934,73.9350990224495,0.5465306334514289,1.460395130677365,643360,9
ok,48.464377886919564,133.88523865097835,1.1061209923748692,17.192673790235432,77373,0
ok,48.65717911248863,112.12560567160047,0.6979167920430268,1.2663187624494858,5587,1
ok,48.803795656473085,247.68061387828948,0.10784533243400274,1.1169663525391014,298172,2
ok,48.81861367496211,189.95869168080645,0.7206436651656668,0.1,25314,3
ok,48.85423065684115,111.88900088217365,0.4534627586868804,13.821281642409584,391016,4
ok,48.93182475231997,219.13262927250057,0.5532246555358471,0.6205539758804854,320676,5
ok,48.943739077914195,162.794891079659,0.512442047136946,7.795440515472807,980702,6
ok,48.993643981624665,130.9300752733136,0.6228155253213206,1.9254663453584304,758712,7
ok,49.12302396599021,145.34263762739414,0.37268049196576614,2.1622331520566536,80266,8
ok,49.124018963389624,148.06423884023764,0.5684115958401282,1.3293764236336707,229811,9
ok,49.13196626476801,64.4272166626968,0.41834705010940104,3.6158817991155128,791658,0
ok,49.27229743470048,153.72003637900082,0.2896291223295645,4.1451935607923875,514269,1
ok,49.30680727620815,163.06826983721805,0.3427429190336142,5.713566271113185,201703,2
ok,49.3186350410379,102.0807235262823,0.8113257062629924,1.6304543716418884,121391,3
ok,49.37126852149477,206.7182313339546,0.7079036968848175,13.181777909409666,599316,4
ok,49.4578085719413,190.7636995112564,0.48347191191472894,5.581640075405941,391532,5
ok,49.501287625942716,249.01222555126725,0.5380410283431445,0.1,410812,6
ok,49.508274819548035,100.00298275086888,0.28488791751846054,2.4474781082986916,750701,7
ok,49.58175871403766,132.1477871635852,0.46263485771196805,2.025840608622389,485725,8
ok,49.597788898330016,234.39791930384482,0.23418043821475049,0.25333910626560147,146449,9
ok,49.64048100197511,78.34155597606582,0.6276647297681046,3.676510013436353,790186,0
ok,49.71356654910838,285.4987543502267,0.572702159869495,1.6583210437535878,361694,1
ok,49.981667638058944,113.95147822040553,0.8535937883959884,8.03411932453676,414232,2
ok,50.0527293933449,264.60453479633514,0.5735328771887298,1.9456738830499485,930812,3
ok,50.13230408359537,125.31261076748478,0.4521009793228601,0.5500771790851887,127642,4
ok,50.14608765016486,263.13479734969394,0.4342784165504624,14.104277245084909,266508,5
ok,50.324260359506894,261.1781850745389,0.28571397698858736,1.549617293639588,127685,6
ok,50.57068069746481,129.8719765152909,0.6579155352997599,8.40898271683318,128931,7
ok,50.60134254767095,241.71546725894973,0.1949301248389238,8.309252403824981,84421,8
ok,50.63781511808005,279.92662267462083,0.5306095458974456,3.113427853243014,646490,9
ok,50.643418208847265,263.5613551261989,0.5168692329562622,2.6086286660255515,891363,0
ok,50.697055338722194,431.67300943691794,0.2647835154765228,0.4224627336900262,350731,1
ok,50.78112089682404,257.04432816949287,0.2517594673009751,3.7512592370037696,672128,2
ok,50.886013654193825,210.3725717504861,0.7896193829843832,1.695554377136851,410102,3
ok,50.900108657017945,182.9723855494536,0.3562899690336462,2.020069686387421,222308,4
ok,50.94460899216965,246.27762997411327,0.7953327378052686,14.365031572132663,726298,5
ok,50.96255890035757,174.5318049512123,0.29462700120116037,11.185031946563324,110521,6
ok,51.154446659939744,240.70005397832608,0.49118326401519535,0.9085641081549196,25867,7
ok,51.30212945822971,165.52813675028622,0.39713273981719077,13.886278908053004,648210,8
ok,51.72528239530558,122.00813181305382,0.48601001600711125,9.950071153346641,691179,9
rej,52.134426335887554,248.1556467981085,0.5267334639605232,2.44425301169561,493223,0
ok,52.172897675298664,10.0,0.39258086930447433,1.7770314881826583,814965,1
ok,52.396226700742105,205.12752448001353,0.41090846669543823,4.559095018137632,45277,2
ok,52.424750744591606,107.26803517854025,0.28157714781593124,0.42254670853777826,758663,3
ok,52.48019368882837,147.88507226943238,0.6338033511535442,0.22367322947622925,740088,4
ok,52.546686705752826,260.8849454404693,0.24996742788475612,2.3460993023625356,522137,5
ok,52.94216186164973,265.2413148119216,0.6966883842418337,0.2668517341426007,304876,6
ok,52.98837018355047,274.67176454121943,0.49702991408403474,15.107226283164241,374954,7
ok,52.98880220285644,255.53664572665576,0.5398984476329084,6.026345889517495,479236,8
ok,53.18339107761316,169.78412551919985,0.3196968207948741,0.2178340965277764,148338,9
ok,53.22906220701199,216.1761112622271,0.7174820351414483,16.781946733764308,837520,0
ok,53.23317406543633,377.327129949175,0.47443925781453533,0.1,393124,1
ok,53.31888789743377,211.81027070347255,0.37395242443825,8.694350317872368,282006,2
ok,53.406989541143666,227.59484981315413,0.7116407870526977,2.1401500241236473,507722,3
ok,53.66003132231684,325.03609210431983,0.4793591920306468,6.749836483724689,551869,4
ok,53.7340893405376,382.8260947567786,0.527784849420144,10.953135018742408,907850,5
ok,53.75806755821999,243.67279488897165,0.3706801699760156,6.502317606469109,500757,6
ok,54.03365000308301,217.44064110653696,0.8842830420375014,1.1482092807118782,754499,7
ok,54.215505696802275,150.33218064938586,0.7239349787700871,2.7507675381886516,763272,8
ok,54.31130527676482,167.40371717405472,0.5071079861150205,1.5124385432286194,843422,9
ok,54.36473601173978,134.47082990335332,0.6765442403459783,9.962070420040972,439317,0
ok,54.374388520485915,292.5853286118425,0.6636760862915962,14.311280999210714,977329,1
ok,54.410908198330205,158.68903756612582,0.7517227216499407,7.571584164654669,516026,2
ok,54.602799230189525,241.21014990625414,0.06859557441305664,12.716075416917555,876615,3
ok,54.651361576946705,282.042390713952,0.7255083528791,2.5944496549007106,713266,4
ok,54.972078923903815,228.46197839353817,0.2965394289973845,11.859778755052597,311179,5
ok,54.9730867945435,304.22732474033864,0.5031252216611004,1.874498253881736,413843,6
ok,55.048740759937516,204.78955307727577,0.3581052632226737,5.438855605931385,242878,7
ok,55.24493069493111,196.35832272481383,0.3892392067201216,3.149478027136357,163996,8
ok,55.27472293000455,172.13821662213914,0.6081213443869876,4.934114541071474,512532,9
rej,55.6125656315479,230.00208958195952,0.5472406354600869,5.809721821910704,625533,0
ok,55.74593281564611,331.9783814414408,0.5757260618703451,0.4684372272069675,272006,1
ok,55.77786514682411,159.82949642413405,0.47184464125168757,0.8704917344994414,575208,2
ok,55.93885887002452,81.26438331148523,0.2054918068576969,6.320529264475815,448427,3
ok,56.00632649764465,181.8214721738298,0.5801990980569378,6.772478934371087,729408,4
ok,56.15998905784304,190.5649540140534,0.5783953556356,0.1,712130,5
ok,56.20346414842361,209.67369698082493,0.24049470348512897,0.14939580160445529,733168,6
ok,56.22443065025137,208.62380557565848,0.6101430942808139,4.489486943038743,963201,7
ok,56.33413453249122,121.579620577376,0.6986110819123044,6.41030660827604,88406,8
ok,56.57941493299123,113.14603524206647,0.5159001500674782,6.547986598241323,614361,9
ok,56.73027392439613,154.87855556462148,0.5498651515000581,1.100850004136877,763154,0
ok,57.0649556577579,133.87222639829335,0.1358180196442776,13.506275744210319,857581,1
ok,57.402631071538295,206.1626449247803,0.2263565370295192,0.3245714318862642,603718,2
ok,57.57945863425685,74.2783873844722,0.7572021567445457,4.521811289243719,100608,3
ok,57.93313600914989,220.41734715643207,0.3714226287772566,7.896496484309495,74616,4
ok,58.24468959167818,244.24258080869512,0.36570919380865086,4.518458485479942,373353,5
ok,58.35285452895116,155.30274017349217,0.48669212419849844,13.59102754322805,184690,6
ok,58.63438531867791,267.79281929250817,0.7184117550927136,2.855994087726352,571750,7
ok,58.750449573234604,168.1595400525496,0.5320144323832274,13.873632514200958,153617,8
ok,58.96848110774864,208.6887816408163,0.3541067980947502,4.975707070126939,845471,9
ok,58.98284958155516,178.75242372555624,0.01,5.427915371151456,437012,0
ok,59.12433904102234,133.13876391243906,0.18172591835743168,1.9189515454906436,941835,1
ok,59.15659725782633,202.69770043783305,0.7143826504730323,6.37801609870967,70086,2
ok,59.33664567278995,236.37142304003748,0.5324384562207914,4.5692249368530256,837361,3
ok,59.43928228516944,113.48126377046869,0.4710808472784994,8.765771111335463,90334,4
ok,59.58931366804158,221.7197511253327,0.389732164047378,0.4683141324969533,955636,5
ok,59.62397648602972,92.64765000999448,0.3905570221314085,1.4182367301788223,939000,6
ok,59.76079117867294,194.36542925172213,0.2894191607549176,0.23698941616351696,714452,7
ok,60.03703411454038,168.22984645330254,0.19580400156730837,0.49616607864371143,849147,8
ok,60.054304386246145,93.11340533285191,0.4912278492173414,10.759012091658334,679563,9
ok,60.09378450771576,126.36773376419262,0.8085830704471078,2.5283539974742286,39396,0
ok,60.103211793078984,272.41667253365574,0.8452991310754006,0.6644414311676017,134757,1
ok,60.236853877567874,47.09539069189705,0.691809641875913,7.409614600951432,310779,2
ok,60.296983311942924,135.83053035771863,0.6159509510164309,0.31659602246981533,409567,3
ok,60.54508156887085,220.27942765551907,0.8811762783881825,1.1843466003691199,242954,4
ok,60.55422197207107,213.25182773984795,0.4034798775474212,3.5341152053739973,742814,5
ok,60.554562179372994,223.20589242528504,0.4321566095591268,1.4577791526829567,703313,6
ok,60.71206811835286,274.94549974396625,0.25180864050559676,5.583193032887896,928153,7
ok,60.78105693713633,286.5188459745155,0.45851319584964906,3.2347808882745355,714184,8
ok,60.83926376230742,224.20337739271895,0.6184727279645131,2.692212480244958,345416,9
ok,60.89879840136522,167.4061480040861,0.5466918118089092,1.2260188325570103,460163,0
ok,60.99818312927355,89.34136668576411,0.7128365520171078,6.692180979929079,180911,1
ok,61.04767259727191,40.4550172031301,0.4443986581137962,6.413959995765923,549448,2
ok,61.206772015611314,348.47308515183204,0.33323262015600286,15.482048842400108,300929,3
ok,61.23523821031589,182.66196210364154,0.4739892832481855,6.748840549298274,117514,4
ok,61.36560636750215,236.2360165449959,0.2948801126084423,10.019266783932586,163596,5
ok,61.4846512340196,238.35797377805105,0.7513226179898884,5.900208027321179,567167,6
ok,61.716874135184646,119.78416968734047,0.44356327873930435,7.288825829985713,996082,7
ok,61.766523219781625,189.2990642886657,0.32204747699331404,2.0964146485589588,792489,8
ok,61.80248885118779,75.97281290296934,0.4004536654242682,1.6727351010112856,444292,9
ok,62.26539369514658,194.88213525446434,0.2973307715034007,1.2661515330791886,100825,0
ok,62.566976930321,172.2849352526975,0.8210170112825292,9.649062080870825,344817,1
ok,62.65489656969495,205.33860926970775,0.4555725313168254,4.728497324627876,541590,2
ok,62.83401260303469,169.66032069913422,0.025063599508539258,2.4913733600074277,260677,3
ok,63.48187750286334,263.1263603626901,0.3620709628481942,15.31318738797074,750114,4
ok,63.564734841844,108.72934947042384,0.4942160511899197,5.236283673126792,539142,5
ok,63.69523149012228,255.60229706628704,0.5986799336241555,35.47486280613033,269757,6
ok,63.82821711700382,266.444445158171,0.6356532310101883,0.7907921051686878,177802,7
ok,63.88735789071636,299.5650836845666,0.345704377691639,15.85740930800199,938367,8
ok,63.9055843672585,221.9927964951652,0.6099774249832408,4.069713068420738,165162,9
ok,63.925392815558546,247.10908801878603,0.5178819855572927,2.9602552660283807,483331,0
ok,64.02725557906044,219.30205921579756,0.6952968301120473,5.226170601965242,993406,1
ok,64.05529323380213,194.97215804642107,0.7314259413992509,4.700344242606443,737391,2
ok,64.07157526760399,86.43317816625728,0.34417726895574247,3.8194859786156306,245835,3
ok,64.1114516000497,74.24146908282319,0.6000612725487149,4.679818974462273,423796,4
ok,64.16621767994734,177.80793375898162,0.4688147341124991,6.73699066030963,916946,5
ok,64.23432669950044,167.53874264914072,0.6554909173903289,4.051899270499593,375970,6
ok,64.31696636875547,201.05845974798228,0.7480746541574637,2.7195633908216488,820841,7
ok,64.32754552902661,267.8890432002569,0.39886404453962787,12.265852145325596,801466,8
ok,64.34731723023965,235.96560886231478,0.236304910270697,12.749891628370628,601295,9
ok,64.35980482325762,141.0175217229181,0.2658460112236203,12.598630367158483,764332,0
ok,64.43629094024136,157.868715877235,0.7457462226074258,13.882767227184896,151797,1
ok,64.72659192420693,294.6269242340628,0.01,12.4211214149867,489327,2
ok,64.74020676535778,296.3335344205843,0.6962277205763119,10.565042857577431,462614,3
ok,64.85573185138789,263.88056996081343,0.5018940007303188,2.8221066671544097,753788,4
ok,64.99834571911201,262.74226719103956,0.5493541823753354,7.269193004273038,30812,5
ok,65.29237758998592,224.14963351148506,0.2411272833794103,11.080822305043185,849065,6
ok,65.4216897451945,267.0943311030862,0.5059096743335326,5.189721960142137,624074,7
ok,65.46616827077723,155.37652512402767,0.5131991268118945,4.3726285623767716,401868,8
ok,65.54198751814123,253.3600798249154,0.8191930160731798,6.312123429413475,924652,9
ok,65.62603684044316,328.7883820438211,0.4294947615035096,4.384121566881637,772541,0
ok,66.03282875317444,243.24879380009867,0.1288493413865573,12.210651305214482,189188,1
ok,66.36047556031251,109.97371033210328,0.35376571354062714,1.593492048614487,411939,2
ok,66.65525213409747,90.83755370441585,0.30443980766934564,7.208576476641435,534953,3
ok,66.92207484349089,148.88854615602125,0.41116786640585545,6.955824546208188,56174,4
ok,66.99950592042723,349.0001414469797,0.662181707319585,5.530387016382128,505894,5
ok,67.20841595688617,174.46115045695421,0.4979378667911777,2.264261818965714,287257,6
ok,67.34942263397004,241.04455189628058,0.5651986388301342,3.9908283496377535,424583,7
ok,67.38338286228623,173.0711570682995,0.4909129386010975,1.2345145307614223,266046,8
ok,67.44381160383031,157.33513596246615,0.5227254651321284,3.6254802993208504,744971,9
ok,67.58731556016079,141.10925701348322,0.918279780486037,6.025373810871405,766768,0
rej,67.64561429873429,298.6959788609498,0.6946443609957608,4.261773850319793,982169,1
ok,67.69978491533989,135.82733446130464,0.5878343666880055,10.734968240384383,432165,2
ok,67.74814713184652,96.82648337058957,0.3740460880457318,4.5892289360991345,739657,3
ok,67.85416224272608,132.51174657640695,0.8789671581718524,7.1570946094726455,679402,4
ok,68.07286643504992,172.45313758283774,0.3290626605466396,2.144097589582337,495451,5
ok,68.08493700527627,156.23815519381236,0.576230017060166,3.436929636414977,377599,6
ok,68.51857117677227,230.25082730313736,0.609338837833276,4.82036652548072,574177,7
ok,68.5419631609655,246.92454389815194,0.6490140990670671,6.860274201755788,346792,8
ok,68.56720995419208,278.9064597663513,0.9060954231664322,2.874601754071813,747906,9
ok,68.60243389115846,177.91946336940737,0.6852085815532096,3.1458442854830677,781831,0
ok,68.68336971659733,172.51873445487502,0.6678017718417872,16.3862116457281,956268,1
ok,69.09321576767515,35.6654024229924,0.32486006122387207,1.334635668552914,690471,2
ok,69.61963200525608,264.12177312223156,0.625663528852213,5.1435654483051145,85368,3
ok,69.85944176334402,142.24973973315008,0.6812787156605843,1.1111468024688078,798604,4
ok,70.0177227934264,202.9415894261627,0.6468159419722618,0.1,859496,5
ok,70.08111873762331,239.76443658140062,0.01224599596706194,15.000251368037967,893463,6
ok,70.212653850033,199.25152824928443,0.30259253102239625,3.6833800779813712,761045,7
ok,70.28691859417007,135.82538856441175,0.2409486256484693,8.354617534029572,235928,8
ok,70.39422280327221,307.5614043512081,0.43261279134751685,1.4339607919236184,558738,9
ok,70.39514196970775,170.95781887505885,0.7506103584699538,5.516368108713613,651426,0
ok,70.66930112161285,253.890550826405,0.6043888724079144,0.34482425417576223,197001,1
ok,71.03507984373249,177.71564249656126,0.3219771577787723,1.6907311322959444,422286,2
ok,71.16244145613203,31.702872866634408,0.7158236458100803,3.7931841344984845,855942,3
ok,71.2153809506766,170.88177034306162,0.9933054338092282,0.48422121709721944,699370,4
ok,71.22030487566624,224.17178702813075,0.6908834197039914,3.3333251193197966,401138,5
ok,71.32110941220127,239.25185466862257,0.7716129778444933,2.387848538571173,923729,6
ok,71.37605577625692,273.8901659715108,0.6681567580515575,2.353641015873805,665668,7
ok,71.39237552660487,105.12253685657184,0.5468131534543306,6.027837066824211,959415,8
ok,71.45444280342943,125.86364590957972,0.47487809778665746,20.08276350844323,12169,9
ok,71.47155875374224,101.50881573927721,0.7478351198276005,0.9374311687881824,328135,0
ok,71.54331786633587,191.37942236865572,0.6551647076552186,11.671654277255838,487114,1
ok,71.67434131802521,60.80950543174504,0.13865536395618983,1.6497338358030338,549006,2
ok,71.78313903659233,132.14077936796298,0.8195489018914032,2.0405004301197827,746142,3
ok,71.80999468141496,201.12709622983394,0.43702709355969155,0.2618375746691979,950757,4
ok,71.83497395721619,195.40768364889416,0.7045753324751227,19.813097065300404,926124,5
ok,72.02525006890133,193.33468801877532,0.7503636172340966,2.878519780921182,488958,6
ok,72.36918748598012,303.31826022336304,0.38815331732095804,4.904706210952997,681663,7
ok,72.47186572962354,98.98318432015168,0.5994752474548488,0.9215800293601832,185984,8
ok,72.96358334992141,227.38531713373675,0.6989004045106183,24.388251409510467,855711,9
ok,72.98275544296928,273.05002289600895,0.5295729382385727,7.627391897325034,99016,0
ok,73.03995393137016,294.35946208559443,0.626889498315765,2.19210549958764,17969,1
ok,73.04193778530777,234.9141724614764,0.3363215958617377,0.50774431884583,422494,2
ok,73.21496115776122,101.81535314557821,0.1798623607612695,1.3005708581609685,989047,3
ok,73.38431953750779,101.65097988568773,0.31285414537535283,3.563639015072602,227045,4
ok,73.4488448719253,267.4553286095763,0.5431720542480503,4.432153273027345,764898,5
ok,73.4544512620666,157.09852823039407,0.39648470575754535,1.4839830744350602,596920,6
ok,73.9352215421989,172.34988219379136,0.703072901534147,2.564916752352135,635902,7
ok,74.02948662585722,46.396206033659325,0.7210484337721326,4.412923346668652,404525,8
ok,74.0655571420558,328.6976014422421,0.3185534418122661,4.275722315484593,949300,9
ok,74.40707120603604,154.17018749869823,0.37666556496729325,1.4546839110998722,225967,0
ok,74.46155151164632,110.93566899542535,0.6280610865068654,8.231720646713235,927653,1
ok,74.49862356328582,207.94860238275967,0.758752854595552,1.3948450705208761,105337,2
ok,74.50089774000446,205.24097416630514,0.4113965226510237,1.424777170242523,408928,3
ok,74.60791862025766,77.43721781378156,0.7969827326411953,2.571254162409222,855240,4
ok,74.68842144063025,36.36535960473509,0.2818859054497098,1.958853231972004,584815,5
ok,74.70293798717383,206.76531446180212,0.6956584215241365,5.765525532284647,804258,6
ok,74.71143032665864,245.96988797551577,0.5151014935782171,4.640092230666756,840530,7
ok,75.00762957829454,60.627382699294174,0.6082409240357667,7.744471771278723,209230,8
ok,75.15238130313753,269.15756996944305,0.12028662892473485,1.2409412801607107,287739,9
ok,75.32193278347047,61.14184577122904,0.5633978463331001,2.4468759661883426,780398,0
ok,75.34751120633453,188.91713361105815,0.6076831330476778,6.002886043742738,966144,1
ok,75.42478793553178,155.6099787672881,0.483209476880257,1.7223860579891506,614704,2
ok,75.68787842337709,10.0,0.4260155261024693,15.88051500091504,608407,3
ok,75.78076957300209,270.45290838536715,0.6847368410057381,3.77731611719883,200796,4
ok,75.79295843457547,253.27092198528084,0.3880824460125146,0.6971466138788923,513596,5
ok,76.24913384697538,243.98165807211387,0.7019548396793303,31.786045772405032,843253,6
ok,76.4495642248384,258.70391152842694,0.4099714046065242,6.3676641136749215,641650,7
ok,76.69630628695461,170.3411011934049,0.09406659947318852,6.875730098082363,144570,8
ok,76.76219327898698,214.7735432423108,0.32768762967846665,9.043971215941422,8896,9
ok,76.7632876641518,257.32683503694085,0.3263774227699183,1.4761865771263427,642067,0
ok,77.35771669405091,200.73042497622458,0.3912595107078016,0.45739179011831355,711664,1
ok,77.74502087794974,152.31333078917558,0.6538779685909225,3.5667453890854226,455499,2
ok,78.02185824495639,193.75971936639303,0.35643615765806946,2.7424896925715587,505472,3
ok,78.02380830654455,296.16805586912903,0.48649394573236965,4.640962720620348,266014,4
ok,78.06842471260701,67.82114971002977,0.25776641981443316,3.5949497282442913,538382,5
ok,78.21624493466504,178.05611061879003,0.39237451546246493,8.706280729850754,593593,6
ok,78.43316460696813,160.20184279617902,0.7516043652446114,2.671908768154382,181998,7
ok,78.44754966488473,155.7750836660823,0.6849921289955517,6.860708028365324,489776,8
ok,78.5395771976241,174.29522528371584,0.6539484608946056,4.046725302167817,747334,9
ok,78.62174054956654,428.3538353632073,0.6398328435253776,1.137993905233671,214955,0
ok,78.76133401194878,143.81486374126237,0.6644856696087327,5.819577002730066,797084,1
ok,78.96027654518166,54.9231589127765,0.7830093385516805,2.157403810323513,76362,2
ok,79.2057495868697,78.32041662588131,0.5481943559546457,5.761855185190889,367250,3
ok,79.24304925354075,216.7364233790087,0.29743581790772977,2.911180894025831,3184,4
ok,79.26592720577572,211.28028152614954,0.18753522328849404,1.5715107258521828,949671,5
ok,79.49426961720133,10.0,0.30012491915306516,12.003261013536017,509003,6
ok,79.633794969206,54.03378616336133,0.5959484696207298,0.6907614687462178,559065,7
ok,79.63463179360755,126.38599895144728,0.3288447431721041,8.346492517505828,877858,8
ok,79.65903360781462,304.9625585489913,0.6531254898760571,7.643306003437801,701589,9
ok,79.69033319325095,283.01381888546354,0.1065170375118501,20.070199592371765,690384,0
ok,79.81965466991223,208.20115892955064,0.45984941519555367,2.4742114725330917,68623,1
ok,79.92193209268,234.42995996966684,0.5775197151225604,0.10072506620957129,791328,2
ok,79.96081925266121,234.29455454990685,0.5221806004579358,3.6123955364931932,620297,3
ok,80.01488504544439,278.0820724301017,0.09777558172826212,6.877166212591357,508559,4
ok,80.1407624446612,184.9647130114597,0.8890494430492318,3.021417637151949,969864,5
ok,80.27952194600017,124.06052450057771,0.5439045671971027,3.141275884816217,707581,6
ok,80.33195687846676,270.3405715054252,0.6158778712674456,1.747638810122976,967048,7
ok,80.45870949120464,197.78865167277957,0.3541392015307194,0.48889256010703785,351158,8
ok,80.49334059939429,43.36911234901817,0.7693625091981529,2.1974946132930238,481616,9
ok,80.65069295531617,243.65209754984323,0.6691190180691599,4.805828246021414,279912,0
rej,80.65959376182512,224.27903623516826,0.4720517658689616,1.6801540584343986,920148,1
ok,80.75781809729692,177.11286950039573,0.5686641029001053,7.863796059626138,527329,2
ok,80.7923850853984,256.7482968417088,0.6719392211967337,0.23278998359904096,482681,3
ok,80.90186408695922,145.87608028040984,0.4782223110408056,5.966216760488559,28865,4
ok,81.02869332373423,232.8998044810644,0.5014679141850185,5.339214820259981,83685,5
ok,81.76570589660852,151.24674798593963,0.38896127950703613,0.9461237751836432,643284,6
ok,81.81019218610776,215.16549074486295,0.2909255387970242,2.5236710061088905,790584,7
ok,81.82168859650565,10.0,0.5536986303141885,9.028800652899827,364523,8
rej,81.8999274073366,245.60505325276318,0.48339812897893053,20.277360616508524,182137,9
ok,81.92745624213416,249.3205910954661,0.7341387486333463,0.3867913888448228,796523,0
ok,81.94501910570723,198.10755028987492,0.39772048868844767,3.3239291884173006,786700,1
ok,82.31307073848814,178.1589278951432,0.13955341999154902,9.65591848629611,984107,2
ok,82.45233921564804,159.6998933612856,0.5318567291183163,4.438841396115574,822477,3
ok,82.52181697392732,209.84547025237583,0.3049002889831409,1.1495273882379005,424139,4
ok,82.5608300064313,152.26077703238545,0.6731816870790566,6.843350390144049,267693,5
ok,83.0217984515309,180.93054637727434,0.5133547035452258,1.141681474085767,707781,6
ok,83.10203614148396,289.3446576194608,0.3118250170861645,5.665522645117358,655498,7
ok,83.15735552904152,136.61722852129253,0.6539642331983703,3.726766663061083,825672,8
ok,83.2469070475747,179.76282061451445,0.5163792572935121,7.404616834557648,873922,9
ok,83.33752218305101,238.62125345529887,0.7240027085065105,1.5116067330982248,905994,0
ok,83.42915525080498,99.21166588001994,0.6458864182330363,3.921168641738659,754517,1
ok,83.6913949951608,74.97723555642665,0.39573132881957657,12.906338521504628,141421,2
ok,83.82744041583513,285.3926110800891,0.465250030651877,0.8614813253513667,56706,3
ok,83.8289389571594,127.59138207308622,0.6934490668321551,2.788443619320403,170467,4
ok,83.8435906676638,164.39464957916476,0.5690936759367156,1.8786805459355913,523745,5
ok,83.88171294610586,106.79837251051563,0.2981897626446814,6.221574923395348,400203,6
ok,83.99171731107988,225.93763052275565,0.36646225245248465,10.84815236144683,487227,7
ok,83.99913048336087,173.30841247354562,0.45421451619543685,1.9061614266012896,708499,8
ok,84.00346182341814,278.3206532733121,0.5328528989992403,2.5243157383928367,309139,9
ok,84.31330572416017,56.45482719346953,0.43537120440414806,0.5795490464697008,163418,0
ok,84.84389807440172,41.97250390756392,0.5355430184290098,1.6820517784033555,10905,1
ok,84.93890806552103,119.25655824632024,0.6904028999417184,2.771071829903353,296385,2
ok,85.14209657856695,107.23087896354757,0.3131916956887981,0.23755386982365542,584498,3
ok,85.19590192589382,108.29676152920739,0.6472389851366831,17.23179936614739,490096,4
ok,85.57164670859667,394.99488266813836,0.5832533543921432,12.820824260023223,1908,5
ok,86.0537375688175,341.621198151033,0.5221933483051342,0.5845106439084182,384260,6
ok,86.10241039344297,225.50263242579132,0.661210137308311,6.097665103945643,35669,7
ok,86.13001872880018,271.36532554741035,0.7201651331714676,13.141152505883749,564133,8
ok,86.25774819659999,439.67226003650546,0.38947099232386584,5.685918931897631,891325,9
ok,86.47217513416639,249.60986969567512,0.773972903268549,8.660142803474656,400901,0
ok,86.53119216308681,109.03574764957702,0.5542352728539377,0.5460113784305444,591718,1
ok,86.84067534554751,174.7683509539675,0.2134433860900104,1.4526594029789541,464309,2
ok,86.86681009163524,147.2618067713516,0.4310096022633081,0.7297579133215328,214344,3
ok,87.00062858966271,246.36975541610212,0.313056208192639,0.9113537275802683,912778,4
ok,87.10220556218844,183.0715190258074,0.3442920016555603,2.675344901832482,709275,5
ok,87.16760008686242,202.7627603880435,0.595635951322985,4.88558028461521,323412,6
ok,87.16972439058824,264.3340575021645,0.2895911451364662,0.1,522482,7
ok,87.34660084589802,245.61197015966954,0.42893410112785335,1.5488542787238204,680594,8
ok,87.53862010266091,171.20828637233677,0.4811210403657855,0.6358958785678037,139863,9
ok,87.55337017675424,153.99384524577744,0.6220216065182202,9.248208640550644,507286,0
ok,87.63485328415277,174.71917017866463,0.46542013387010756,10.68268970860104,723127,1
ok,87.64720050103104,159.88698386882936,0.3428155803491524,7.617101826996274,564730,2
ok,87.81518765057847,132.39283812269866,0.6998274819056812,4.233611827446239,745650,3
ok,87.82600236185934,246.7473836954078,0.46574831480782997,1.2596683787798484,959135,4
ok,87.91794455528002,189.70984443302848,0.5020245533991747,0.7900544749910703,317412,5
ok,88.1864939316926,56.588675595186004,0.6639657447096087,2.456056471539574,80440,6
ok,88.19914282186633,236.1299252902844,0.579373978920844,2.538597742710577,270514,7
ok,88.27443735217588,240.9743603384789,0.3739154826615143,6.0525227472489735,864415,8
ok,88.28868100775968,251.01236316311324,0.8937431549515521,5.568254815609043,328286,9
ok,88.49742889811883,114.4672458189959,0.640684569949038,1.9819248424634697,318944,0
ok,88.63802448315762,98.04881524858177,0.3914053305721392,4.553246596777363,349917,1
ok,88.93479530422644,167.15347914152508,0.40542170792159127,17.055377977555867,677703,2
ok,89.02502516589249,196.3470141198277,0.5939614141841495,0.9588092423593721,994471,3
ok,89.2626167231431,236.90348261827288,0.6993178551837579,4.526274439630321,834499,4
ok,89.65188541575309,117.87538664367084,0.6308766750267597,0.2745879167905451,327336,5
ok,89.7542891635979,240.14117648920958,0.5627554782918144,4.682209595702179,685149,6
ok,89.80415951770429,183.87186784908275,0.6377010657333233,8.898497837785563,673993,7
ok,90.34618609424285,146.56986184110843,0.29381591212440483,4.882319368616152,412055,8
ok,90.47419547905913,282.6898173370786,0.7065347018159379,1.5685529740771962,543251,9
ok,90.66825010253442,95.63885888664362,0.1682894071794186,0.1,881542,0
ok,91.14920872247932,10.0,0.01,0.9385830628911997,965210,1
ok,91.4138543416316,145.60007191794776,0.4300518401870097,0.5556908983146134,97463,2
ok,91.61050704190713,199.54012190968564,0.2325955312672428,4.761381713997671,533158,3
ok,91.89653659814942,194.30199868425345,0.4739531078141371,5.732159559367914,664078,4
ok,91.96101297513954,147.1882876307917,0.6499026317292632,1.270524894601444,220843,5
ok,92.16757682313447,231.7254995417012,0.4410440089006435,4.530144409896433,410125,6
ok,92.20037700404197,227.46043076880903,0.5644822774664681,2.7189008452722163,625152,7
ok,92.3169658038547,90.1523627951735,0.6864818058454148,6.847610142867032,556233,8
ok,92.42029945027451,154.2237475289414,0.47483565971062514,0.1,889353,9
ok,92.43139339482403,261.84265634067293,0.4917921568830261,3.124130988469126,892276,0
ok,92.45354627676593,270.97247667200713,0.4583574970118375,2.5815682725115625,156802,1
ok,92.51445002484421,329.7236864816399,1.0133325795288908,13.769832728365351,836621,2
ok,92.57836593669396,147.7766826030076,0.5154836558784209,2.4607490205004297,529185,3
ok,92.59799008455154,106.73600664860274,0.44171656715732527,2.257875231374001,659386,4
ok,92.69556172560206,156.965344241198,0.5017457534286471,4.715115705571808,93467,5
ok,92.78223165460496,284.5922818499206,0.5114405365515206,2.6161388909396983,323044,6
ok,92.78231093561827,170.8861934309692,0.1918031585316311,0.5749255646888982,42961,7
ok,92.89865783284367,135.30481185491408,0.34712162215683406,1.33521547185567,244227,8
ok,93.09956523194847,108.2692649190491,0.2844551391075475,0.36362432529834066,995708,9
ok,93.27214529630524,229.30588647023632,0.5172575446543267,0.599136614242075,479763,0
ok,93.36766039961452,331.86678309528156,0.35348320230999836,5.857811346967068,588568,1
ok,93.39377791283515,274.91330829200604,0.6969093461091678,12.31818376308726,243384,2
ok,93.42182020869724,171.82764717482192,0.6886498081125249,3.3016680889634307,548019,3
ok,93.6784653807443,312.33539479770957,0.7754564140805867,4.526531257399799,290965,4
ok,93.7514932194939,153.54125997142347,0.7011272979556837,10.323844308717668,64246,5
ok,94.54455971927263,198.68844919099092,0.47518781213832567,8.222086843224421,117349,6
ok,94.60904031320274,226.44844074556377,0.5211667801048093,0.9220587301775909,117404,7
ok,94.80286274267742,176.80486664176973,0.5628124510451952,1.158287470415451,708184,8
ok,95.1778586579,116.11674263551004,0.43108909738771745,2.255590923389067,858381,9
ok,95.34003114793923,260.6851400977223,0.20811483767829725,3.2676288882113407,825636,0
ok,95.43355744896138,235.3407247364874,0.4023159369395115,3.0614278379333184,397634,1
ok,95.62669521744974,331.0262706331787,0.22943667682101437,11.599779937172947,898207,2
ok,95.8358300274423,323.97775576270607,0.6163118287161549,3.4166138769601413,382314,3
ok,95.8945847237532,166.17976839968273,0.4736148801169561,14.477480155168656,224098,4
ok,96.0171881207959,214.9471135338058,0.6382804028377187,1.3737283221582675,333857,5
ok,96.08641692457839,10.0,0.5190117324783968,6.524624390759566,373379,6
ok,96.11008092419397,161.4192288893685,0.2281811309305941,1.8565503994934396,81144,7
ok,96.50440066330054,151.72182634880735,0.33476134552771286,7.405063178730651,350972,8
ok,96.55254657914325,118.6427316996314,0.5040402345375304,7.43404908542823,479597,9
ok,96.55331158016646,119.69249481382107,0.4999938505977663,1.2861683365150807,380318,0
ok,96.6940780603323,262.2234417040132,0.5690922178662935,1.3124800326394601,174584,1
ok,96.70211519500029,170.82848087851062,0.39486375839981314,1.5502857355639377,521754,2
ok,96.91607708245306,178.3336746075483,0.05253328329800605,2.963164360312323,463479,3
ok,97.16009730480698,175.4357089609449,0.5453204637435476,3.189022921591025,911637,4
ok,97.42320905526869,294.2261450135146,0.8140076111301981,9.29730428398364,306170,5
ok,97.6681516728445,196.2338398036474,0.20273399389808683,10.786075939587827,483458,6
ok,97.69443687697844,126.0039984167694,0.5017397796362464,8.575150303536539,938027,7
ok,97.78201350381711,209.3989647905983,0.761176325190742,2.20672037380309,140361,8
ok,97.85706061532633,110.41834844642666,1.1258026438215671,6.94759804478526,966517,9
ok,97.88903961379982,97.64086506340733,0.7646158049785026,15.7034530363753,753386,0
ok,97.917434764018,125.39480272708758,0.5386177039644814,18.01058748549153,463466,1
ok,97.96804430974667,293.0316265879202,0.07671355361580062,5.451091478022279,670690,2
ok,98.0364283566128,193.2420857179816,0.5540718243920241,1.0047688308431995,226391,3
ok,98.38673595207216,172.96546992905564,0.36886229283606486,3.7397489629991476,974800,4
ok,98.60932260014172,187.14199922517486,0.68914251259108,2.637990790436937,286297,5
ok,98.76347709166406,343.75527274557135,0.3948861506820527,8.692103847888346,342073,6
ok,98.93543460683746,180.7733513928487,0.6096315760396726,3.707708262594567,166707,7
ok,99.06812923665316,266.06855205154585,0.7192477514763866,5.8800421191239245,104390,8
ok,99.07357355024948,227.0204253018218,0.5491132477135294,5.561476757790313,930839,9
ok,99.24141988299081,278.9887373944595,0.10883420412404415,9.45319040832609,249395,0
ok,99.56727861260951,224.20976842647855,0.4233584602944297,0.7046474248010985,491666,1
ok,99.64440734873193,197.76722589578802,0.10549054917939071,4.168765504088094,198753,2
ok,99.73601983925397,148.86469235878576,0.3077661885581108,4.115035599167424,788872,3
ok,99.75742408502936,243.0187687530588,0.35068529319145847,3.0101603881574235,711428,4
ok,100.46606746609015,275.7345068448428,0.23695236554704469,3.4722426355014377,887323,5
ok,100.50273950450661,182.67817698305046,0.4044371765164938,3.0553414945740176,391945,6
ok,100.60279935707743,96.25310393160316,0.46678861687199014,9.012862355114175,194337,7
ok,100.7076150862561,149.1439104773747,0.9570895615535755,7.785427814445649,373395,8
ok,100.928954113724,188.537239817178,0.4964732014285414,2.3151465931900743,147057,9
ok,100.98911450882675,357.45692279226927,0.31107934694534034,13.723421152361706,833720,0
ok,100.9948589781166,63.08885244946882,0.417738948484657,4.978426382669964,141957,1
ok,101.17264197387475,201.01583189046198,0.5209282518436251,0.45631370597324905,244498,2
ok,101.249008657536,186.88495351442933,0.3842425536483056,1.75112814631821,281684,3
ok,101.28456867500462,241.02001453730776,0.7220348289007876,5.240783719087848,847811,4
ok,101.32842405975214,255.03364865712405,0.41448399729732655,10.042542861659069,577345,5
ok,101.49984319469932,210.55902901774326,0.42153613707356213,2.5606087043437964,663650,6
ok,101.51583268556782,314.56101222088216,0.2839317418389027,2.471048096687833,396368,7
ok,101.55511917949464,206.45472430184043,0.7308082124906212,4.348876625716291,419703,8
ok,101.76446800767404,198.41179965727943,0.5540726345769584,14.64900209755772,847766,9
ok,101.84086294345865,193.4324727781907,0.2759216759963895,2.0116146185924837,863522,0
ok,101.91686477733182,167.04725142308322,0.9834238635956752,4.709479294641877,785820,1
ok,102.03048751558866,138.29736828884694,0.31242767398772814,0.23436143189399034,358878,2
ok,102.27255390799662,63.835195177377415,0.595386091205058,4.213737861261787,294381,3
ok,102.56106644250309,273.88617760640255,0.32267942659540855,2.945534454909533,921259,4
ok,102.63149490697577,175.71984305002874,0.5265210399104868,3.192253551638207,755047,5
ok,102.7677678332299,134.9850715080368,0.8708629072527925,2.3788494577356567,970903,6
ok,102.81448099342086,165.75146509201602,0.5212451226025656,0.1,624004,7
ok,103.10436919170664,268.4220750882136,0.7389206198517145,2.9754397147162877,527020,8
ok,103.16701048239239,168.2242027100467,0.689179059426972,9.354568441287913,609073,9
ok,103.3577798150148,117.91484674467952,0.6945234378040199,3.4597030739605135,723499,0
ok,103.45381294108554,136.37257700476576,0.4378563000486998,0.32149482479517266,767678,1
ok,103.78246364225988,119.77222341425377,0.7313414939788538,3.280963139895891,994870,2
ok,103.86403775342616,153.9109159065669,0.23486844049297828,6.57034088382563,336054,3
ok,103.94451673178905,10.0,0.6727419840308595,2.283809103686318,778630,4
ok,103.97702480324722,68.22413352904272,0.788922845144812,2.707875994649751,418827,5
ok,104.34031919786293,98.14657971746135,0.2605350551638371,5.267370991281699,787487,6
ok,104.35924371881993,32.44991265757292,0.2576232150309059,5.54487391683219,748495,7
ok,104.47838124339022,182.39034341697243,0.5577399237174897,0.4115702598189299,911537,8
ok,104.5720901446473,91.360977637292,0.30903742974291104,4.765486677670305,738730,9
ok,104.6129942001481,248.5696065258795,0.31243995238597866,8.437496728087435,981017,0
ok,104.7323526715239,279.5829732447045,0.31414282191206166,1.9466991501751274,662851,1
rej,105.23968707156692,299.58595859794195,0.9448105970876499,1.2626440530056136,790137,2
ok,105.62716529264637,161.61290699439832,0.6136721054275381,3.118262597310917,751162,3
ok,105.77745907143733,210.05084247566467,0.5552403833165439,8.011644883790783,305771,4
ok,105.84055579621314,231.03618906119414,0.8484432725032818,4.051678594157041,557778,5
ok,105.98485297883204,209.23139488013453,0.7901281522659176,0.5271557929038537,652724,6
ok,106.05734136883395,64.7492738013799,0.9141693696514839,3.9218219073426046,667935,7
ok,106.13307065593763,176.59866757615777,0.5817686421919137,2.681783374975101,703235,8
ok,106.14430175905672,109.44384370318457,0.31590647523335064,8.43209351491658,76199,9
ok,106.54910970815664,202.5237278175932,0.22130331127435193,3.4674466308330705,385282,0
ok,106.73190998680339,34.74603554893494,0.340282743742785,4.0289400334573,323575,1
ok,106.77452241807578,89.5198927351284,0.27909598090030774,9.713861253156942,414373,2
ok,106.81374482129769,190.2478784665971,0.33909902362108957,7.64182267835424,507510,3
ok,107.0012170416593,216.39515925052243,0.2122575889439169,0.1890927292836364,183264,4
ok,107.18840860050123,139.07283994673924,0.646834528787127,4.391335365486692,270450,5
ok,107.42835447209909,199.8876692436643,0.4302111618468081,2.3953450583998572,945117,6
ok,107.504505995,220.79862642615032,0.526015481729537,2.677255365070772,371199,7
ok,107.68002321227716,10.0,0.3885247211952785,4.074942697440905,462143,8
ok,108.02400268355132,252.84791806228054,0.5505466081352559,2.415491056380861,499786,9
ok,108.13516586813955,151.62768286573336,0.39762415579223015,0.9279345787164652,91957,0
ok,108.25534884778396,246.98004245672186,0.5922182624323716,6.0880370735766975,936970,1
ok,108.29412573495043,197.096199440032,0.5597142939128765,6.0567534389435576,968375,2
ok,108.41194529548198,262.135994231522,0.5269344430261614,5.007295392307627,195507,3
ok,108.49397790759903,138.72344622866655,0.651243100546738,8.07151577097266,330174,4
ok,108.50728252176158,219.67136624545708,0.6587225325068916,5.207445825581779,397425,5
ok,108.51441393065835,88.59338235651506,0.7235360507998108,1.3840362278646434,133227,6
ok,108.52333904429217,89.07172702567884,0.7584643889218963,2.157726042910169,29391,7
ok,108.58185015539462,193.61907840528494,0.5047059794442262,4.4919019409984235,109334,8
ok,108.65752735694328,41.29482951356724,0.5572584350432673,6.696586615989078,367819,9
ok,108.75308634563262,205.15610061048767,0.6236205799315494,6.399657031705601,175201,0
ok,108.75730896957808,95.4830737876409,0.6274496671695036,1.6865074440978844,376622,1
ok,108.78345846979767,259.6765492309182,0.46848074827037534,0.39410113204568875,80779,2
ok,108.81391504903135,125.87315807671263,0.2947931274652055,1.3256112906386395,962219,3
ok,108.82687403372917,282.3204505550493,0.4454059531099168,8.154616247289297,921072,4
ok,108.90701214269235,134.47272089213192,0.3104943915829884,1.662116137240273,926096,5
ok,108.91666948394617,269.93202056136204,0.6257015018401639,15.051779323710658,767904,6
ok,109.07191961328914,206.96473285607627,0.47131793189627363,5.901484850148262,798554,7
ok,109.18981816782237,194.5615714332769,0.2630078593224363,3.392826849885173,683415,8
ok,109.26977600410243,289.46243106195965,0.2942936334670846,9.411805057594092,457627,9
ok,109.4593699717104,189.1120921277627,0.7855411883017231,2.566386946563446,8793,0
ok,109.53308362136961,226.74968081083873,0.3719959362160332,5.780786655570155,569047,1
ok,109.61691655232775,271.2697176344772,0.6626682966432385,1.0014510484911119,335955,2
ok,109.79006318372468,387.05966639756986,0.5796290055913312,2.9453803215746843,248271,3
ok,110.14599641923849,242.25388855566717,0.7712178782371353,5.584421066752209,865149,4
ok,110.18936896484131,201.96807494510406,0.5204309360272079,2.084563829976843,874019,5
ok,110.45187924032187,181.39088672595523,0.4246796897762733,7.035282397027109,623530,6
ok,110.56549884281533,135.9021064107519,0.7190944380348085,17.25943762932364,408851,7
ok,110.669767228559,194.16306310367224,0.5576390163875511,8.866322569472455,567434,8
ok,111.0999664219486,99.63555859180998,0.0956367971983354,1.545139795352354,298480,9
ok,111.25422437216055,66.96683222549328,0.5074053234259556,7.384753801677122,491674,0
ok,111.31637146503242,121.46360313186213,0.5920040320509512,13.187010086987481,668788,1
ok,111.33872058998396,395.7858150741107,0.3961007482405095,12.171927978821554,944452,2
ok,111.40218791196409,267.3000767755053,0.3935628213992919,2.9077279604247197,157893,3
ok,111.49225076566522,186.02903177909587,0.62102918234962,5.962273252758875,377300,4
ok,111.5458785367317,166.28646958037325,0.3673053145221511,0.9170330428907575,331717,5
ok,111.77596182718933,216.5203702137151,0.4876384695786737,12.777826457632795,211947,6
ok,111.86750031231168,217.41684075103157,0.43742367959460643,4.774221550142352,971167,7
ok,112.01866872011755,185.5348020419533,0.8048933091339648,14.349385395174854,522664,8
ok,112.03156452937381,185.7957383751113,0.1905468985397903,4.166682067700307,99662,9
ok,112.04885167456233,249.0925046908887,0.6755214038995057,3.78541642473841,149107,0
ok,112.12893725156874,449.1216330961872,0.051110476521144754,1.2626692481159405,821957,1
ok,112.19293839738664,232.15996166942352,0.346694863746571,2.1931638694354385,214271,2
ok,112.26419716097509,234.09607274509193,0.43376729044852413,0.2372472162286192,347426,3
ok,112.35436668214642,301.231338771474,0.660411883920517,2.6266282594762043,263171,4
ok,112.48460890963042,189.8949680583719,0.1619742692520325,0.36845459778911027,148234,5
ok,112.49727626905006,255.31572307662822,0.5366994034030917,0.7592497807377983,440818,6
ok,112.55831978850274,167.18969189156456,0.2117936705903854,4.6734328944159635,377919,7
ok,112.67941374984748,193.73467185079915,0.5649830774906173,4.584355199622311,262328,8
ok,112.71749785120855,179.38605407783015,0.15688262085519578,2.821526894296675,93471,9
ok,112.89952133818801,172.16661564264697,0.6039243220288636,3.1203110005460184,359336,0
ok,113.16053350558846,278.61200879382244,0.5779850471134881,1.3746536195642207,196624,1
ok,113.32398646772494,143.10628099311475,0.3712173506856425,2.1186719246567636,258454,2
ok,113.48293821625164,233.3725488831945,0.2927874161148276,2.935741001423582,741696,3
rej,113.49646872568555,138.62901975897364,0.4832877239705776,8.816106161903512,251750,4
ok,113.53474388301154,212.6886528787873,0.46387760090501146,13.363869578941008,763401,5
ok,113.70577066770686,199.6465921091033,0.46021996174275154,1.1530415015246152,640265,6
ok,113.7185091216076,127.36279172780505,0.4551556334463909,0.46100392871026735,49128,7
ok,113.72532198538775,154.59486962954617,0.7904635230360952,8.14200243394719,352801,8
ok,113.73139544745581,155.8371369770315,0.4982797817864809,11.345344124986847,985762,9
ok,113.76537874799592,286.7361850153306,0.5887544000379632,1.6671141652716877,390897,0
ok,113.91641499468224,324.7453337889917,0.9626057761487027,0.1,679450,1
ok,114.17233022462395,125.25510097197026,0.46828949233120537,2.501579123998883,805114,2
ok,114.22640379437101,211.60352499505683,0.7560853881603462,5.737177913658503,641153,3
ok,114.29062535894342,352.0134579788794,0.44068721249199705,2.2223533180201285,64684,4
ok,114.65339627935987,124.88412379951163,0.2693092899899753,0.9752365614228005,904183,5
ok,114.85591178895021,202.9607520371564,0.5038951511070454,3.376445507302732,151039,6
ok,114.90422765166768,131.81893487732407,0.5188977491392431,2.8177023911183605,186094,7
ok,115.06178615004835,234.2274449631153,0.7745069969894798,1.9020756033298516,892153,8
ok,115.34634270489869,268.28340633871557,0.24400305713818454,5.2261154303048905,66124,9
ok,115.47388883899603,335.1011968651227,0.5693670116142278,11.75314652001026,450654,0
ok,115.48106061890803,175.36413022154494,0.7991585675606029,2.8536370916476246,465150,1
ok,115.64429430332794,190.30115570868026,0.4778334618638746,5.875147729838081,816634,2
ok,115.81581521603576,210.61442852008798,0.4646596101389806,3.6582125623634894,285120,3
ok,115.89758839777393,245.76702454238762,0.5895386379836327,5.136710896091818,139244,4
ok,116.0604202897932,315.67318324843814,0.01,5.666978950370421,336569,5
ok,116.24678963722758,166.96308795162753,0.4636260367566719,0.1,548394,6
ok,116.26920622961441,232.26477481821163,0.4173364338160052,4.186107590227461,604809,7
ok,116.39177148236672,290.87579340166667,0.5004872939886197,0.1,886438,8
ok,116.45475161434699,153.09195382195463,0.47044850687432643,0.1,122069,9
ok,116.51227135502312,159.36156849487242,0.3741310943168364,6.981295497406075,354462,0
ok,116.5310009432769,201.8893774733957,0.9032978240972908,2.8412403949315195,679685,1
ok,116.59058430413991,133.65723840964097,0.6162639552879556,1.5537770816378347,805493,2
ok,116.60559461325599,101.31901894193177,0.38093514777768184,1.1201634387533594,745108,3
ok,116.62542560999334,157.75043526689817,0.7147763435804804,3.043430680585778,640025,4
ok,116.73588979664208,233.65275996765249,0.13377560267150002,0.26293629897068305,413740,5
ok,116.7832411035368,272.5280284795747,0.5370057125926953,17.540866062872446,238818,6
ok,116.84159191279385,250.4995116915897,0.49648575071846085,2.851025187623332,56770,7
rej,116.92177794728282,272.7936199780994,0.8501065123810345,0.9554939346790914,411359,8
ok,117.26160551213233,213.81091078374854,0.45850407661953924,3.3684283555515893,803812,9
ok,117.66108097760626,337.7684655739646,0.2880063438794278,19.037911888160252,496808,0
ok,117.743790785586,315.33631846733897,0.20410660268012287,8.813784334075937,513635,1
ok,117.83953371593877,197.06320104983809,0.6177565148284687,7.1918220992515645,649577,2
ok,117.87633323607763,241.17809230578308,0.7381303696291825,7.904790754019989,913698,3
ok,118.03951988826059,388.94156521058875,0.3762198128299906,10.29472011315756,332229,4
ok,118.14100179572758,211.2179659895402,0.6067096687865554,0.3950613968768045,571087,5
ok,118.19954325771309,169.81286390279283,0.5372071833713699,15.969774237589487,878328,6
ok,118.45053559589137,136.5969932042984,0.22691419563588822,1.1971227363916628,651722,7
ok,118.46299027107491,240.85346767527813,0.43894505501531944,2.7940539211357622,626561,8
ok,118.49382033778687,275.02967181311095,0.40159915358103926,2.5802445480535194,94945,9
ok,118.52628530357828,116.4748092981368,0.35113878137592225,12.418892162786182,616563,0
ok,118.60548062022961,333.3134792386827,0.6516250306097051,1.889818088884109,535222,1
ok,118.69026714308654,206.01140999495462,0.3026071265888259,4.254425208288731,564748,2
ok,118.7612453681815,212.46705987643352,0.2117716892672723,8.948673643520111,696964,3
ok,118.84961166325161,77.2910553158004,0.40603597636308836,8.407282927217368,519789,4
ok,119.2055943709638,154.77969758885519,0.4025574520058321,6.756808225342113,420788,5
ok,119.28535779966126,10.0,0.5331955421887451,2.3476826767867056,881633,6
ok,119.3450160628732,168.55529646665647,0.5460664210853511,0.24098951653954373,725141,7
ok,119.40472893094591,137.1406552659013,0.45535495657902203,1.4315021163683541,476657,8
ok,119.4407652525006,59.524221123431374,0.5282956893749798,2.157467021298162,177631,9
ok,119.52588273686727,87.90881801439784,0.2111600144889636,5.0048880573053065,431792,0
ok,119.5312224203079,200.77904179808255,0.39551445395666035,1.4009512423310104,404746,1
ok,119.53459642595058,83.1352691736322,0.08973268539959989,2.294239720096912,550257,2
ok,119.5723016076351,234.7256690033867,0.8848918872535834,8.78030407824014,474633,3
ok,119.65105495980801,113.17346893276368,0.6508832823814471,9.393507398576585,48399,4
ok,119.75317181410863,144.66724846367453,0.43331166152994793,2.1996767713605823,921542,5
ok,119.75856590707009,262.80851186314857,0.5203479779692664,1.438357160008824,113512,6
ok,119.82344829747854,199.3103035848553,0.5737489532686924,3.8032805774910723,473255,7
ok,119.90988089836983,120.73031371538252,0.6164941991275739,3.3632444201744605,620064,8
ok,120.14178413323361,268.0570437036418,0.48732131298045583,9.267318941535919,134438,9
ok,120.27795990319053,293.7207720645646,0.5603028325693433,5.4345953473340645,124206,0
ok,120.32080202497092,138.30916216940346,0.40082511843137136,7.621804998481324,982918,1
ok,120.36478706132533,186.4063729147947,0.5449365146935177,34.319656930980436,966060,2
ok,120.56178361130405,280.96375172706513,0.28868900865314107,2.0294053332997515,712747,3
ok,120.64976171330228,127.52257323978397,0.18086088775812015,11.102500045579317,524292,4
ok,120.74935394600354,168.6908216823748,0.5609852640845884,1.230412058074068,959541,5
rej,120.91271014950793,145.43290067438647,0.850525057873161,1.191352163401331,183599,6
ok,120.9168045010345,265.51315027575487,0.40076901034202994,10.34688705244967,81093,7
ok,120.99715687569169,234.18249493456887,0.4329179866559977,2.3585023236079623,411689,8
ok,121.21947616193805,179.18975382280962,0.4145861584556403,4.651800446758956,320665,9
ok,121.22441186739981,163.2222712962781,0.6437864628901072,1.5447411862081566,479925,0
ok,121.26653254730843,194.2291194635242,0.017203414413680784,0.4685019185445602,836687,1
ok,121.29695201546886,273.69173363055205,0.7175432110332582,4.048316609571655,741689,2
ok,121.34952188884061,240.10435685276616,0.1787327906562619,0.7823722288402684,9275,3
ok,121.40708096927366,246.43526783633803,0.8502724785783058,18.01833715879878,265233,4
ok,121.42679935364913,137.5668782193785,0.45833424979382675,6.298449309445239,111107,5
ok,121.46224993803511,123.16039329550782,0.3639183193310537,0.6667576975172236,701177,6
ok,121.48318157305081,159.61531082253995,0.5821268353448872,5.348267446427172,367673,7
ok,122.07212656624307,289.8392702188253,0.6720520597247753,6.0450113470724,231304,8
ok,122.20484017791676,82.23256763209362,0.9992240797073055,4.088511544022342,181548,9
ok,122.31280047543058,208.61922221328444,0.29277646266475416,1.0045290941295029,26151,0
ok,122.363372457213,176.8346875135269,0.7062574812532072,1.8061459412569436,153994,1
ok,122.38814987352201,86.5407455761755,0.6100290042409539,3.1757377168857004,448061,2
ok,122.54267377309252,105.05339780078386,0.018502808947364224,0.434635758814659,702298,3
ok,122.57896696930405,154.7929253306059,0.43574817688975886,0.1,96388,4
ok,122.6307067401394,153.73303186121703,0.6191539307407583,4.948702504783721,352333,5
ok,122.72187422559796,306.2188711141451,0.4815992934792245,0.4535003532359718,859543,6
ok,122.75218173669072,316.80319059758614,0.572346129371742,9.616356646370225,680904,7
ok,122.75870720946399,253.08929248801712,0.5698289246569105,7.068353223831626,488036,8
ok,122.98916799189851,206.5546430815154,0.2700835126203287,0.1,52184,9
ok,123.2247661652676,222.96116017039506,0.35743252546180726,0.38849575592095836,899912,0
ok,123.28683857065889,187.383713263525,0.8508951207583854,3.103747231405599,942376,1
ok,123.33401256792244,277.15457079341945,0.7415602516566759,5.912530783674396,497912,2
ok,123.36625907728951,85.97269347270883,0.7567668400898411,2.027434876079835,253258,3
ok,123.43423661632127,224.71681365820527,0.38490551349696567,8.340747252196657,67759,4
ok,123.4800605871857,212.17947920505966,0.9480155533566561,10.08262535366104,504851,5
ok,123.69941340439533,306.4517154949143,0.3701659511110114,1.9461562475295826,146273,6
ok,124.25943367114061,274.5985158466856,0.7108071271424544,1.4778859839720584,585909,7
ok,124.31573438027948,107.36164781225679,0.5016142608802096,1.0765088418441275,31848,8
ok,124.3438931279428,174.02277070642546,0.20249578349908148,0.33142306318611564,145367,9
ok,124.42114915310944,234.224034490463,0.4362053541583376,4.967166264459681,729549,0
ok,124.4596255024325,236.68690423781138,0.38365901126015073,4.069555667086567,526551,1
ok,124.65159732951122,61.1200177460785,0.7254002943483797,1.9896304186511764,568490,2
ok,124.71018023372913,216.47401873993942,0.5060793650254783,5.945843658758314,63238,3
ok,124.87851325958177,111.12237926925941,0.5451881681276078,0.897959704229213,50692,4
ok,124.91486735291762,178.82818402509918,0.619691207757999,0.9118722362034603,209303,5
ok,125.1239116197999,141.2948986304708,0.6207797055806181,4.560669559048503,572685,6
ok,125.13950155327532,221.25740701096493,0.42944062559106977,9.228507815812392,963194,7
ok,125.30474280699282,231.21656683419005,0.3546944054406711,1.7801974507435891,6528,8
ok,125.33401069254853,147.40709991846305,0.6480100634575425,3.314029945185986,861980,9
ok,125.48412046046276,296.12492957306426,0.46126849549727256,4.891076731806497,853792,0
ok,125.50981679982353,278.1053192996626,0.8723930024548685,8.600953164556683,548284,1
ok,125.6563819025334,286.28573723506815,0.6339608362574705,0.3011209465038086,353985,2
ok,125.71484041384115,346.099916273364,0.4712555928764621,5.124265511562607,714967,3
ok,125.85925316918734,187.74327593829574,0.5174832487593392,1.0450133993178214,554146,4
ok,125.87620944730138,177.4929879133495,0.36197292602115316,2.4563364285006477,918031,5
ok,126.22091360206633,297.62384061985904,0.5965465038646778,0.6391858401674042,250069,6
ok,126.24630700001927,149.52858312036372,0.5484091481107715,3.696838831337104,146765,7
ok,126.2634987254645,214.66407540726738,0.48065082312778673,10.670569570375168,389568,8
ok,126.42118039868707,101.2145829246012,0.07896077835214582,2.2419068423294504,516007,9
ok,126.49335659948358,94.22719867461488,0.493078662690456,0.6981135092365396,1581,0
ok,126.5698735111615,197.17642567313263,0.41140139891857413,1.464828188490583,138164,1
ok,126.65588255618287,28.758887276779006,0.2355234796591526,0.8022304039143578,566371,2
ok,126.71011708146224,232.00714679384896,0.787409255131007,4.979869328342374,122180,3
ok,126.8395893174698,308.44409724211977,0.3903724930517229,0.16041904604818935,258683,4
ok,126.85496945282682,286.85761576078875,0.43177041018611795,7.993951041012655,113493,5
ok,126.86839884271497,243.74634497782583,0.34391097155601047,0.9967514331321498,489023,6
ok,126.88398490750558,283.4735983939507,0.6847799439803792,19.01149858451659,222073,7
ok,127.08048060059332,236.78818387525942,0.43290560816079576,0.78316767975595,836704,8
ok,127.21269762241482,190.63888176611292,0.5030621956507384,2.1352817596647355,55738,9
ok,127.2303120730481,410.40116586104637,0.6355120180326597,5.817391660919693,645960,0
ok,127.28574988500998,156.61199706155844,0.5655356233326803,4.7192322202872266,225671,1
ok,127.33128971753612,186.74981505047174,0.419366310902004,2.6458674141691323,656803,2
ok,127.34418922671432,220.56859632890547,0.38150400028987536,9.243993237387077,397548,3
ok,127.67090720555801,108.77576869073746,0.4993204373926888,7.214125421944316,353098,4
ok,127.87574197746514,163.6804577359958,0.5350163185867035,12.207487790788818,652935,5
ok,127.88519203630007,212.10280482951148,0.3382294573044313,10.003092993841836,679064,6
ok,127.9322726774243,155.88531095975668,0.6916752532032087,7.79851893535003,900313,7
ok,127.95330396579615,177.05214936703774,0.8171792080166103,1.0312682573519099,412968,8
ok,128.04139664943025,67.71441912492304,0.6167064167686312,0.2720086978174305,948106,9
ok,128.08747780812777,245.70540934647536,0.7108422316420544,3.7242443932107028,980384,0
ok,128.17476965079797,239.1241049140219,0.3414483777677448,5.942662391380299,752442,1
ok,128.3552028428825,160.79114370573743,0.31356814526873844,0.9122652185870188,549975,2
ok,128.40621424233268,254.83942513318345,0.46489483084325034,1.4079042412180294,531719,3
ok,128.50079038842532,295.755210740633,0.2138428312697776,2.3408146454992673,818883,4
ok,128.50286134603715,234.75855880948188,0.290973965862958,7.746327899186456,961530,5
ok,128.5313667199807,155.87530383947245,0.5043808333943676,3.7183200323060377,708232,6
ok,128.5538147857347,215.75806221786382,0.2933853986067986,2.461266307871339,170914,7
ok,128.58786298576481,161.72202804394774,0.6007580660745666,5.251992696162965,535792,8
ok,129.421432086941,147.07781748387652,0.22454570987978384,16.546218673200404,110567,9
ok,129.62597623813235,244.8204305647099,0.6795029974434386,35.38777402225646,873793,0
ok,129.71995984477707,10.0,0.5649927425491227,5.214789198479389,857534,1
ok,129.9909055493416,98.06980716675216,0.3305757254827436,9.315821914547968,158742,2
ok,130.057088381512,235.14753810622344,0.8906537405814687,0.5168836534315033,657595,3
ok,130.50622250787018,63.5513137204251,0.4408269691220611,10.569109671874571,220530,4
ok,130.67475365962034,87.82624203393439,0.317597550306053,6.35282755043365,181897,5
ok,130.70995072594366,165.94852793041653,0.5889330411957117,5.757432663459621,395627,6
ok,131.1978981042955,191.9773492277875,0.3341523868871227,8.891592916360008,211699,7
ok,131.5684534265737,161.03081413888796,0.2951287089736294,0.7871561446221067,311840,8
ok,131.6276078139815,216.77674860678454,0.7446020109297204,2.80539734237303,357185,9
ok,131.6361945509166,115.93926487150581,0.768243847170638,0.899007987782992,451792,0
ok,131.66674207399018,312.1431676776449,0.399197489666541,4.574751934432858,150704,1
ok,131.71848912994597,63.684831876088765,0.6760091732909794,3.058142838043418,448507,2
ok,131.77213764635724,256.63818449870325,0.22244711422607027,2.102700280408344,136736,3
ok,131.83977762856082,248.61023408631644,0.4307137400664057,1.964537623460906,417496,4
ok,132.03675877444064,144.01552713692234,0.5535155247026909,13.621432901099732,328927,5
ok,132.10758754630314,276.9520270281573,0.5731181910897625,5.965482420925957,836490,6
ok,132.12367771170867,292.2784478513244,0.6294911479759322,4.000454269401491,313834,7
ok,132.3424870275676,138.77095984332595,0.5291732413856383,10.491942097143143,850924,8
ok,132.36908859908732,166.7854536235161,0.3955625640249211,3.9259476011963375,104138,9
ok,132.372923757821,180.27258819437415,0.26850809933781317,10.89065375373961,589784,0
ok,132.5158142908719,237.94807650062003,0.8297623651886903,7.31611358516783,104812,1
ok,132.543905197655,301.6459332406696,0.6330966885828611,1.285590214326777,495745,2
ok,132.62099945867007,44.65301063092488,0.7650924253433402,3.779642260215371,285602,3
ok,132.79734440494724,171.60559194769007,0.6945294654986885,5.195396226643196,298277,4
rej,132.80376181104126,189.3823552194665,0.9968705846101833,2.620631975151734,553000,5
ok,132.81332379598976,170.74330909729906,0.29797388344052267,0.48238365272532474,802532,6
ok,132.81845747448963,285.93866718141265,0.5087374436920691,1.694528105000058,512670,7
ok,133.02820120602522,259.9959127117902,0.45332005429020744,3.856101769604438,293455,8
ok,133.03866440423747,296.0463428881618,0.6010836402213501,23.871961575554025,240231,9
ok,133.05303359667911,235.27065229717456,0.4985957702733613,0.3779593442215109,441107,0
ok,133.4510834046586,97.55831200937733,0.6129882681158776,0.5452594211147053,737242,1
ok,133.6399907104235,129.06352895787705,0.5778834652815923,2.44062339852329,144298,2
ok,133.75169907721047,191.1617477215103,0.5080925589787063,2.017314313965755,733013,3
ok,133.908596215707,202.2398423113334,0.8884880172605789,18.181291472252667,573605,4
ok,134.05694617726357,137.04833055320537,0.08475655546851835,3.804447393014305,690203,5
ok,134.34752184130866,206.29223586000978,0.557718997360065,6.165149061134439,109033,6
ok,134.3809889904847,90.2977923773071,0.36739113479293317,12.163777632798766,32102,7
ok,134.42113270362938,196.1447075093491,0.38326917768039537,3.2725431181057774,631196,8
ok,134.65751451001663,131.3997409415549,0.7045471558279954,3.927875448035667,578525,9
ok,134.81439200472227,229.90367880554845,0.6852257961942249,2.890599475508733,788282,0
ok,134.89201783010787,279.2885542636052,0.6677878962370213,2.1272581488057654,211826,1
ok,134.94581337246592,289.1509377841963,0.6491807208464693,1.9646510251056504,222654,2
ok,134.95110681641262,179.09563559979068,0.5569337439212629,1.4358255194881133,203784,3
ok,135.17064411680664,84.23185877649951,0.2557488208518829,3.5914724261746396,410489,4
ok,135.33536219001678,319.9499501749185,0.3031021220544905,8.427921998011906,607946,5
ok,135.48953636702726,192.0535337079054,0.891437831901343,5.806789944849337,41002,6
ok,135.50924926583332,192.93570645685224,0.4937528954648094,2.678083290584424,676427,7
ok,135.57925054308063,321.9030970592162,0.21466041850894418,2.5779381159521337,144806,8
ok,135.61302499099676,309.7106950826455,0.6234739948566683,8.853735392935874,655813,9
ok,135.8895283561239,258.49615522520037,0.7933744633566797,2.735008497500733,24655,0
ok,135.97737130911324,196.90189076642605,0.39536729131192644,3.2028890566793553,778251,1
ok,136.33182307571414,287.9028287074648,0.3422091619129549,3.36651138523636,275262,2
ok,136.35558133724794,141.75247407790056,0.23780780819634667,5.301949911688004,736775,3
rej,136.3970707264755,196.6451667467783,0.9996660404340605,1.5767656876518157,756881,4
ok,136.99770258510372,302.5573665379905,0.44778189365143595,6.116344277237548,498231,5
ok,137.27216984153318,268.263496749167,0.764826836531147,14.567737823220881,565895,6
ok,137.30872771322495,277.11255092677084,0.4339851834684787,10.972890155093069,50113,7
ok,137.33837151313546,185.90426646279286,0.01,5.317896480155716,772294,8
ok,137.60174324598472,247.1726989571541,0.39689171550746777,13.909808706782345,809734,9
ok,137.663436130123,211.37085012888323,0.22856167046339343,3.405745943483545,903090,0
ok,137.69422450020897,322.97832624351213,0.03809663841877409,3.7856641064820753,863063,1
ok,137.74932692712315,165.23083326197138,0.6284213419205179,1.093607244447414,235438,2
ok,137.7721651813286,218.71179600412611,0.5059101936796562,0.4487241513614233,876059,3
ok,137.89811705210042,182.4448787798595,0.43001438471975073,0.9091741684247144,151484,4
ok,138.01068665516,93.39083023242969,0.47273211757857486,9.284376524509423,627150,5
ok,138.39301754950228,209.27751702253192,0.45212062855049745,2.962470199431781,327716,6
ok,138.41539952257284,247.48154789926204,0.5852671144510833,14.447903195017894,40023,7
ok,138.47519835378378,165.86208887745292,0.5849726447393626,6.369554607238674,722504,8
ok,138.47988771529702,149.33795634801834,0.6311968751097272,5.643459644410129,205399,9
ok,138.62874542629996,200.43351377368336,0.4847925409856105,11.399771159965875,113606,0
ok,138.7590566240863,380.508403993859,0.505546787384322,8.702257205754384,147238,1
ok,138.77393373134285,280.79367352395394,0.6056134720567814,7.247653541175451,666724,2
ok,138.8518946619608,309.349924464218,0.6427986001887434,0.5236933413603643,727575,3
ok,138.8817747930541,175.07719712124717,0.6594832591924586,0.8528931918474502,570720,4
ok,138.9640617713948,214.2251673687195,0.5762792323368936,2.2505094844633304,961514,5
ok,138.98121410842472,159.36758482295838,0.44467363588374254,17.50383384620917,195534,6
ok,139.07939556736585,145.6911996703135,0.8410893766297892,0.24835201940959795,799937,7
ok,139.0999378237658,159.9025542071064,0.31703400825927663,1.1683259224746563,96764,8
ok,139.24008459142084,216.09337890879075,0.5987053940033675,0.3085938469666125,720123,9
ok,139.24586097412407,182.75029025568918,0.6182107941658878,4.654641805056255,942957,0
ok,139.28759672545436,71.13349617910688,0.7063408828813553,3.0118399319355356,910341,1
ok,139.70519777687448,196.72571030807092,0.8107848803242756,2.241533368763674,486414,2
ok,139.82334768268677,192.421255750342,0.7049936807003839,1.3195740497167772,660160,3
ok,139.93688532065784,225.09287113838488,0.625055954508363,20.04616924616546,305969,4
ok,139.95543733352577,155.42750187299197,0.3945884856543246,3.393176035804328,219011,5
ok,140.2597755055842,123.45378312118028,0.7502559178575668,6.788880335448361,165205,6
ok,140.32038123507425,182.90094028451463,0.7958129947450486,14.053984326334913,864149,7
ok,140.36777785795422,95.68788297116514,0.6245124485908301,7.618963121390442,340078,8
ok,140.46758701542197,142.99449129598585,0.6643224673181647,2.139669156893268,734984,9
ok,140.6170892595585,208.34276930868313,0.40020996954850063,17.001236207049427,859836,0
ok,140.72885005249165,116.18387471723615,0.42150539567381384,5.945508101718961,290814,1
ok,140.8353119615558,224.6676953827855,0.3500920744290505,0.8554941451707166,891079,2
ok,140.8788560820962,139.19772791649314,0.4351319753007571,1.4792883104635504,946295,3
ok,140.89163881549536,199.0810257910974,0.7104585607897186,7.471351994083987,543570,4
ok,140.98124406901056,222.42333393821917,0.621395704312408,22.31624941285231,596569,5
ok,141.06683395362865,218.1789464517228,0.3390589977577674,14.333421852601319,70809,6
ok,141.56299109099444,95.03936015901813,0.9461512134090194,5.2541325013449445,432733,7
ok,141.59230332761152,148.29767446502925,0.4007626135647955,2.4333181127961288,941668,8
ok,141.6049589040176,123.09057554714461,0.6632491410716987,1.1590712634046882,435637,9
ok,141.6109920240642,166.914176118255,0.5607736714411905,3.8435297583355883,700204,0
ok,141.62410396852286,252.46081985601327,0.7158229645010907,4.8705680738099675,755457,1
ok,141.76437300235764,267.37416370871597,0.623438454544511,3.1217330663568132,35337,2
ok,141.890813522618,126.0870668950689,0.31774533704063224,2.488223592496736,477479,3
ok,141.89648681665147,379.2853348349187,0.25539946459985996,13.99405267832673,311865,4
ok,141.99045115029247,144.88433481336017,0.9741526952650514,3.364171960659503,691278,5
ok,142.05965329916398,246.75688166740085,0.5402132225998123,0.25585776958917333,903963,6
rej,142.10324317759836,199.05807017606045,0.4804562643949476,4.147229987675136,127962,7
ok,142.55899877147812,134.42620217701352,0.3690120033485248,20.6651509907661,667371,8
rej,142.60696366999582,242.65763973807353,0.5558487200773724,4.010268820809722,736430,9
ok,142.754287665385,141.6586075293423,0.37804156886647644,7.942499043893231,769935,0
ok,142.77964377701238,192.04755099211744,0.628983582846324,5.38633994074744,285465,1
ok,142.87168764140074,212.25593339517033,0.549912729297024,15.279103943085124,990150,2
ok,142.89960100276699,261.6259122143874,0.12499862477228452,0.5984740709194081,954711,3
ok,143.11015283571078,206.10692557650526,0.6368956669337512,7.190925624030182,16513,4
ok,143.329994493935,287.4427838960189,0.35905863381806014,11.2220357330406,224808,5
ok,143.37432884513618,269.7498929361244,0.426862207345335,3.496212622319557,438920,6
ok,143.58665024317588,262.3339861783878,0.06483836219451822,1.0204956114379509,349406,7
ok,143.77114931236022,407.8985888022207,0.5976679120812618,6.476833236012381,274177,8
ok,143.7922676158616,24.227494349296478,0.8013659013893352,12.990860353903294,564146,9
ok,143.82522854050933,193.78715335340766,0.35143821573466205,9.263117920795542,763251,0
ok,144.11616958210055,236.74007390999952,0.41545616183622214,6.81627935642426,411463,1
ok,144.2771366733304,40.04211467276508,0.45265138283390294,0.22431643671585133,622364,2
ok,144.34979157779807,222.01722830974188,0.48684829000267343,2.1186833687093314,550981,3
ok,144.36610466467565,267.3458879267826,0.3133857802308263,1.1519439407899303,784032,4
ok,144.40435726931278,230.33597996548772,0.8228701114114562,1.246712645000587,968681,5
ok,145.05130910171442,262.5645991048738,0.36941128491154135,1.691960488414626,935131,6
rej,145.1738787418014,314.16350531705757,0.5340502838932261,0.5570053560853652,210928,7
ok,145.40130522215213,207.38136100440417,0.4804954621306563,5.0914178452247665,450593,8
ok,145.4961143400922,145.7716602463711,0.6680049219077799,5.804327952713134,809690,9
ok,145.74620169933016,168.35343472572643,0.4666869431460911,1.7012844324164615,135006,0
ok,146.0568727328627,177.8561127635138,0.3540039026888484,1.1991458444500693,726975,1
ok,146.24019835386633,177.60705609666357,0.39925508432951834,5.096774378954764,179109,2
ok,146.44569887365762,117.36194724886138,0.9467108249042457,1.4639378844354964,824428,3
ok,146.45849182155848,261.5020619951304,0.5465265723933734,2.800044793850367,916946,4
ok,146.48030548166136,283.62428888835933,0.784979564834227,1.8118941922204777,469416,5
ok,146.68503943757335,176.26741837308288,0.38140307864650574,1.4790094319805178,913775,6
ok,146.69644184764792,296.5899946384239,0.5373554985939246,0.27694955452142256,476593,7
ok,146.85884210308387,136.82727173952202,0.4140309788276566,2.560739058826607,362649,8
ok,147.05122325669157,203.4725258144582,0.5332499308592574,2.8011390719578193,401457,9
ok,147.13954529089003,241.0143539513312,0.40851038424160513,5.469456606740449,496230,0
ok,147.18197953761663,356.3635522590183,0.7956518118052874,0.17445730540691912,642447,1
ok,147.67057294215525,197.7010234229556,0.4603659075534845,1.6398818385356393,266945,2
ok,147.73980285155048,245.1167138407418,0.491836452828588,0.8665063329944365,645039,3
ok,147.77659668014294,91.36674627957447,0.3074731081185622,2.0165050494658674,200117,4
ok,147.83393775688165,193.56364961109773,0.5179991367767525,2.772200251063758,609029,5
ok,147.8504188788261,304.12265517228263,0.6615347409675343,1.0364143707890572,499232,6
ok,147.8520240558363,259.39928053254164,0.24783362041625412,3.311413093608202,466555,7
ok,147.9114400285734,293.46179311109546,0.3709506880891189,3.683339227207845,201463,8
ok,147.9875198507085,239.1749061934134,0.08462105253634317,4.9945766531701645,791990,9
ok,148.07511001943683,153.66281232453622,0.3234996683718345,6.277232361878311,492147,0
ok,148.18291727915897,130.49528969797774,0.5026638895212782,7.425744553395606,891323,1
ok,148.19326216553728,135.92295117554204,0.1833282025778275,0.17962109501178702,601157,2
ok,148.23727477737432,217.93564864192882,0.6826790946877059,0.1,354162,3
rej,148.27893229294196,277.3994919998301,0.40500228815315215,1.4655806584972042,324494,4
ok,148.3149247749771,163.8015287958001,0.5149561887443067,10.579838100893554,74203,5
ok,148.45471646188534,210.63881139551177,0.507843744665215,3.5495510776587196,178703,6
ok,148.48962751192326,202.26206287949938,0.5661359185335867,5.453378970366366,387415,7
ok,148.62625348005503,272.6391723918571,0.3776167508307483,0.6721853626220988,634465,8
ok,148.65356927706316,268.6089893410258,0.6769397586033141,2.0251103833665813,656706,9
ok,148.7735413216035,355.5234140783416,0.7748003747404006,3.9655347722598604,901961,0
ok,148.80141296930915,231.4253648758381,0.05941937446517248,4.389858576653278,494239,1
ok,148.89639699349095,166.97897557172968,0.6539376257058509,0.6437248493023489,233048,2
ok,148.9149105731313,236.8144984521522,0.7137253785384166,0.8789050295476757,805872,3
rej,148.95181279990035,201.97920731583895,0.8153516354883698,4.791901066614843,645596,4
ok,149.01980911046704,288.94991305152723,0.5850125662215678,6.934709721205535,685800,5
ok,149.01992863310403,213.5012265287624,0.5454080028038629,7.212979731408925,690680,6
ok,149.09140809476247,339.4573630584799,0.41804288553341806,10.232337474547046,604918,7
ok,149.1186928909886,98.66035766027908,0.49417029181246186,1.643406135751565,927826,8
rej,149.2843447886415,302.0198866720928,0.2580381148728787,0.1219891072873437,134309,9
ok,149.30483399278978,156.17660324742727,0.1426058482235571,1.194415289555995,715288,0
ok,149.42539133515837,158.83115770264146,0.6600876760901925,1.7766570339693897,979468,1
ok,149.50228631051007,161.57771849137097,0.5832955430249558,2.486777040648386,322773,2
ok,149.50337496997852,185.42766258082526,0.629611373746437,3.9409480625020574,911376,3
ok,149.60951184260168,119.88424077768053,0.6690479577631865,1.2901326381778162,217376,4
ok,149.8541722909455,70.52160166316622,0.7660049310584778,0.15926731161366509,561295,5
ok,149.96255875578657,248.74378834056836,0.6622691658834221,0.3296564744593078,877514,6
ok,150.079948863348,176.71717965391574,0.6260262735012218,0.3351806462330097,863254,7
ok,150.87882076596298,186.175354737096,0.2524173180424116,21.93075428320734,313704,8
ok,150.94606350101108,164.1673294377946,0.3620751341895052,4.740808573739649,102873,9
ok,151.09509862896817,230.17967246447554,0.6881438113379662,36.41455503480969,13238,0
ok,151.15979637040405,200.562464168786,0.6768154180508157,7.086496934794169,827278,1
ok,151.41362473033965,173.25307917697927,0.8216268503432722,1.8167311177576695,912734,2
ok,151.6281220405304,216.85450606494092,0.42421125600705867,9.424045570125744,30459,3
ok,151.6458564219406,280.10237352349344,0.2234613168912905,7.768807080076724,207520,4
ok,151.6780642977222,233.42923170158383,0.760438766311921,5.746999074864982,328291,5
ok,151.87473172935873,327.5215748730055,0.5730735260551686,6.207048888551128,61408,6
ok,152.1597524154491,245.99499368105649,0.5937971009749979,1.5549820917549524,334428,7
ok,152.20071547666095,182.84343456267504,0.6186296286825681,2.0378442485281494,559268,8
ok,152.3024362171774,195.80083661822695,0.4894987068870666,3.210459853384916,268331,9
ok,152.6397165498197,201.0811836117661,0.4051185332737242,0.5395112738159873,830881,0
ok,152.81472574786363,152.6767293025231,0.32725782703113815,10.226551249668702,759319,1
ok,153.06474053603083,245.68775399310476,0.6575995761875348,1.9025680885071392,696828,2
ok,153.30509794334301,247.67872629465975,0.47932989613425125,9.126094102621739,359493,3
ok,153.49458560228203,370.69299668530846,0.43114802668039376,0.1,862600,4
ok,153.65567860211613,246.90036392509103,0.8160905467649907,4.362355168678956,461970,5
ok,154.0552007980066,242.3856184153908,0.5263153772335822,0.8825561506058266,75493,6
ok,154.13135480165928,348.4426376972135,0.402941876385037,3.3899472165319877,439722,7
ok,154.499813538373,253.61278899905534,0.6305741774883908,10.284186655994072,493501,8
ok,154.66358922814806,83.55259689118512,0.6576672644153446,2.6158481055534457,873979,9
ok,154.71512656397456,195.12324826368064,0.449816084180565,0.1,746255,0
ok,154.8277121692115,290.90743885012256,0.7931048771739131,0.6089022316009298,19142,1
ok,154.85904063770988,139.71351448039184,0.5172717744600382,2.0190214018468176,296354,2
ok,155.179652557675,291.7403899716584,0.6859947538048594,2.0688635841977576,607960,3
ok,155.19160657414454,276.5679312693177,0.40149767178950335,1.7501563922745291,602126,4
ok,155.29875847002586,207.2035912920481,0.537521361150097,4.755882880535092,138259,5
ok,155.49293185024845,287.0688947520502,0.4836954832209743,4.509381284657918,222547,6
ok,155.70765662139326,174.37082857331868,0.4588230130334223,3.0533810490707323,157843,7
ok,155.7368175072137,141.959737064222,0.6149189959049662,0.6366363402853101,170160,8
ok,155.79538967730866,285.16256575575994,0.34770025048408637,1.4415948438998474,636350,9
ok,156.07277516683789,84.00272273022544,0.6263001026746305,2.7450276744568134,808647,0
ok,156.07839224497786,130.29271489274197,0.7299132156312355,3.0571950552052445,393951,1
ok,156.10912279576792,150.19796643078888,0.5532229865812196,5.6117379385452235,756120,2
ok,156.18327224590456,239.21287143269538,0.7041305000795963,1.9687171558275371,68002,3
ok,156.23728337697747,257.9885219894393,0.619395012828633,2.8216487459653954,663920,4
ok,156.29220848802984,158.29829107986197,0.3761000811058421,3.0657775903590734,616763,5
ok,156.50143086956447,278.51477543296664,0.23937165109494674,0.2441394660841895,468930,6
ok,156.90350450374623,141.84814594153167,0.1259302559442348,10.449555137614478,958787,7
ok,157.0387405562492,111.19544146814293,0.4067276536333193,7.590201063257533,292740,8
ok,157.1452522412311,154.0465897706391,0.2671655859220536,3.519979960973709,676445,9
ok,157.14692961189098,54.56531473378175,0.46560740870215805,3.6158614173690555,86257,0
ok,157.34405996317165,269.91642616493465,0.43436452826336525,0.8875555769950756,519598,1
ok,157.42626756375836,367.09436991054486,0.3430395463300713,0.5070579919901458,502059,2
ok,157.45191546343523,183.34691391043722,0.3303567543524365,0.8456427924967587,839686,3
ok,157.49811377545575,165.53237184748443,0.6539356934921977,0.7791633445592688,826764,4
ok,157.51429091427062,10.0,0.6365361788831276,3.6909782535131623,960367,5
ok,157.6732626692904,378.17212252883866,0.40117612596797303,20.05574188648606,249114,6
ok,157.676991241855,240.59564619834507,0.64510706072162,11.459239675510833,158619,7
ok,158.17973835554886,161.41073254369033,0.3767587602861681,2.9523376517284943,592350,8
ok,158.23867034316984,156.02991604137122,0.19049482084414326,0.40386956968760357,313854,9
ok,158.2647464367011,219.17423346661622,0.24265732490348002,12.016086856003712,890250,0
ok,158.28602209094527,226.7259020488433,0.7639912075805415,6.336873870004354,897837,1
ok,158.39118633411934,210.65876135478604,0.15043205670258442,7.763230644554819,970941,2
ok,158.57585169456664,220.68313352761743,0.5463809396715567,2.4044568142185065,238171,3
ok,158.58572532286718,138.46577320266863,0.6777546577886777,6.268295481788422,212770,4
ok,158.6737088395753,306.7292411526781,0.8564592792764196,3.4168673848099513,648326,5
ok,158.6916658831131,188.38985935020915,0.4087946423384323,9.171180784157402,737822,6
ok,158.69604581523365,114.61569488429859,0.33782254949476087,0.1,967632,7
ok,158.90937933155033,62.36348473989881,0.6063562005622427,8.475974882495946,916776,8
ok,158.9238459734738,258.3973258591881,0.31884726443037203,12.483172673603327,351174,9
ok,159.64815959155908,188.88559618072853,0.5645538666797391,3.1505734751936187,620046,0
ok,159.6664222055201,185.6525885294015,0.9645089694134087,3.8999350102954677,645681,1
ok,159.97775221060422,198.02044923491908,0.5049769492838072,3.423966433872399,736338,2
ok,160.06111790944735,246.16172306364788,0.45931775857209933,0.49132178634603724,410939,3
ok,160.20338266061057,152.9962312310044,0.22766129066461832,6.253748612793371,549436,4
ok,160.3523297432657,297.81497376130676,0.28991551855024544,3.9625140404631094,426519,5
ok,160.51150036031572,147.3589967157585,0.5185632411615664,8.938097866426274,246080,6
ok,160.6323299571136,122.58790344675107,0.32202388689779304,1.3622155205975262,675379,7
ok,160.727473973612,213.53904536381427,0.5568784322844661,7.26387764457762,223408,8
ok,160.7937361307496,171.9065465940963,0.7019267598511206,3.786915660628744,588422,9
ok,160.94307741443328,162.1878085665066,0.5452008832433141,11.028398112862767,64901,0
ok,160.98912924506166,218.4533597563684,0.6496872115671506,19.8924694409694,274177,1
ok,161.08079949963627,223.03320877854748,0.3434328115039531,8.718139941109653,697976,2
ok,161.40472332958817,250.64596808574422,0.429777220981558,0.8820249769784456,261532,3
ok,161.46736575821686,109.77635433057341,0.6624022597053774,7.760649366784943,145076,4
ok,161.85120360443287,144.90769938128554,0.36928893605827834,4.4097444496884295,989036,5
ok,161.97015409799866,99.82180086764961,0.5727663155398337,1.42809556311021,651639,6
ok,162.0928175163958,303.06376977906274,0.5160389057046085,7.810386257393423,767738,7
ok,162.11180259353716,181.01524005592938,0.37171037313153166,0.3255834908763996,410243,8
ok,162.1506358313441,190.05491706131343,0.4317987987112364,0.8512217828077467,864537,9
ok,162.24760489291347,286.78219197958794,0.4281531610605819,1.2841007828658724,457300,0
ok,162.30481228347736,184.95161823840894,0.44782320696104105,1.6046123427938708,125199,1
ok,162.35894541690416,274.3893834279844,0.9231890433384011,7.225122177924504,477925,2
ok,162.6636774674674,173.95105688814954,0.813282330271899,4.045169288612299,410841,3
ok,162.7118670115685,320.68824503912856,0.8618023881222381,3.9415295592641093,414201,4
ok,163.15782900639348,141.3290398295283,0.4319050321420189,3.5179855851541966,497825,5
ok,163.32677400507598,189.09752569867157,0.31185745484850824,4.2008667004599785,398383,6
ok,163.5054442849477,349.7757458339946,0.6216906926271492,8.453021325031415,298662,7
ok,163.61070636698824,171.13885202097723,0.6272795953525614,3.803592390406219,225561,8
ok,163.62338432041895,162.0245012463564,0.7369403002290092,12.09253800155047,252296,9
ok,163.6673177595911,172.0750635462781,0.6827199728503209,1.4000890132110009,234962,0
ok,163.7471880460563,222.9801689962786,0.24173215173758328,0.1358866685888522,57630,1
ok,163.80497705283912,280.75846509282235,0.822654656545051,8.835220378770048,558474,2
ok,163.8103804319514,115.15975802707908,0.4995468476006608,10.06701876152431,550379,3
ok,163.8814947195451,93.25844648740484,0.2236087126668328,1.1535264119408215,857124,4
ok,163.9417003186987,286.5850828951652,0.402919076248208,13.286960118023226,929171,5
ok,164.19380899561108,298.6834751312481,0.32400707359877967,20.982191096520513,94898,6
ok,164.80182731291058,145.50405643351866,0.6579112284506001,10.931497262271478,632193,7
ok,164.9514461674582,158.2600801706761,0.34124841527427696,2.4136394137505626,991575,8
ok,164.9957789468433,268.6248984894655,0.42891659948241145,0.5250630703237944,569935,9
ok,165.00834633412398,288.2469429922643,0.5179632617346492,2.852658771719242,707286,0
ok,165.08379095797505,28.622136691997326,0.5666463979906324,1.4558103085655323,3756,1
ok,165.15757516830453,290.26749030497444,0.6342675211201281,19.256148606781856,56438,2
ok,165.2535453955877,201.74367497963752,0.64962125136357,1.3451010507608512,406052,3
ok,165.44914025796123,169.80056092147163,0.4936108819211236,10.398907929556938,741401,4
ok,165.53547165014643,394.677357034368,0.4006400886783093,4.024149095610967,451523,5
ok,165.69404733554745,174.3866139966298,0.786185806688384,7.726704252566938,421032,6
ok,165.7720999260836,133.7098910545034,0.4962889396071955,11.548833392253213,242657,7
ok,165.91726644506335,114.08549136968828,0.14060471482366232,0.9764904650674123,539681,8
ok,166.01113938419957,236.0713570277814,0.3409478121360844,0.6501654200745772,286025,9
ok,166.09607208816706,212.04041001416678,0.5400695380152661,1.3503161691794157,105883,0
ok,166.15547315904936,233.09852652226667,0.517445752827507,3.1373093595032704,382158,1
ok,166.2800792651839,334.70143438172977,0.3674207563407649,3.5246486324718513,535081,2
ok,166.34247857179338,70.70768061652205,0.3465837087024458,6.150051209922615,378764,3
ok,166.41951472263185,246.30856280609925,0.6699927329579185,5.221899172085843,545181,4
ok,166.44132161174025,183.35883041479858,0.5370721498914709,6.145254976266346,987803,5
ok,166.45741333091027,189.0331734894366,0.34146000280583344,11.183985023292795,820462,6
ok,166.53331198776007,261.8051902065727,0.5233628428117497,3.5491083958057024,516701,7
ok,166.81012524722505,166.71081192507643,0.6110215646502932,2.436386883273183,609098,8
ok,166.8466027500179,227.40580417527636,0.379594929077679,1.3323331390518145,73704,9
ok,166.85022826082255,10.0,0.7444102402998364,13.310105770839902,739059,0
ok,166.88787047863266,337.1984420080108,0.5374905702183961,0.5952866696141883,482550,1
ok,166.94811668779255,154.82488698203736,0.5461048757008561,19.14575529772003,770217,2
ok,167.01635442088377,230.42863078756892,0.36309257684811835,0.6406305127403691,736682,3
ok,167.3524916248106,226.83402284014173,0.3464684919798652,1.4740086020938277,231878,4
ok,167.57244521696785,218.8998537360637,0.7258981617548566,0.1,293245,5
ok,167.61327151688988,205.0111911087454,0.9536521757433096,2.1687935486957084,25966,6
ok,167.64198013480132,112.5477235989384,0.5395514610691758,9.251725489381307,30798,7
ok,167.69526711641345,262.2132084065771,0.42582327269868037,2.2987083332298095,501781,8
ok,167.7620452024086,177.9361824362821,0.3562652285443482,5.160908062020727,43777,9
ok,167.83288226971328,163.4071751461109,0.5090216834297148,0.658107836995119,135608,0
ok,167.85420533654724,34.313609831671556,0.559941417359578,2.8665267896263598,680423,1
rej,167.87836443220306,161.89850750145254,0.587274618969159,6.995165677096291,148668,2
ok,167.9132496976098,130.63996649344983,0.4356787902315005,9.00472695568496,216523,3
ok,167.9782233318583,281.38738902378213,0.36414766540783583,0.49981485920534807,337305,4
ok,168.00095301477918,252.58766682579656,0.8037811733485666,2.8533332711485713,252959,5
ok,168.2142361810038,80.77913614405092,0.6251089385267358,15.623528342228802,563813,6
rej,168.25697393196418,213.37302628377236,0.31487981647024643,5.267787045215686,50942,7
ok,168.59987185943248,80.69913171853207,0.6692016230641651,9.272726102086118,645655,8
ok,168.69837774192655,215.0784801967901,0.25643316454067777,4.389232398360569,151894,9
ok,169.01084661643654,239.21372202147109,0.2420591535817993,0.851154383982169,677760,0
ok,169.1480843323469,52.50600539538624,0.5091742617186787,8.279282677763826,309657,1
rej,169.46028067295399,394.4695120823328,0.5794812935981523,3.1081188466206564,988437,2
ok,169.51211843403433,138.4868301058072,0.24122296217717243,5.9597953348446495,799041,3
ok,169.6010795757958,194.88203514841723,0.3232084967965881,4.484515057408779,107043,4
ok,169.7068914712773,126.8686493582229,0.6682699852237236,2.8435354397086137,672647,5
ok,169.8371638466708,128.45499809279238,0.5632484561490942,5.174083566091253,585058,6
ok,169.9044852216503,222.60756578764796,0.44702136471573206,6.793479332225428,567147,7
ok,169.9346705822761,201.47255747767161,0.5654659808471506,4.371273944954778,90807,8
ok,170.0239155359251,168.9930417214985,0.47942448618792255,3.3341048035071257,711269,9
ok,170.14428552759102,275.1511532467939,0.4179148838989798,21.506814805404343,702567,0
ok,170.2355972632334,189.28883411829764,0.3995506937737156,3.08400299574791,143015,1
ok,170.31101708869025,237.07811311914944,0.6371105253191689,11.386768627109307,458636,2
ok,170.38137801766126,249.7517284382247,0.5919617405556944,0.33305256246435516,741614,3
ok,170.61826780760964,381.1373104926025,0.6080937073415963,1.8501204710819075,146972,4
ok,170.62338694421538,251.9094220951977,0.6011225786590892,13.153817282824098,35537,5
ok,170.8040367661122,266.53009642308524,0.4535840290022591,4.225118518357062,325617,6
ok,170.8185829186723,216.03522185766724,0.4154004481489565,1.5874298141462562,536315,7
ok,171.31186403855847,237.0420427361771,0.3543235668486032,1.461002037868591,692611,8
ok,171.36635357158076,155.7552087194661,0.6725197311382787,8.827021332256397,281340,9
ok,171.55139642711225,86.84437056686315,0.6526170197415354,1.68605120881222,496206,0
ok,171.55455473837108,290.10032065241455,0.5849448205886334,4.10854431945506,49321,1
ok,171.72901920998063,241.5177220425807,0.24814875380065454,4.015359673212892,990279,2
ok,171.7387958653484,268.4422448107968,0.5894361565262887,0.5463211737506883,583317,3
ok,171.75102726153267,197.1946797884796,1.0018510572272237,0.16221276124685313,372430,4
ok,171.96553835486992,77.7724761475965,0.18833115325964767,4.678676342750798,800862,5
ok,172.04792331856115,194.82714385041538,0.44235663836361205,5.205517530863225,356586,6
ok,172.31866999187108,116.20329338020176,0.423582337769196,1.0454308759827593,719670,7
ok,172.34100225918834,79.79346824570214,0.3109122581273005,7.429480691938486,967396,8
ok,172.38732328361783,248.02265004868545,0.6316821466078711,5.4806972489989985,102050,9
ok,172.46117375040149,179.62676756013198,0.46896751435984924,7.910584941948185,635409,0
ok,172.46572351145494,202.74980905294657,0.9013518426939771,14.6202528322586,377024,1
ok,172.64123347519586,274.797836643893,0.79160862551148,8.685199392132134,112243,2
ok,172.6434656015487,263.1582522687771,0.5685059998855096,0.8536644643453072,638666,3
ok,172.90585792033525,223.09275088127097,0.41791290136721315,3.803921704617616,822299,4
ok,173.38095583936675,372.6510482541338,0.3868920999594742,0.9211173940345114,365018,5
rej,173.41195698444542,157.0049351542392,0.7591172477616268,3.989668263302683,381065,6
ok,173.4909764598102,269.0423189408111,0.28146762101809164,3.9865588163716748,833633,7
ok,174.20749137957617,262.4704362868843,0.216375229863004,2.354515415048847,993507,8
ok,174.3308212444304,43.60551122557749,0.8696036769954851,2.685834047114766,986214,9
ok,174.44981093030788,116.69800026365543,0.35943472932736836,5.850340439494117,666757,0
ok,174.68323370701634,225.1940402661661,0.4428100383820475,9.517465803533117,288925,1
ok,174.7115223154569,301.94369423748566,0.17535256217176892,3.1420282681689935,844001,2
ok,174.83529703555396,222.27888781548177,0.610291933579677,6.267215601512709,501399,3
ok,174.86078155602652,125.54813880371621,0.3722670121163832,6.123958187279715,939473,4
ok,175.01840447342357,198.12719515323332,0.10088286125293844,0.5543221494013266,296762,5
ok,175.26699905690288,159.8529456559894,0.39766598712721785,0.40626854111894395,534075,6
ok,175.2957571160312,170.21092117594998,0.4194284986038783,7.48882560715764,629367,7
ok,175.30667960038406,277.0578670607045,0.48274865168372955,1.3743483601864561,157082,8
ok,175.36324732440215,195.4007500989709,0.8131204866628683,6.590008883780346,26820,9
ok,175.65760708382223,267.6786576536131,0.4797339273549326,6.5446771525432315,46464,0
ok,175.71301034988844,156.8707140379577,0.3801610998900818,0.5515338122266402,356927,1
ok,175.82382622441287,185.9002224898668,0.6441843323949491,2.6178409141042946,455142,2
ok,175.86848935056054,305.25489768535857,0.4199610988411966,11.664043687929507,878479,3
ok,175.9451908414776,246.70592587267637,0.7000060742633973,5.112811881796349,663985,4
ok,175.9582540813629,171.14924920159982,0.4621210009015319,6.574797119173072,8617,5
ok,176.02307441435144,239.94038499427637,0.6131884303737795,2.2283999441065685,366407,6
ok,176.06924237568626,147.1652082146469,0.42940296398755246,7.363041553009072,705128,7
ok,176.26643465250223,31.747884105104134,0.6939833310989901,7.840981405386994,560470,8
ok,176.42415902199005,181.41493133100883,0.30240268254534464,6.931530523088213,750084,9
ok,176.4505656524785,256.821585885083,0.44362902980644475,1.2856902361903335,53158,0
ok,176.52774980736154,249.13009012990887,0.3929907449746941,0.9398791617374096,904036,1
ok,176.54109940931662,286.5351891617695,0.3325080799548706,0.1,694434,2
ok,176.56207587114005,171.5823566683036,0.2076528337695272,0.8699381917151747,80455,3
ok,176.65930016569519,244.43542038770624,0.2872255218384352,4.745678760599688,723936,4
ok,176.74164019306056,185.09593383696705,0.18806797972720996,2.229983109444922,566565,5
ok,176.80075374037304,35.25494210504948,0.3989458198115762,3.369470626766629,531230,6
ok,176.83839767581097,170.97934507048393,0.7429041733642887,23.524418142565583,639230,7
ok,176.84262152002142,139.78023649619627,0.6626333416697175,2.199620359337812,807501,8
ok,177.0203455506267,264.57399490047453,0.209646805790972,7.157249534658624,456700,9
rej,177.1718330408465,144.6861199001354,0.5356586997704375,1.5866720672860104,449433,0
ok,177.222426657038,303.7508121418091,0.39969650060175976,1.2316430593524526,439784,1
ok,177.30343756749517,277.57381700300573,0.5132579941156848,6.98425077065446,251520,2
ok,177.30693341333134,246.3497966765928,0.6801956291881974,3.73935551370122,828985,3
ok,177.7010829224245,210.20881494384264,0.762836518149181,0.450422197867216,190702,4
ok,177.85012205342463,305.91905505758757,0.2825623510196079,7.581882054336811,170493,5
ok,178.02163652592685,261.08444571548387,0.8053508183180292,8.173682702591577,643524,6
ok,178.11332752821534,226.9581986554058,0.2688383548036434,8.73796338917262,47169,7
ok,178.21331383045194,178.91561723090007,0.41260683067113424,4.079351339646288,16670,8
ok,178.4750454608591,245.13425166822515,0.6336365258380963,0.9599778270000104,621883,9
ok,178.54888579247398,278.62880124862136,0.489587742178012,23.28598210116635,796806,0
ok,178.55819804072283,151.62450053215167,0.6691174414495745,7.930744716543106,754416,1
ok,178.87904656835553,249.84005337644274,0.6498779039111441,6.4273867042081845,867309,2
ok,179.07226398309982,144.91393000968276,0.45248499295487926,2.239365100149637,370214,3
ok,179.09805454901885,29.30896461162402,0.5694279576397779,5.74535249075789,705860,4
ok,179.1073716714622,277.5471302079835,0.5018665647439079,9.542024704351164,190217,5
ok,179.10989286242062,149.15216572987276,0.3250658893288724,5.60231361641141,309080,6
ok,179.79590773271843,405.8659757351754,0.49297403574747783,4.7907533101368145,20847,7
ok,180.0806889909708,118.10299647539168,0.5458007952621783,6.3001424459857684,948280,8
ok,180.11333550915856,402.24132600168105,0.23121602763162086,3.951736619975942,911770,9
rej,180.1155442562251,197.45202149956552,0.4000908636435525,23.874715745046807,42164,0
ok,180.13149381730432,272.60263588999925,0.3392385847734929,3.8307267926012982,258609,1
rej,180.24598563666854,181.0737137399471,0.32801131731413913,4.715975792785129,593411,2
ok,180.2576186203576,339.12890184721783,0.3778964507115517,2.26032930727369,826354,3
ok,180.3231164664681,155.08928275104168,0.7977682576694596,0.9218083254463284,979068,4
ok,180.42834109196627,121.32422134109417,0.6121144202261024,25.83249058758509,938159,5
ok,180.70924098458508,251.00786486355162,0.28836842730140927,2.006699895221174,230253,6
ok,180.75934290969826,236.99997526489136,0.48046890827627386,1.9986452190009651,422410,7
ok,180.81355497766708,232.08337580937194,0.5005189644585941,8.539964364071931,66382,8
ok,180.8257115409234,130.83888480847799,0.43797701606221456,9.126786767452922,953340,9
ok,180.83071535027238,238.51937687507407,0.5157894955701285,11.428886398155022,377654,0
ok,180.8680006660438,318.7628185951683,0.37023427456708224,15.925829975445115,116245,1
rej,181.0721957489454,176.42095838168584,0.3486584441710091,0.41394864855407526,974502,2
ok,181.08998758623468,126.77606749300185,0.4944467545890006,1.004748254846681,625946,3
ok,181.6529899052347,118.68971218835321,0.7043098008666694,9.506256758655331,957014,4
ok,181.81005231455183,353.8081368034841,0.6120697236878684,4.343877258237291,70882,5
ok,181.83501906308845,213.80705911585548,0.5490181166702429,2.07030101752642,254424,6
ok,181.86876754701723,242.43648111048563,0.6245712116631572,0.9385645478043307,244691,7
ok,181.92746745630032,216.23576242194306,0.672513569650169,3.4210174195793974,576881,8
ok,181.9660867385057,254.51233414271587,0.4477115468774269,0.5202849711182033,199145,9
ok,182.12213129608227,197.8089384634525,0.604925243859477,4.199804674464467,107945,0
ok,182.16400752019882,209.9069808390589,0.3632772995925125,6.186441790986947,6585,1
ok,182.35563130135418,69.5745695555899,0.5518336526308261,0.8787248414640392,725785,2
ok,182.36444954543546,198.58410398414483,0.7468891415995994,12.662853669714666,424996,3
ok,182.4644060510146,271.2320549454522,0.4130022774830318,3.365875373109359,83879,4
ok,182.4913079819117,10.0,0.8387797126227343,13.154342958437752,524497,5
ok,182.81261470213533,207.81684147311404,0.181156234660228,9.912331050143706,894315,6
ok,183.1055327711765,199.82873018198066,0.34309788846817263,15.43789415797707,294669,7
ok,183.14351173980913,200.64020822490187,0.48284968374387094,1.2016626522983205,610275,8
ok,183.16744299071559,131.38732502056916,0.5636680582647825,1.1147920936270204,683298,9
ok,183.23358825790262,349.0661209226009,0.3968798844476211,7.406238709389185,231998,0
ok,183.26290143665918,320.96018656668764,0.621369255568114,4.460892208444342,54975,1
ok,183.63987892652366,157.87940344470073,0.5064832970472828,0.3424773077155641,551103,2
ok,183.64522655637688,117.09246390803543,0.24427011032313217,2.6285103673158488,542573,3
ok,183.65016283081712,177.1431597597091,0.5803046372076265,4.858370617359366,553376,4
ok,183.80191523596167,203.34826890149745,0.5701294241738791,7.590071356295254,965710,5
ok,183.82069909444397,47.249158633896144,0.4155658033769889,5.719719839785115,422725,6
ok,184.00587829703093,242.59687319223428,0.2437324004907785,3.091535179118549,447821,7
ok,184.2246841579426,176.93509166272378,0.35742762922013965,2.2439909972847745,959251,8
ok,184.26206794992137,105.53285529669711,0.5039117651011471,2.7710482912298566,820839,9
ok,184.37881280180852,311.086796969946,0.8822588467366388,0.12208722671648653,132781,0
ok,184.47978971808166,178.45515092135093,0.2833606868881177,2.788209040273722,162311,1
ok,184.48033672508274,113.58110762475569,0.2532747466928543,0.7044742493265794,447627,2
ok,185.02871245334902,139.94694080071378,0.6657345892368358,4.488304081440203,135918,3
ok,185.05663668600224,255.72371817635468,0.44120518282903,8.358099076603777,482141,4
ok,185.27255092163045,218.9044766574388,0.013298522053760531,0.5696720408708783,770923,5
ok,185.5217273317259,264.71667507775715,0.5999688893699145,0.5264207694782215,390912,6
ok,185.56252990759583,221.6211150267557,0.4822602290376347,9.011700566968209,55360,7
ok,185.78228572020004,177.34241669602153,0.5216085662508846,7.736404110819982,599635,8
ok,186.14820371567617,213.95174392702566,0.3685916456960032,1.2227380337298395,191577,9
ok,186.36099173564725,227.4674173041226,0.9184191500036076,1.4361400032789973,541490,0
ok,186.37612835489227,309.5166187971796,0.40976782846184967,8.162449287468,857787,1
ok,186.40003784128547,296.35534031459287,0.663148657996794,0.4716353732965485,461357,2
ok,186.4224697583998,393.0388656775682,0.3674004965977721,1.0467920564827906,991974,3
ok,186.749764176959,104.32554903441891,0.6155167162154878,0.525655378949183,458718,4
ok,187.22739152628975,194.44235435897076,0.5370743133985482,9.91017641833995,628352,5
ok,187.2678965627591,140.21197994541876,0.5611483021103032,4.947946725964579,997193,6
ok,187.37409205370435,145.34115525328815,0.3163147876815626,2.6169853808201298,861222,7
ok,187.58180667452044,260.2760149287688,0.6983989247594984,11.548072281506848,837978,8
ok,187.62215544066152,215.16129140018907,0.2514822523433252,8.499258579627874,910683,9
ok,187.64898408554882,285.988412140659,0.5041863562955083,5.647254676862481,679020,0
ok,187.72596279647746,250.1677788760818,0.4765877343952171,0.7413792884632064,467592,1
ok,187.96103844318517,223.1973300344139,0.672374665296784,23.982604278257686,170281,2
ok,188.04368446239806,116.47528082339966,0.40146114263185645,4.573269537122178,519674,3
ok,188.04416730929674,227.37233859885248,0.5544943046550037,7.87012605424556,623399,4
ok,188.13558279432993,209.2976314877346,0.33049015218631417,1.8738728569853336,134046,5
ok,188.15215908272123,158.78607610304925,0.5490964216264331,2.384560273751906,894130,6
ok,188.27948881875426,254.7368613303879,0.37750265302210745,12.242642186948755,368002,7
ok,188.30503253610757,142.41716355719092,0.6410246696058141,0.2389142594710482,152706,8
ok,188.3463693571934,105.60152275078536,0.2760442836265088,7.404389915752324,24151,9
ok,188.59276131217592,195.15395391970165,0.5893738067465619,11.324264389859122,263520,0
ok,189.02892481323642,153.36209202437314,0.7888584212685208,1.4707825682823608,739431,1
ok,189.08459420663138,223.53033393208958,0.6627372450869043,1.9361230350384062,196255,2
ok,189.10678380096792,116.85367550006376,0.6757265799868025,3.0394464358574673,158277,3
ok,189.58869813123354,247.1552246981914,0.5260729658609636,11.160025878776045,668821,4
ok,189.68466768091977,188.5094252100455,1.0084845377856662,1.8783008301145576,432210,5
ok,189.8135755482749,229.30340956377,0.24575133081593709,1.6408666928327644,597452,6
ok,189.9801762230093,183.56875203869924,0.6096707605134527,3.1320641995666176,660818,7
ok,190.08362471656588,369.4841356848454,0.5811389041672842,16.1099883959827,262574,8
ok,190.12080686311435,269.6042168756207,0.2812361475427312,3.492142520042858,463870,9
ok,190.14398258788148,153.77852977666336,0.36378123619541214,7.010155765470535,492866,0
ok,190.3454750329492,255.78597530786456,0.15074251582121834,1.4206114348703436,486986,1
ok,190.5057227099738,135.38432248706272,0.5823644697485127,2.2313732840701612,197269,2
ok,190.70123441500803,318.4712597962497,0.5835178488846087,2.347190360758307,443536,3
ok,190.76074904845,174.04488927773124,0.4614680286034305,4.230445250778785,456515,4
rej,190.77338245759324,197.1948692444068,0.6109086421277503,23.433763952592308,282502,5
ok,190.91116760473508,251.2206774458216,0.3989092501151723,8.557797287800783,812461,6
ok,190.92394007284398,143.52967952807973,0.5820672842693634,0.4761874731373022,230021,7
ok,190.94818727597982,117.66812874082227,0.16666720761162257,8.454741637692656,370371,8
ok,191.19547851308434,274.4069680725587,0.37466090507956906,3.060136529583345,787138,9
ok,191.29668942511094,232.93431048781258,0.9541515297614598,0.2169612229204565,663185,0
ok,191.30868639799277,278.3459368263209,0.01,0.8740268144036155,998723,1
ok,191.37907128137073,173.24715190321507,0.2235871686312081,3.241619938941663,32936,2
ok,191.4463004402358,175.0927009336505,0.44348561994476865,2.573463109040307,861153,3
ok,191.5843666665481,202.0136348919375,0.3960155471722067,2.5155767830848785,413835,4
ok,191.73652239045046,280.6054843767747,0.5458854342295502,4.97687874308537,651732,5
ok,191.7489104495856,195.67048362743515,0.7757639220883406,8.7039003641614,876340,6
ok,191.92279653722946,152.88441714035457,0.13276659223899623,5.126211053186436,29261,7
ok,192.0504941714493,333.6742710817052,0.3624277604410985,2.6272123787496526,447245,8
ok,192.4505725653717,151.7042755336838,0.32992005588308226,5.2620912924486385,316929,9
ok,192.4531067753571,287.7435827413713,0.24257879332296695,0.7604724465887579,976503,0
ok,192.47546379363675,152.3314864231092,0.7237104335745744,10.008157524202518,880799,1
ok,192.53784646606383,185.57171968091862,0.5365423069473003,2.799523146769644,25282,2
ok,192.55971469873543,103.02914053725561,0.5606311290244212,1.7143660554337083,954232,3
ok,192.79245803783246,120.26356306201797,0.7517355541138784,0.6411487267498917,574463,4
ok,192.90723880005223,151.23754867482234,0.5635412647177994,8.459874442297423,500458,5
ok,192.91415652926324,255.9794602652063,0.5532647902113436,1.028046736835537,596555,6
ok,193.29047352286543,159.01048673740036,0.49117346051569505,0.1,274399,7
ok,193.37059920719776,10.0,0.7316361101698666,1.124994779626673,719716,8
ok,193.74126494684313,117.1366522108276,0.33439444622785647,0.7505547312932475,283706,9
ok,193.78947839180861,295.1142663345663,0.505460682810169,2.2006518723545927,259132,0
ok,194.08656887353195,226.18482925779804,0.28843010255135976,3.5157977779304863,488991,1
ok,194.17969719248433,242.2583254779383,0.6052830619598883,5.545049876081215,746718,2
ok,194.25602077470882,179.12523581693992,0.3538584456814989,0.2380123724534333,479231,3
ok,194.50826739760464,345.27726412538743,0.4612250974285599,0.7929272017943259,382772,4
ok,194.64782715903473,197.38401277769708,0.8481951034852371,3.3261000436549186,547309,5
ok,194.8288319371479,94.06063090185381,0.33814578296178843,0.6752186786783182,888206,6
ok,194.8759250546708,143.94585315663505,0.5023728872890431,9.24508255522872,648709,7
ok,194.9191524585007,415.02396033083073,0.5943317088454712,7.980893511746627,484152,8
ok,194.9499569659396,131.48856321485167,0.5159411452474176,13.323035922786943,951490,9
ok,195.06205328118264,250.8512286996678,0.15128363562067082,1.8554443703832668,695621,0
ok,195.0833733307008,151.4740531745761,0.5387280058477294,5.284162087449569,258205,1
ok,195.12895939828127,183.43476093149837,0.6834815235066244,5.397228337051007,583107,2
ok,195.24913486781952,90.4436553645035,0.3133976620357538,1.6750453014728888,888767,3
ok,195.40126758103705,319.41615908392356,0.26947829898442344,14.210318546063927,560664,4
rej,195.43867079311593,169.37410120236382,0.4867513087262526,0.7016214055192327,167274,5
ok,195.53365282506348,309.973959454631,0.36413891841992574,6.751368300613213,483259,6
ok,195.6694184400178,87.46196608140117,0.37269748952283865,1.166891744613552,302092,7
ok,195.6701535942152,146.39134339486475,0.34301560884832627,0.34552859313994244,998458,8
ok,195.6898656257653,254.22764670795323,0.09535279993066836,13.661530432271189,981362,9
ok,195.72669128519502,222.68720125850683,0.2821258143271902,2.8831257686899003,791467,0
ok,195.7293831523349,283.37040285480106,0.287179724103824,9.024446005766531,379211,1
ok,195.85450849029775,315.91911075830603,0.3153930697283588,15.67446982045615,440213,2
ok,195.98631070908274,235.97863162011004,0.6505436258263677,1.9247532320282037,115067,3
ok,196.03787403408936,175.77637813701543,0.7062489783892476,2.1217548938600292,529925,4
ok,196.04610166748367,125.28227729529509,0.6804093454762593,1.7054450073524994,717800,5
ok,196.1561581398154,189.59067846935258,0.19904002354266015,4.564761013387091,941460,6
ok,196.28032300350736,207.25804712812032,0.9648783969079995,11.453590103188198,257623,7
ok,196.3548270614567,183.58758655876025,0.5512309191170518,0.21387280631739358,783305,8
ok,196.44195751669946,160.1707386459422,0.9402494645855448,3.1790602872905582,684793,9
ok,196.55916805011137,229.72038842943263,0.35581130234565794,2.713530315661056,692180,0
ok,196.82415714504404,431.1446651448375,0.37510774053681895,2.820135057617676,405627,1
ok,197.17064537501545,187.96172124277038,0.6007147663726506,5.540827286260433,122860,2
ok,197.36391751563102,212.01636769368372,0.7141265313656164,0.25877056398541354,453671,3
ok,197.380498331311,227.43202669734956,0.6240098765844165,0.22297635124953136,627047,4
ok,197.63503537212,221.3164249043578,0.8490882289963684,3.7223305231360353,483877,5
ok,197.6723795978208,292.18987673375307,0.47809889873273753,8.122326831451979,654549,6
ok,197.68186298472756,259.4810940177008,0.4195225699121325,17.1704475653091,546607,7
ok,197.68893938972437,176.10798338901475,0.4295116343452881,15.438766534453546,476703,8
ok,198.031709792028,125.85673183092042,0.20298178887544938,1.6657847889651594,94533,9
ok,198.13895284273073,318.22830228684126,0.39311916093396976,2.5238983464092284,777943,0
ok,198.38574676415013,338.5452504210813,0.527168599768756,9.242394755024332,873491,1
ok,198.3952938397453,202.17622345748606,0.3537042901247316,2.662585497360441,409534,2
ok,198.4097830987942,137.15754221069267,0.2778965405460143,0.794835380817331,474529,3
ok,198.447091339699,307.469399608498,0.5373946393781401,8.573637249841656,646229,4
ok,198.52392024118447,109.4340696237078,0.4083781090495341,1.1233819167559376,987219,5
ok,198.60914463080783,107.85411484539841,0.4692500785970405,7.925811527110319,802919,6
ok,198.9636345242734,171.27559721944993,0.7611177678443999,0.1,745911,7
ok,199.00092071500796,128.182448730158,0.41268202292215145,12.11243565279492,729927,8
ok,199.06761606123305,95.57954459834251,0.6503305696941839,2.0456007279954664,775024,9
ok,199.299388639094,129.23843385425414,0.29863701675773613,0.6261447563643139,380364,0
ok,199.34805558449872,178.30576999790662,0.7257185690694502,9.290239434236733,957636,1
ok,199.52261026077102,194.74261943155997,0.5392296234165105,5.984180770807992,836989,2
ok,199.56270474915922,159.74796520123405,0.6221104063812319,0.740619752480366,584077,3
ok,199.5822589519096,234.0916423875851,0.2810610913859043,4.1638989621529,365741,4
ok,199.68338731979125,222.28825077676532,0.5213318110127477,1.1777459848265237,173613,5
ok,199.9465894848363,269.0188023526697,0.32854043962739843,0.24661938715859844,154041,6
ok,199.99379374822072,263.04646681330036,0.6535757922644463,12.857468173072508,244765,7
ok,200.49217502002864,136.33094156832,0.3635100130879796,1.4007237204292668,696851,8
ok,200.5596074380626,156.94587203866305,0.48760555493295116,9.378752602867566,939877,9
ok,200.65139669708776,144.9371607520315,0.4097999208996684,3.9469770650905565,680779,0
ok,200.69321200941766,202.89444454865787,0.5730254029627232,1.1473067593939075,182344,1
ok,200.82770465856797,147.35705906390436,0.47032446054661975,1.4615003951761432,428345,2
ok,200.82778493390916,228.73282353195646,0.31017847330142656,0.9025372819275391,473066,3
ok,200.86946957903243,308.6311568574954,0.3323608220552988,12.890815256821465,523078,4
ok,201.09948814490875,236.85158914095598,0.5635375749927994,2.4564172612031845,742706,5
ok,201.15908059429842,308.5245296657474,0.655349043416277,1.643670026376363,757115,6
ok,201.2557121136978,271.0808523897038,0.4904983576757494,0.6158974115942681,847319,7
ok,201.5812384090504,267.1037616333615,0.6113239216300508,0.11647061971412914,181026,8
ok,202.56375788299795,69.60149403453823,0.4268578300103102,2.2189741116293735,426770,9
ok,202.66248669002283,157.2959048392762,0.4859674023888195,8.205283800032129,276797,0
ok,202.6781152493985,301.23385087785346,0.49867935686994364,3.8560807489237927,955997,1
ok,202.90817748506475,271.1479926583165,0.5674888319676974,5.469843291006484,327777,2
ok,202.96596947070412,154.4778973690042,0.8930569303124801,0.1,598047,3
ok,202.9794795223145,275.1439158329914,0.1809771039522885,6.298101918676772,960969,4
ok,203.44652655653155,152.57200584157346,0.4688636466656081,16.53375477220123,424591,5
ok,203.51828695898024,306.9082373097369,0.5217932118903164,0.8919251443143644,313724,6
ok,203.55244559207912,314.9062854678806,0.47410301687230344,1.352396492780212,678264,7
ok,203.64274666941074,120.87589969253428,0.18354887574058087,0.10507420322225669,749086,8
ok,203.84547416204177,82.3821768623641,0.5506839244271916,3.727137084108238,821641,9
ok,203.84865961580715,226.76921671418984,0.42393508464737034,16.329278243432604,939821,0
ok,203.85404412461529,253.77768272987333,0.43149189198064986,3.4839707150678354,277385,1
ok,204.05480072408798,153.04319411502976,0.5266359668302794,1.1091551996922502,702865,2
ok,204.07320879887067,397.1729573644517,0.3267820824582013,15.207700045112249,328771,3
ok,204.105835668891,10.0,0.6074469046564759,2.8604348127399817,699831,4
ok,204.2512365463656,83.97492493278973,0.3461163431247053,9.077440103342656,12079,5
ok,204.28700553591545,126.57223255634626,0.49519891281740464,0.1,420302,6
ok,204.42335340083733,95.34791785440105,0.4199901831416118,1.6656036890045554,621090,7
ok,204.4287757244804,304.15579810334526,0.5338176313997264,3.638152892272099,42230,8
ok,204.65849510977645,220.82340457768143,0.3871023479441256,0.1,216068,9
ok,204.7870723658689,223.06600067163626,0.06702857268675833,0.7513790223676735,476816,0
ok,204.90204790655488,226.1453753416785,0.2832365284866939,0.1,106266,1
ok,205.14912355187286,172.74691523609624,0.39499306630617775,0.8657828976209117,119860,2
ok,205.1775088523715,246.18410110189083,0.40094570558154885,6.614492737784032,11204,3
ok,205.20032428772652,372.95987748966786,0.5323384382873536,11.208155906753422,988047,4
ok,205.23814473352473,170.11941742117548,0.705638243838252,4.5278423406636,877729,5
ok,205.52825827669477,100.13600225382245,0.26187064394736004,1.3420417725015201,380057,6
ok,205.7054387589819,50.02086030150571,0.48061495633151535,0.1,338183,7
ok,205.7423932989367,143.85593825445366,0.6191861942335479,4.486360620839953,634401,8
ok,205.8226397560567,271.1850965970449,0.21511774185207883,7.03591497673698,332215,9
ok,206.13626384012832,175.29705876292454,0.46336291438097166,7.844759323882822,768774,0
ok,206.2393088684028,108.78137556045552,0.4863396669259084,1.60318950539275,425742,1
ok,206.42748543167198,168.28574838876185,0.6724703011295037,0.5788181856731838,187308,2
ok,206.46226479629328,155.1107876353464,0.41953165274622695,8.594553438678966,783969,3
ok,206.6493242864442,214.21625738821163,0.23082506168917627,0.1415387575671674,874001,4
ok,206.8235311403075,100.56766424158516,0.5368045638346959,3.808650917391458,969745,5
ok,207.2207191725563,70.11503828469017,0.456958152967853,1.110420684335265,341468,6
ok,207.39853955022718,111.14346531369237,0.9270807452376162,3.6785684287422415,820911,7
ok,207.6553837355029,195.77441587419298,0.5197206588602908,3.533671320071874,84356,8
ok,207.83059564712147,120.84522090101893,0.8575367685558761,7.971766878350048,552475,9
ok,207.83247563859555,237.0468998762414,0.7050976128206017,7.76097866793388,628905,0
ok,208.01778488196783,160.51105123735258,0.40373621032984824,0.24289484756137122,503533,1
ok,208.16730395657163,196.88141089202583,0.4758343527955513,4.2681793609404854,421886,2
ok,208.30316081398414,242.08319275902252,0.37972857778714125,8.018301497342136,650137,3
ok,208.37555954420253,202.50043349521906,0.4987057607202378,3.49972566642641,963759,4
ok,208.44943644870017,88.68647778735178,0.5228086389954302,2.617367108635223,246789,5
ok,208.61212521409556,294.651845750776,0.2885542074774694,7.157482057790365,466279,6
ok,208.72614413253538,396.15240165327435,0.32737788030797177,12.167972997856149,928069,7
ok,208.7604680292413,163.58144579151562,0.4407776940772203,3.006872897422622,99036,8
ok,208.78962554007177,225.91636374958912,0.40944250805527166,12.922796195234934,632558,9
ok,208.81358337805804,289.84769106045485,0.31357142163399476,3.6033547116787275,19335,0
ok,208.82775864744508,311.8415485596481,0.27061577782744084,0.8535793639046714,361307,1
ok,208.85003641716693,225.8777080939123,0.7015192933608894,2.9727644592815246,31854,2
ok,209.01951352402875,109.42979058545137,0.7637661119719811,3.073237192353517,317713,3
ok,209.14396376753092,192.09515097781045,0.38810412866718863,2.710640164393693,517436,4
ok,209.39770770479706,195.78281913001203,0.47835933146278825,3.215988312600145,146797,5
ok,209.525184786145,303.39824618087215,0.6139194596977482,6.598483147166815,748855,6
ok,209.70461749995727,190.01896695099438,0.5268569575229494,2.112277788354153,741512,7
ok,209.81461806491842,158.3117809078533,0.5957359290449341,4.08011802429649,53740,8
ok,209.85663775686632,166.27711439078183,0.605446476461007,0.9987115588802937,9866,9
ok,210.13575858301394,139.4603699404897,0.6934311995350049,6.914655724542405,345843,0
ok,210.3347573300151,319.692077722227,0.6881409052721029,1.950215371334709,425508,1
ok,210.40828426895285,170.12869313577966,0.3545595049200527,2.6014588856147536,501645,2
ok,210.64538289903084,101.0725494287966,0.6866327039449918,2.734375481473948,683010,3
ok,210.70154450830742,224.78792729078734,0.20180721281940156,15.325086397409752,941181,4
ok,210.7773433296795,371.60860959177506,0.5657783378223169,2.9426839782269285,643201,5
ok,211.5621348503626,106.36713479086153,0.9078617257544839,4.984056253935039,5218,6
ok,211.76285694952193,295.1716280405341,0.18893777297017883,6.700669806244971,917608,7
ok,211.81116201279417,319.759052795493,0.4014299133219617,1.0201553327370565,505589,8
ok,212.1066786365701,241.67127568901665,0.2516094792621334,0.21871855421831737,669914,9
ok,212.20719283466448,229.9739754407107,0.4998226264161716,2.2765079705103703,950585,0
ok,212.5108662551643,216.7163260087223,0.29653226058712223,10.317275372783074,603028,1
ok,212.56548310918177,369.49710158340315,0.5113524605276767,3.8477430850937084,213459,2
ok,212.59384641029288,127.92141558845447,0.2895995935203951,2.7671302781289464,233781,3
ok,213.04835604458373,305.38353353992335,0.6600273086700448,5.573891231884539,776879,4
ok,213.22433919280746,169.12446034931804,0.811768866840511,2.0084594170954824,642009,5
ok,213.24967165351322,144.8217047482808,0.7134160248362164,15.128239140187766,343503,6
ok,213.3624139396876,245.90761724314407,0.48135631213674585,6.456708332338668,173999,7
ok,213.36518273099784,320.5309829489503,0.23890414203639732,2.372844013408587,350201,8
ok,213.36727745066403,212.1357501618178,0.39942872292604753,3.418191071699952,317927,9
ok,213.61137421620768,278.1528839416974,0.4841308013073265,2.756055069875323,818907,0
ok,213.9617301928388,62.93697173168374,0.4521500012308747,5.777707691735383,870522,1
ok,214.02908483195534,168.41707646268134,0.6002036419548265,4.560368158882048,410337,2
ok,214.0355959919009,224.2385497409791,0.4064587394658406,0.5628075720988108,595722,3
ok,214.19880988056212,174.82124456052043,0.6722201637890131,1.2677753726338212,627107,4
ok,214.30828653626534,232.7591626330658,0.5507489740176422,3.559746788478864,761478,5
ok,214.36027956696003,335.97429061883554,0.7441713791487833,13.891671405183478,509365,6
ok,214.37528021356883,173.67958655185194,0.6885749370890415,5.647962914192181,487985,7
ok,214.4167736956572,186.46447192595474,1.1655775625061526,1.605552693027609,799723,8
ok,214.4826208040454,241.34323128262756,0.6403469077032468,7.995226981350591,292959,9
ok,214.56289549694336,218.74708166087757,0.39105826492534984,4.73448247126183,90059,0
ok,215.03176416421442,263.47305846361223,0.6253800561153093,4.833955256376395,528161,1
ok,215.08148719909036,10.0,1.0303119572269475,0.7427989899791683,223942,2
ok,215.36053710627482,277.78011484525575,0.1014908925559681,0.21115709474809094,601022,3
ok,215.420550198549,268.3011054121456,0.5103251082981244,1.789728622018961,384801,4
ok,215.44326569712294,146.1045037576996,0.4255759167649861,1.9741560958926263,253484,5
ok,215.57113767556737,100.72822574519373,0.3956920736157962,2.9887680390085873,379255,6
ok,215.6327200821526,93.88109221549117,0.30376192530213586,2.8021486890968452,886494,7
ok,215.66219532562712,179.48695834793708,0.6029841801723501,6.626411395118184,389833,8
ok,215.88323161554317,175.04963058620564,0.5088729174029113,19.762655834764317,840244,9
ok,215.98883131576153,72.05422259456667,0.4633378039120429,16.329095903408057,190009,0
ok,216.05458629259434,234.7421606077617,0.273706725783914,3.0460863465241577,938185,1
ok,216.32200706648493,204.97581240087396,0.20671304370804017,12.408521595584949,253927,2
ok,216.53982330370636,214.98581715225293,0.3528734982133992,0.11558673827462551,565308,3
ok,217.28503860263152,95.76528329906512,0.49093392358733895,2.5232098180035702,850779,4
ok,217.30926677951734,174.97753932536716,0.24349878322952412,2.4928392902552425,680345,5
ok,217.49764231798403,222.40072549644856,0.056556767402299535,2.2937090332155456,756904,6
ok,217.59020797759962,230.43153737432394,0.9978140632329049,9.830444193422467,654932,7
ok,217.79283404635888,276.43602823274296,0.6498800264305296,1.7480373487940342,235889,8
ok,218.03207489174218,251.39364070147224,0.36874885572339755,10.58455573093913,219696,9
ok,218.0657312642315,316.1383779767782,0.5683781704653457,15.087943162725054,614431,0
ok,218.23371300116168,27.024109365822085,0.6793788212261129,3.2121494164367563,491187,1
ok,218.2976434308997,143.2606411415835,0.275667390832699,0.3206747274924756,249713,2
ok,218.3425376002879,300.39826107476216,0.3861958391228908,8.121518579656785,417263,3
ok,218.56929554871724,185.82076526135052,0.5236693853936649,3.065040720120584,904741,4
ok,218.6345249989263,198.01623733454727,0.3182413822471498,5.879341099456616,278697,5
ok,218.74658276114656,176.14875273681167,0.01,3.5926056727089053,615977,6
ok,218.77494195535962,153.39935661270198,0.5109250448369268,6.101857807887919,213418,7
ok,219.102597572176,10.0,0.408706622242862,1.5317024435867574,535633,8
ok,219.26173220199013,44.354562689386654,0.5492998509975057,4.940964797313281,905087,9
ok,219.31618952207413,248.3051338040829,0.37165932735001966,0.42230442906601295,169481,0
ok,219.3536504377123,237.60982478806937,0.48748931349284963,1.6030221682015071,1634,1
ok,219.4183891029433,221.00745493550573,0.4867763996316545,17.76760906674516,425448,2
ok,219.49829302739136,187.9618672106926,0.7941092982087015,4.42006635304872,804385,3
ok,219.6186135308926,105.17181853906366,0.7402506143760148,0.7702053543278953,495922,4
ok,219.8146847068782,62.18683453203698,0.34587522138542925,1.4312450538882393,775670,5
ok,220.14444863339133,234.15392977026005,0.4715659375959605,4.328142523695694,379357,6
ok,220.18407366978153,206.46040914116477,0.6421092825563544,10.624867748986828,680927,7
ok,220.2535613145565,111.1288697117947,0.5671740629238222,3.6610167210681945,188619,8
ok,220.3958283339451,207.04587379650997,0.6273553775293981,5.9004700008098006,709773,9
ok,220.46924979035046,128.97054341034843,0.15730422780993436,4.879739578250309,207792,0
ok,220.55866547400785,91.96890228372104,0.40116010427030097,3.866124455570119,761927,1
ok,220.5938638649956,108.0652995932658,0.4558185867194926,4.029089701789928,734235,2
ok,220.6568064971614,78.84140912644148,0.3016757537815551,8.656071058661595,636654,3
ok,220.73171961091904,215.08403834240272,0.677924490402998,1.292894914595088,969883,4
ok,220.8608371929609,233.0661429855721,0.16611704752125273,3.088376158187691,191049,5
ok,221.0758453939701,229.63452110678327,0.5254055238759702,0.45227293704280624,884951,6
ok,221.18956874504877,297.81595173462745,0.5017332192230094,3.2087493619210954,508021,7
ok,221.31605703584785,230.85090577569204,0.819192604735759,5.159919487907617,645086,8
ok,221.42255039849965,232.86182261590045,0.26197979745538413,5.2694902779777895,6955,9
ok,221.54903327712265,190.68867334718732,0.4147303209992194,8.308105859673974,829424,0
ok,221.60818535431684,128.55096336802245,0.3601674971262383,8.369876412505976,769926,1
ok,221.61854135474283,89.28276042610726,0.6143172255554575,1.537004143703503,140087,2
ok,222.0610129966569,179.47678013213567,0.399498276530792,2.1611447715573457,962249,3
ok,222.64848252050336,134.12192393959924,0.6089403432443868,0.48330737324131173,220177,4
ok,222.7908814470262,193.39028743306844,0.5111891767845074,0.9551629947538769,737917,5
ok,222.87007492399997,195.96157419474696,0.536814973686936,7.591291749579367,227868,6
ok,222.87936464446443,145.22508273645045,0.6128394180178263,23.18859457091404,1519,7
ok,223.28610873816748,232.8245796972757,0.5859009275967634,3.165836715617094,651341,8
ok,223.36116262287385,141.8986475256957,0.5046773100696802,0.2819024860957053,87997,9
ok,223.37287270679153,223.51613895053293,0.5525660808336342,8.342539982623181,478649,0
ok,223.37645489104366,211.6410390634779,0.30853624293458404,3.5492090895416393,816646,1
ok,223.3865168244893,151.1158182561697,0.5734478553464174,6.006204969751879,669585,2
ok,223.4264396013051,168.52976833189075,0.3793622615202696,13.467407717173456,206496,3
ok,223.50311470866686,160.220018918924,0.37320075389014573,1.1996366899697581,777164,4
ok,223.62533106813947,382.16501556920196,0.7472644538532016,3.0369122317551285,193866,5
ok,223.6275904051564,323.51147110472505,0.6055475991852288,0.7970828269293756,286239,6
ok,223.6868053044505,136.90069905506328,0.695548715320299,6.583647923415361,414655,7
ok,223.8979606706375,116.87279545208784,0.7133329370424921,10.49540242716069,646806,8
ok,223.94560626389114,187.11625733318624,0.8070465663657825,2.8271975563844025,877472,9
ok,224.0065938985091,200.09207326938719,0.44439785236247764,4.0911307197427345,22811,0
ok,224.24821886657475,314.4025380791967,0.881065772883769,1.946853048575345,10906,1
ok,224.4032291922946,119.54677032013876,0.24591503124733088,2.0636035206923724,377049,2
ok,224.48225630591116,193.7187523683812,0.538713196691887,0.13491933716383642,920103,3
ok,224.74599733389547,112.84688858266803,0.8024751544798538,1.5719209725605214,121457,4
ok,224.85786725846563,193.48092337045375,0.7552057172243907,3.875219450410607,319659,5
ok,224.9186101262945,204.5110715393191,0.4316905617237399,15.843011408671398,37407,6
ok,224.9556429047811,135.59482315726365,0.815390302295818,3.0025452810314612,598766,7
ok,225.14833756649332,304.04864858260567,0.6020799315589733,9.279042429818038,382779,8
ok,225.3731016961434,183.007849086641,0.6121327937692114,0.7698189289699138,495556,9
ok,225.4560198421189,178.85255360496146,0.45806639045976844,0.27048286871679156,398921,0
ok,225.66136737179556,159.61223773802257,0.8034401271273857,4.1410693469003155,127613,1
ok,225.76796271716023,280.61884194025765,0.8699203832366291,4.74579577345747,79826,2
ok,225.84471802697564,267.3070926960156,0.10044735200305466,0.9958156925986382,485242,3
ok,226.24859538454544,219.79534872172508,0.470518795473487,5.233003794788109,184390,4
ok,226.55344117925588,317.448601309172,0.8831362015250097,19.01247316527054,149836,5
ok,226.610698841546,138.45226834067208,0.31179823271101215,0.9567852865822055,844040,6
rej,226.7066999726624,221.91597081858345,0.5805720001127044,28.06550210282024,922548,7
ok,226.8055319530442,215.93245745954096,0.49204029390823345,2.676374140344639,921652,8
ok,226.84836391143585,198.45602495753255,0.47455995496630815,7.341597501607481,807744,9
ok,227.13741735812414,140.4684970338937,0.3530564169021131,8.835144412272207,475972,0
ok,227.18251880626067,159.56751016440236,0.8251555460188796,4.7491326033615495,954594,1
ok,227.38258083122471,179.79232999775348,0.20150705932856794,6.864809467487799,671875,2
ok,227.56397990741746,280.94247684175895,0.6758239213807437,10.325861912716663,65935,3
ok,227.70958949732196,160.37276528876959,0.6488906723968229,0.6442964628041812,279893,4
ok,228.1287215107839,134.22233339564696,0.5559401440901155,5.849506362175065,154964,5
ok,228.13198612738725,242.89846454405685,0.9833269229795133,1.7122712603043229,912330,6
ok,228.2540073274915,103.55866240143186,0.7001181557619842,3.1289885806274027,507251,7
ok,228.3536085989691,287.9643872938759,0.9516163368242363,3.388218519132934,563870,8
ok,228.72254802268193,259.3539298953756,0.42769803881178003,0.3455272279985913,78340,9
ok,228.9209588549066,102.68435522969821,0.6491334502387089,6.325576192547978,956134,0
ok,228.9753193462395,189.6243017716927,0.2652754009777277,4.764284341513313,847041,1
ok,229.0195253144129,269.81659879743705,0.7317542216934526,1.7384441543998963,940195,2
ok,229.17072612421063,114.69291559884523,0.6814279845494475,2.7164470158511382,552156,3
ok,229.2070984387463,309.714682165479,0.555085458165064,10.723376266338274,741833,4
ok,229.57911565649454,191.44717772882288,0.26725783575522677,2.8826863651803114,837686,5
ok,229.63735531740033,129.5837658543244,0.13784226491974133,13.007625439942263,306556,6
ok,229.64084892645587,287.1890695294986,1.0122872856102973,9.084833613159159,300399,7
ok,229.67157711906458,259.41834190143476,0.24811114155471792,10.006442955865646,960262,8
ok,229.70734101388447,285.8361066277453,0.3957958243957282,7.779480492222768,28539,9
ok,229.81405347259272,297.81253806002,0.4030990682866439,2.2104817275345434,573528,0
ok,230.2030903765897,131.54139746345948,0.44084270612088633,8.675821731593414,933572,1
ok,230.31135202726958,299.1253533688626,0.44224645007391933,10.120502109613525,587507,2
ok,230.4263660855636,207.94270988204704,0.5630044180405366,1.1138205837958601,218521,3
ok,230.47565412736049,341.2077429769663,0.663045870614331,3.165616057149445,81575,4
ok,230.62125364384727,199.28020378566953,0.3808982629849558,9.79255081590283,437255,5
ok,230.74980834333226,301.2018449215945,0.5452333252826177,7.604025698867366,955514,6
ok,231.00276752951382,272.2027142473999,0.8242898007836961,4.0983527097940335,131761,7
ok,231.01047974797697,144.4761463105261,0.3730447821727987,0.49295193521760045,195387,8
ok,231.34561241855806,41.27409665685596,0.33457343232948483,8.064871559848603,615358,9
ok,231.60163377304565,201.5779565146106,0.6080803466392677,23.87889545302496,323130,0
ok,231.62881073061044,214.25079549544606,0.3956957236211851,3.2814014415563424,486471,1
ok,231.76947269185942,168.94620765662788,0.5963615628422879,4.634679922355906,970025,2
ok,231.78825452907313,229.17934669143793,0.12788509153960637,16.265087183615044,207688,3
ok,231.81816916872071,283.09786591958914,0.533099366917293,0.7787669433317717,898866,4
ok,231.87069362710787,147.64846602797866,0.7460931079436014,6.307873433785016,41039,5
ok,232.04338156499517,216.4617005871941,0.5240279643985553,10.408842160274709,730154,6
ok,232.06454568547608,181.75127141902834,0.4818661992016578,2.880037123739272,354091,7
ok,232.2877854230834,108.64951565607478,0.5663552052984425,10.679549423932945,481578,8
ok,232.70402181699788,189.15763793687097,0.37342394824561964,3.250633631490401,821586,9
ok,233.02392367395157,163.50468932014334,0.761258390229471,2.8073087212044423,65478,0
ok,233.03240444759055,128.90749745391514,0.3424562695262325,2.4091432017816903,161442,1
ok,233.18991626584148,190.1816224377558,0.5024750399248809,0.1,239472,2
ok,233.226213579941,263.36553037884266,0.5392984423199331,10.391817220827724,894921,3
ok,233.26591530485246,166.05727360986194,0.42757685428095,1.1902710028122163,648682,4
ok,233.28064730604785,127.97633452675106,0.5074182657255606,1.8008286029303278,367980,5
ok,233.4507815041933,135.9924373145086,0.1474338666517374,1.598876101544628,665923,6
ok,233.5489290236534,226.1654439720299,0.41608987543636444,1.1989751117252507,321575,7
ok,233.59735964952327,207.2688057820176,0.01,0.1,843441,8
ok,233.6718713600415,173.63106287155932,0.7994653967996763,3.4863332585643954,733275,9
ok,233.95131579282292,266.509247672255,0.6762532564235999,3.191074737778832,676376,0
ok,233.99636357499682,258.1226710296665,0.4908438142105362,5.418846062106915,113355,1
ok,234.19048771769985,199.1273988245146,0.6497686316136128,15.542775758536587,891093,2
ok,234.4003035705759,209.4597143462275,0.4592438894265151,16.088168438064653,199660,3
ok,234.41642412112625,165.43581357340406,0.3600429306101246,1.7060676220369995,162929,4
ok,234.44456750329917,280.73276781550953,0.4489009492939266,2.0009871597039592,853577,5
ok,234.6900787804752,205.1417221388098,0.499798636165063,1.0365102057720845,966826,6
ok,234.8777889228352,252.24920669320753,0.522738373594106,3.8017927972018213,233147,7
ok,234.93090882504683,159.11776619386904,0.46017591369463484,2.5325385364988624,30217,8
ok,235.2306828434077,199.8234668486059,0.5205110963873831,13.086224042137147,338886,9
ok,235.24502721895587,161.31136490602873,0.4519284620641742,3.135206700190469,124758,0
ok,235.28589410233317,224.42996998032203,0.3943658553001982,4.292351770753371,285983,1
ok,235.37646787858793,164.98855886484188,0.5333088843273198,3.657772257040271,108649,2
ok,235.52620049044603,215.5859954121843,0.31334438659288005,1.9222775454610512,391128,3
ok,235.63539025572237,197.14937857312796,0.42658668558797597,1.1535142502007514,812673,4
ok,235.67077077659624,218.4789116381361,0.7336940427762969,3.4904220253981744,75129,5
ok,235.85732619945574,272.31840291506927,0.5282039116467008,5.476660702203322,529133,6
ok,236.11705174297637,194.42315575091664,0.44101482207032006,8.986018728284595,849532,7
ok,236.2108172872772,241.75255257556697,0.5393407156991208,1.1583574943776707,966169,8
ok,236.21419086292565,286.67363770877296,0.30122792240449314,7.23251804095019,893177,9
ok,236.272722411835,237.30233558720806,0.1523294601806342,4.154172180761682,998496,0
ok,236.3081279709838,353.733074814308,0.32570736398430644,2.8782967137772104,752462,1
ok,236.63369666535854,292.34928674475344,0.2812671566207991,5.104036654852702,643959,2
ok,236.7104669064816,310.9154576227838,0.7143992062801747,2.098641633786112,142269,3
ok,236.76427941217696,256.62448837739527,0.01,3.402038958758984,368413,4
ok,236.92856106366972,209.18647537952828,0.2553155497041485,0.657764328671009,137625,5
ok,236.95793644203656,143.52711947874965,0.42446984720000086,5.816574212671127,444286,6
ok,236.9595465985423,249.74433210972379,0.16818574336807635,18.153289908874008,768169,7
ok,237.14957123551378,316.134137331542,0.5787784026044442,2.76906451682346,779215,8
ok,237.18782132859496,155.3382649772034,0.6592337775350812,0.1,205524,9
ok,237.27993167772937,128.94501972616098,0.5354246438083168,2.1322756177772395,325306,0
ok,237.3543331737291,236.36863920193812,0.5747329731373492,11.513059082875145,580006,1
ok,237.43738799722928,245.20214068255257,0.4413594756785368,4.383916365301344,797926,2
ok,237.46651410430457,304.60562978004214,0.8379983032279639,2.797901728522063,21329,3
ok,237.77035109266285,10.0,0.39255319541258704,8.357396761850337,788853,4
ok,237.77331012018163,170.9237470155211,0.4741478590127203,12.498596426657402,18317,5
ok,237.78415116877298,193.01078627064007,0.6394232346652674,3.5337714036490864,357001,6
ok,238.2553708267915,10.0,0.6037366120029681,5.040680599267206,669836,7
ok,238.52330986064084,101.15198217785863,0.8175395075200027,1.9961089860241152,156883,8
ok,238.57053775108335,234.1120618469375,0.6009987059737504,0.2400255280284373,754326,9
ok,238.86729888462074,233.94221941715804,0.5318878300049407,6.4521570275012055,77193,0
ok,238.90868572455932,207.68695716832272,0.463117763714658,0.9306520548702203,902926,1
ok,239.1587076144007,265.8402269883815,0.41703297716395593,6.940756116055315,570667,2
ok,239.21997386734728,218.50990588439487,0.6368061159849634,4.117829497482747,789814,3
ok,239.23399464326158,228.60873020949361,0.5928398022724558,2.0156356106292077,50173,4
ok,239.26868879150106,211.22750160191475,0.531247892856819,0.25156940855893545,143541,5
ok,239.4378249271338,115.69627727299806,0.5724115126589833,3.6600551432659154,773835,6
ok,239.62565851553182,269.4775149495359,0.324797606772195,1.8734824194238886,517202,7
ok,239.6669253057061,111.23977338216693,0.46918109376650063,13.336999301622566,437456,8
ok,239.68256830425184,112.49248700391374,0.21009946027636955,0.44589297637913894,709701,9
ok,239.90427714370213,175.81473754465227,0.6632868345413899,0.9886518225801934,375425,0
ok,239.979311198274,219.33789071279188,0.6234796279061138,9.348652938313363,503975,1
ok,240.1987730840997,255.3813792463352,0.44970431095785224,14.632289900994754,694866,2
ok,240.4840703721005,359.3302525401103,0.37354621914683805,8.057375382147958,309252,3
ok,240.48963460214236,254.8145902003546,0.8103109337423458,1.5031154109210525,311493,4
ok,240.51050352637785,211.5055454086708,0.2786556026698145,2.006458129712769,66797,5
ok,240.51077711895147,126.65441228029701,0.27865061592484197,0.6757486627335002,933777,6
ok,240.63938067987343,305.85582986292195,0.5093127625490189,25.4658231260688,655743,7
ok,241.2705601354217,97.29360557481414,0.17225451227199562,3.178059706425474,157821,8
ok,241.3086614638329,183.72105984614552,0.26176681780296995,1.9816858319434159,774973,9
ok,241.45183469060152,197.1325979523989,0.8179280750435128,0.37463594453880933,120448,0
ok,241.4703385871561,138.97420243378428,0.4502842581845189,0.6158393495874724,7240,1
ok,241.9544790028551,139.06441222170307,0.39538245717446063,0.1,860735,2
ok,242.4059222750617,174.5924734258405,0.18638345748018098,9.788429307009338,94367,3
ok,242.4335381209368,222.8057848449489,0.8459817976616515,3.005976486419212,941342,4
ok,242.67598084294693,154.96233267773013,0.20199102505264183,23.50056153108015,149661,5
ok,242.85430609644288,165.18259212997702,0.37933172099562157,4.230109395846001,369361,6
ok,242.8621224024624,221.7884710784531,0.3742815981415246,5.352110298123317,933338,7
ok,242.92998721908168,25.48524089272263,0.21541609771132386,9.771150792589195,886941,8
ok,243.41818597016882,253.40908737869844,0.5994322341281275,1.4938673426664355,746884,9
ok,243.47160825089802,173.35965535580317,0.6984090061982379,0.6462588746555815,163335,0
ok,243.75879192989123,276.7642885256618,0.6879528189071856,0.930609823062477,994595,1
ok,243.768403995381,188.31810832521376,0.80452421609153,2.4814135583981165,315260,2
ok,243.91844895128204,190.54234685664875,0.650302006852658,1.1323845133881656,813788,3
ok,243.9636601405347,125.1699883156429,0.4741642937961758,0.4155679376656831,593957,4
ok,244.06673895473318,228.27167035022146,0.8577533216612443,10.68976060245701,711334,5
ok,244.08472325472033,140.03637621230817,0.44564284526998954,11.177274437048453,922225,6
ok,245.26283769664397,186.92200728075932,0.9482052757113292,0.38009665691512695,966780,7
ok,245.26799358300389,153.9007684698456,0.37155639228577453,1.9158278038141163,561779,8
ok,245.3291429073185,272.15063383660333,0.7046712186680955,3.3420206395191574,135342,9
ok,245.37179053834842,129.58958724371286,0.5432605560490621,0.1,93647,0
ok,245.53391550117004,320.84410985083133,0.40814509571598045,0.8648972832124895,975067,1
ok,245.6914043306049,187.22940971013054,0.6343209742830845,3.7451249964215267,239807,2
ok,245.70961153322122,190.14065396704456,0.4141300625861685,0.396256724359096,599363,3
ok,245.75732900093882,388.92474949989713,0.5930134581665748,2.3395688629985103,761332,4
ok,245.8806690342963,179.12865872944315,0.37671241572807657,0.4100681367781355,816752,5
ok,245.99286159068822,249.73378082140414,0.479312963680019,2.8183693377033587,781786,6
ok,246.02642654939277,182.8521182985603,0.595620171031207,2.4018720047049174,240948,7
ok,246.18912927925632,97.66245971314407,0.01,3.1104257925093757,844152,8
ok,246.27250833891577,265.1106055127309,0.4000863797917066,0.21440771644304485,351058,9
ok,246.29995496348786,205.47330810627344,0.6184638403110855,13.984462633859225,94589,0
ok,246.4938173862462,203.67947453252813,0.744040877889551,2.1295936183008326,917562,1
ok,246.82179615382177,81.39648326941249,0.6215341344561499,0.6469859580931674,195824,2
ok,246.91193439405015,221.80710139683197,0.2682023442256063,3.6370089621505644,699732,3
ok,246.93645689079293,220.38291969254425,0.13373033370718646,6.434545757411101,458286,4
ok,246.9706078916763,216.81699246736366,0.26649876293977204,7.39407329294449,220218,5
ok,247.05602703949629,186.35272566844546,0.37585735721210906,12.43481893028674,431016,6
ok,247.0890285072534,58.23379607393554,0.8010290782556946,0.961609083779611,681024,7
ok,247.2522444451362,148.6523146773348,0.4098339152482215,0.1,688681,8
ok,247.34046305016142,221.15319270363983,0.8364790913751232,6.260488910604983,39269,9
ok,247.71082516178365,324.91107771569745,0.35800806484564907,2.439043380671259,874073,0
ok,247.982195702276,172.59350599736098,0.5117039028782827,6.369373602438893,350399,1
ok,248.05442870235186,154.29634286100446,0.36274910346180833,0.1,450045,2
ok,248.13115913051203,322.66111408327225,0.5932685083554132,2.849688077760703,970460,3
ok,248.512209721358,46.86089034606226,0.4381736001314579,10.234121759406387,521598,4
ok,248.67101106170418,178.5552759812726,0.7190017679612817,3.474623716321767,684876,5
ok,248.72472077833805,241.79068754496552,0.630265694193759,1.4414784818053517,587464,6
ok,248.76537112806093,238.1203753294392,0.48493626254457745,0.685281182380346,361590,7
ok,248.86023229210167,263.6367655990043,0.7603657064039895,1.6856709285932268,969184,8
ok,249.02865085293382,83.31959663368238,0.5414589892690064,1.2108470566381742,193750,9
ok,249.12133131093768,138.92363435962156,0.6115296806783701,3.4191446407097232,552628,0
ok,249.25580090293604,256.0601475899117,0.3664224269193329,1.859899916740665,123298,1
ok,249.28844808296577,65.85955521898961,0.2667613670615595,0.31048393474702096,688679,2
ok,249.30321722831172,188.1865347220364,0.6677675914049048,7.927672262440336,904727,3
ok,249.45640515203425,233.45738076626216,0.7341373548347433,6.298026798484151,45051,4
ok,249.65563478001852,193.7112217905857,0.487613963561659,2.5966594755782477,131338,5
ok,249.67907634430674,254.47472947572697,0.8424724036956094,4.768171414275569,717856,6
ok,249.68268844044195,98.53061740648769,0.4401382906221671,10.402755432442415,997876,7
ok,249.68390586855674,273.58140489474675,0.34212678701771637,1.933620013612585,396320,8
ok,249.9559268215048,106.97982804111547,0.09038473227715849,10.071383193212807,151922,9
ok,250.14677073390888,201.07907273334854,0.2934476852981224,0.24837752986431216,441514,0
ok,250.20225644835432,264.40462018365076,0.3967504683623915,0.1,803173,1
ok,250.22512973820818,321.3099149811834,0.6059178969034128,1.5423182324472315,802741,2
ok,250.40807239354842,250.199590915702,0.3722475074597041,1.2819547270173692,773333,3
ok,250.42449641745853,212.83359722967487,0.5119330428275526,1.2446396383944598,233981,4
ok,250.53454790468277,338.8828696104361,0.5272810317519497,3.3219802354749817,664252,5
ok,250.61778489768605,278.6910352857778,0.23723118030804563,6.752651802325179,281338,6
ok,251.01512573418646,360.0044038715612,0.5095210581299945,7.167036962100295,645273,7
ok,251.05166369100579,209.5617550688656,0.5544337384991672,6.340350435417249,566520,8
ok,251.08670968424747,242.74877323357708,0.10516672589754922,2.967721912033694,735239,9
ok,251.10584011570063,236.49816404530856,0.19530877797012675,2.64689550595715,948549,0
ok,251.43575964913975,157.30643406228023,0.583771335003224,8.10050579484686,129930,1
ok,251.50702841810784,228.1231098944211,0.7852664189694232,2.532053716925599,90289,2
ok,251.90988831709652,289.9050638276374,0.7422420798777604,2.8157221407772655,539427,3
ok,251.9868986390545,320.24295665868027,0.6306757614250311,1.148872043620419,874557,4
ok,252.0542820149836,270.19328651159356,0.6203890144362272,0.1,598131,5
ok,252.11667250100288,386.8371952185296,0.6868036058208994,5.798479294649662,755515,6
ok,252.26845480834984,132.47715659541655,0.469536512909416,2.038172963364195,649062,7
ok,252.27924580450536,197.00434275182647,0.32005491398430364,16.434674711474116,185914,8
ok,252.50927210797846,166.414316349179,0.2543388325917544,3.698192700801136,208403,9
ok,252.64933634503348,179.58579272279923,0.550962677192681,1.1963212028992147,693881,0
ok,252.69018529212698,209.77434634384412,0.4487184442445321,1.8168970792217922,651304,1
ok,252.9484454819791,266.49610756921874,0.6122063609207519,5.06422314396872,707453,2
ok,253.0732574273663,208.25203769052462,0.3423073178311066,1.7074219845903134,744157,3
ok,253.1160854898495,263.07076068068574,0.09783023779501954,5.478659487384693,75828,4
ok,253.31199367875035,182.4342976670124,0.3398845997512553,0.7711145456394739,563213,5
ok,253.50358682443348,345.3131023661932,0.2811786532065019,1.0545009572663646,992515,6
ok,253.6804348853503,354.26623805483587,0.1933539090844596,3.0047858024414076,328918,7
ok,253.74088688859842,170.87595910338445,0.01,1.2560977211805544,135596,8
ok,253.75461408835378,257.25172569864674,0.658588746623932,0.8943101946053202,527006,9
ok,253.93905014060607,249.12984219712226,0.01,3.37749502899321,248792,0
ok,254.1369730930226,214.64322666932105,0.47838166952608824,14.055719624798503,249308,1
ok,254.1600601053584,244.76788613471922,0.784803639117925,1.097672660890414,710760,2
ok,254.1826421460629,206.4487144039716,0.5985363331537772,3.7181668179534904,477441,3
ok,254.3383367186413,174.93012286947828,0.7535131479555721,2.786514393407455,705920,4
ok,254.35474691284256,191.3438853715454,0.5637372451850335,2.9272794977985446,425812,5
ok,254.50169694730903,273.17587264828194,0.3212224371574148,4.187534046420932,478092,6
ok,254.5119081463517,214.24659662542416,0.8752049234916905,4.776207131611151,111864,7
ok,254.98971600491618,306.6680223988634,0.5440941966662742,7.669670520341577,328869,8
ok,255.49069929913472,112.78036620611941,0.37008554318940967,6.224232085420118,243341,9
ok,255.53716347557972,169.29802597475089,0.48291885469345813,8.45085024321034,50065,0
ok,255.76864263669054,100.20254067219321,0.12644823722141763,2.981603478944368,361105,1
ok,255.88925523525305,27.459485539148773,0.4600418784690201,0.7957876300291762,112162,2
ok,255.91303304422317,221.23730243377014,0.9973933221426614,0.8584101410563829,412791,3
ok,256.0886685614463,141.34066813942977,0.24946732082326661,0.10068863118337497,19129,4
ok,256.3460854402895,190.97142439955988,0.42520899460420164,4.1652869359197195,590634,5
ok,256.42041787606314,371.2542659867971,0.18515456513251666,9.743309615483657,122754,6
ok,256.45226736278795,175.95113882729117,0.4653401167187127,0.5561620128085571,783033,7
ok,256.5346889436022,229.0272196486169,0.6443484797021624,3.738944977330827,850575,8
ok,256.6661424965297,196.3270517386642,0.5990861222030628,0.8615044511453268,271657,9
ok,256.688614447999,204.27127842412884,0.8038413179755053,2.4723803244503615,370357,0
ok,256.8528355325231,77.51478240395716,0.596076722896719,2.6994714344288817,581631,1
ok,257.19080915534374,204.89328031638237,0.07497602225135463,12.691698883187515,252273,2
ok,257.3625816695607,52.40655176541904,0.4859061038763206,4.764623449276677,354213,3
ok,257.37713854290666,191.38870161183297,0.6103440365914353,0.7405133288062784,443635,4
ok,257.46490252670765,169.78051596106963,0.42447616977002334,0.40399049913177826,237672,5
ok,257.59094424302344,117.82384020735746,0.43032922796530254,3.6239856541211073,45576,6
ok,257.5912328731044,164.361585952484,0.46273398976463087,2.3760638120168034,146614,7
ok,257.64285288110693,186.84023785944333,0.3031713843299876,2.080109328179881,175481,8
ok,257.6661997230359,84.82662816772165,0.44830398668675797,0.1,137120,9
ok,257.80413388206654,139.55545009637268,0.48728083542713135,8.198072463252094,977601,0
ok,257.8298390063587,145.42073157391906,0.2859540543768796,4.914961341205458,763640,1
ok,258.04879942931325,140.2020922393305,0.4389517452975068,8.161577733924508,871206,2
ok,258.06705484009575,198.07194064146034,0.47341293282808605,0.5107318520705519,985845,3
ok,258.0774074514415,192.9084797828745,0.43868866534866446,8.03691771786614,179879,4
ok,258.12776909708884,138.54358361925162,0.7958406208949054,2.722471306248347,410896,5
ok,258.19353395003014,107.14883114766036,0.4294699556635107,3.1502837119390064,158342,6
ok,258.4244304704127,152.7334906638976,0.28684211238672674,17.951435713875053,109401,7
ok,258.7674439814574,236.39294475663343,0.44666548874007495,9.123497485805675,676229,8
ok,258.7873496208023,129.413786587527,0.3798231818670625,14.509057857512262,315057,9
ok,258.8974141053569,397.7779075611435,0.706812257316716,1.1031891096106818,800988,0
ok,258.9126106005556,400.6330184299756,0.01,4.811228143994311,446949,1
ok,258.9216376624413,278.3451942720834,0.7974989750703145,4.920714710196859,486042,2
ok,259.31133326426556,197.54799235162693,0.7288266729075479,2.8197730806887575,7756,3
ok,259.3781764866336,266.48601500423194,0.44823480550209127,0.1107540826365431,115844,4
ok,259.38006320284364,264.6987637693014,0.4403603382065239,12.321425206915409,442629,5
ok,259.45287351968386,82.23697685149382,0.1654116792813679,2.6705874744487,1541,6
ok,259.63124309889236,126.79341408402605,0.6529286356334827,2.891857799667083,722715,7
ok,259.75868178750073,158.75832360690006,0.7683879956674793,0.8301770028294835,100646,8
ok,259.78274195959364,88.31728859402293,0.33613827356232695,5.025895612033951,874479,9
ok,259.8986513863115,27.162640013079596,0.8295111187926052,3.9501406945498863,34438,0
ok,260.01000636930877,301.26409119504257,0.5662720493420553,3.404307185781552,199092,1
ok,260.1295295732448,332.50474097750316,0.5998716405110351,3.1519728140139955,454962,2
ok,260.25149949576996,210.75674298352794,0.5131613656045737,4.632692570190569,1896,3
ok,260.63743693739605,195.42407042400168,0.5843514491892909,18.205297865261862,202052,4
ok,260.68296814188614,162.05168968155158,0.43321852955808915,12.078789815685404,833565,5
ok,260.7400202233472,143.12126609442737,0.6050179592014273,1.5918014064483894,898669,6
ok,260.75583494256017,303.72305215830454,0.5007897682546307,20.302437015937503,398645,7
ok,260.9474282307092,117.73219394426994,0.8026827157415135,1.0709940609832052,858346,8
ok,261.02348304244407,195.1280801146837,0.5800438586953369,15.896572161138579,328940,9
ok,261.1185551559923,212.41460130646084,0.7016777595464351,2.905822059228096,888669,0
ok,261.3403262759534,280.70503504877047,0.6720977180092467,0.5890459273866467,162148,1
ok,261.5759715088007,171.73258952729438,0.6548351945098636,0.6688284016306809,182856,2
ok,261.75893025482515,119.41400577498156,0.21265157060173356,4.8323790101926285,281410,3
ok,261.80000633982235,165.49113541303453,0.6355810698663122,0.5764864389315415,894624,4
ok,261.94255279503307,192.10354769732828,0.6464562987225115,4.1859084126792725,279194,5
ok,261.9849057188842,156.02409377550205,0.28315972210169216,1.287061432218168,849165,6
ok,262.03979703614675,204.40985194392968,0.46717726547885363,1.7330871233452823,269393,7
ok,262.18132893360956,140.11492135555602,0.2163924401983302,0.317948814710889,597243,8
ok,262.3801900839655,52.58500695853337,0.4214837602629314,0.10913293521234711,244125,9
ok,262.3837272381433,38.62651964358409,0.17012032310386616,6.674961661163779,542600,0
ok,262.38739191867506,245.86451446224112,0.27113518846061385,5.151194643360525,992608,1
ok,262.4331895755821,222.22489335338847,0.30559959496111777,1.9721452945567906,852742,2
ok,262.4401925482562,276.97563591713407,0.5834333806026333,15.230438505965582,324445,3
ok,262.5846127377815,312.66785877430385,0.5683985918491288,4.001063057550494,323986,4
ok,262.83398041006853,333.2467636790534,0.2855348439694213,2.060719732599595,590337,5
ok,262.93011192333034,143.25777692533137,0.4303504522333768,3.2711864279491336,436555,6
ok,263.0369248098695,296.74712939931965,0.41309435781922454,8.85044247152578,522659,7
ok,263.0391754476503,271.6668634596272,0.5764713677976854,1.5293380550917526,507055,8
ok,263.277086137543,133.43081451430535,0.5412577426684543,5.996543102414501,906054,9
ok,263.51216086225406,230.66964475564205,0.3861670744415795,4.136941432984313,883200,0
ok,263.5383051096078,189.46471488451203,0.3865494021842889,0.18280679892905932,405089,1
ok,263.6183156483503,197.23000801153313,0.4209284550567823,12.171474391824075,803718,2
ok,263.62264905758434,365.84573064954975,0.8393619104116989,1.4144008400722454,308870,3
ok,263.770002607714,186.64164154309543,0.34543491036591745,4.573174454922768,412649,4
ok,263.83155865601026,303.32057442984154,0.388472052584663,0.40725708287474877,181610,5
ok,263.9000744247953,226.06980745230516,0.6664332723051716,0.2763236159964728,684498,6
ok,263.9735792821953,204.64254144625738,0.3500166282914844,2.244016903660292,844584,7
ok,263.9828979620702,211.54885369144762,0.6525967239222353,0.373229646596942,440882,8
ok,264.00408707016,17.36841289993896,0.5975063074859042,5.9190262693296525,308906,9
ok,264.06402724438544,331.1760867928965,0.18503974603452467,1.5229251616132402,828851,0
ok,264.21434862225055,259.6509858611238,0.4820036001813044,3.1682800122421124,604555,1
ok,264.2310224198243,144.46600973001293,0.6693786227621985,3.8089177275009067,483197,2
ok,264.3960326700323,195.7713480370884,0.38090150896347874,0.3800367450093388,552723,3
ok,264.58664576617844,118.25066489747812,0.29021145100522444,3.360020518501543,445400,4
ok,265.11629388423927,121.46469443018562,0.83059124738157,19.419673658487593,602651,5
ok,265.1620719355752,243.2985147915677,0.8030986857972857,1.1724501178676259,722272,6
ok,265.1792396041039,245.78372503624033,0.9910743094328517,3.6959385698782814,337493,7
ok,265.25562916277534,149.3872692815948,0.5016176290749752,2.94485847615348,565422,8
ok,265.3067493087173,60.64488701555433,0.7150402317935903,2.577514126964859,75513,9
ok,265.4399215802883,229.39342537728254,0.6738376256636112,6.25628035717971,590656,0
ok,265.4538545198213,10.0,0.9023332571782424,4.757833611347147,8258,1
ok,265.49868580238007,225.11222216104758,0.7327445217061288,1.6533601034971288,267857,2
ok,265.5782823078052,293.2898574591737,0.4551969600262991,0.7430423465476539,972527,3
ok,265.9543312278585,168.79740147161206,0.8327614357275486,12.708764789245919,432550,4
ok,266.12580608785163,272.16244898446433,0.6889290741114065,0.8729133841911827,929512,5
ok,266.1816771604101,97.37492109332632,1.0494969897233863,1.2254535604505543,610341,6
ok,266.3075489985957,158.78546890571147,0.6351466805603267,2.5109107770976196,482375,7
ok,266.350501017229,246.20035354711553,0.5856382692051493,2.0400044034526656,759320,8
ok,266.46872423531363,185.61068953975658,0.2827055846698483,3.122573145356631,94144,9
ok,266.6017786775146,271.99322310431205,0.7176918482449975,2.91141503729889,935673,0
ok,266.613376759483,194.06368973859733,0.5017790752992257,8.674283968205218,878839,1
ok,266.64185736541003,118.5932095517301,0.3107599160565638,2.320692325245769,889820,2
ok,266.84692887640347,164.027880137794,0.22149760105432542,1.7832238831854286,526051,3
ok,266.90706421105705,237.06460780201195,0.8296125209864111,2.392244623862311,567351,4
ok,266.91322448826764,204.2949012434027,0.2998041133134538,2.288583627877892,493119,5
ok,266.9824971841081,197.72718883800877,0.3676042636856651,4.115085174053077,549265,6
ok,267.0955806301341,163.40002289829715,0.6686502734203771,0.1,669998,7
ok,267.5175111152999,291.3674047469503,0.5914253626637538,2.0195826345125596,291918,8
ok,267.62667206022604,284.82063720057533,0.1869475414979499,2.023154473473264,165268,9
ok,267.8867783606896,193.07453547956737,0.4360472449251581,5.235207460474214,229155,0
ok,268.197720531271,186.93685227695684,0.45769759597827425,2.362409334159809,388006,1
ok,268.40453908990366,154.69561810970794,0.35322941288690235,0.3447243757889924,854322,2
ok,268.4529336597024,212.25647138591535,0.47627112742126365,5.3283925140065715,111260,3
ok,268.4837898155129,225.46573719773525,0.6131358589950635,10.81808911144444,770276,4
ok,268.6781293237461,80.41861370055028,0.673133770187821,0.10133607253465204,232721,5
ok,268.87688625111014,216.98314243787047,0.5831947115875321,0.9224087405736363,221304,6
ok,268.9666014138808,393.7264604248239,0.6127254452235513,4.579828703820578,454404,7
ok,269.07428156003897,244.6634103916243,0.3925973942718582,9.276370386931763,132123,8
ok,269.2078736550619,203.31279153767224,0.5156133680765362,1.0907924259409958,535383,9
ok,269.4175736131733,275.22714858812583,0.6157760835550603,1.5399413686746826,932244,0
ok,269.534655500825,180.94125676541296,0.01,5.154166737012268,200339,1
ok,269.55027157897604,138.69630411397645,0.40483133468488763,3.5448108546331643,532267,2
ok,269.7161151570832,59.197306646003796,0.6017418831315391,7.557142857187065,408875,3
ok,269.85235883071465,193.5419845572182,0.6949134719610703,10.152708969548032,935477,4
ok,269.89706524163904,55.5010246312188,0.7769503976882954,5.704717430607429,851987,5
ok,269.8981443720473,126.04903114680022,0.3701362351663776,2.2572837480128336,170481,6
ok,269.93733209090055,217.84920104416037,0.4134991244770241,3.6797687558416565,907784,7
ok,270.0502429041225,269.6935168163766,0.4277061782244109,22.020551305335772,73756,8
ok,270.1672505945552,170.85237829148926,0.3142434267364762,9.518430932813882,322898,9
ok,270.3301296532162,226.71448712425448,0.19134279453801178,3.5984456487001237,853650,0
ok,270.6496118468518,264.3869917172664,0.6266095253771863,12.747729163202257,477867,1
ok,270.75606578961975,266.0234459867405,0.39153177912290993,1.782626387622968,148276,2
ok,270.93212939433596,149.60090108730634,0.3408750437479741,2.7302965360652527,790326,3
ok,271.0902942079932,114.91732272527452,0.4191160663113755,2.3443553993813087,540449,4
ok,271.12185510909904,264.5604562144172,0.5648155152756245,6.295078394942574,96912,5
ok,271.1572406836356,140.83305252254547,0.6399480470609614,6.624606698404426,772722,6
ok,271.3426812335594,251.82393425398985,0.4131319432080539,9.367404735770094,391752,7
ok,271.383692367494,233.59082530376676,0.3356406460763778,2.2032967329456605,712313,8
ok,271.50136350494614,400.7534625333226,0.48935026965022027,0.5593466182997396,195071,9
ok,271.57717566194634,260.4971590710859,0.01,4.90336651125466,230767,0
ok,271.65694790889387,156.05617510254228,0.595858762886636,0.43995884158194415,941933,1
ok,271.9356439901857,71.75735326195635,0.7864199632430678,6.220692352649801,825185,2
ok,272.08804461993265,129.48005032088457,0.5848584987864802,26.502452887660937,579738,3
ok,272.1319985190441,102.13455918986377,0.05608264249154371,1.4206497779315002,44644,4
ok,272.205797252989,94.17180419469273,0.585727321007694,0.780470673227321,457175,5
ok,272.39567674564273,142.34084929022387,0.6077395041449629,6.517758341495612,589290,6
ok,272.60474567519543,201.48556680819357,0.4381910544032438,1.4325688562957284,32848,7
ok,272.90196006251404,363.55338386185304,0.14907105598625942,6.556823732219099,941294,8
ok,273.2948601000788,129.31632115295383,0.0495697535380582,4.834555832829766,410531,9
ok,273.4961732144286,269.2931441186013,0.6100272832080316,6.603269738883406,572952,0
ok,273.6726833835274,298.8218960172868,0.38097953029994974,1.566523997470957,801570,1
ok,273.67669701539126,343.01509517606235,0.8796276783661765,6.906259529792934,317258,2
ok,273.7961674875367,257.9960367909847,0.5383382752329793,2.6945433257125067,244193,3
ok,273.97308758900994,252.49424078190188,0.30416022963153566,3.729046318136897,169293,4
ok,274.08227215071435,148.40650582074835,0.5848587536627292,6.876585654228881,762190,5
ok,274.2394581130474,187.43350825485234,0.547363642323825,0.1,417879,6
ok,274.3769594317977,112.21804332573598,0.35916533639217796,0.11431483495258624,829957,7
ok,274.58103132382683,107.75284469295235,0.5358339976169013,1.3532384451989783,232319,8
ok,275.19638988419626,158.4392109040335,0.6056508542725546,9.000731399432336,939645,9
ok,275.2168727749438,286.61362314030566,0.4579084512742988,4.239650492817654,905581,0
ok,275.24212633706264,78.44071387847004,0.30983719163111423,11.093865461880366,980387,1
ok,275.36532369807566,195.01501304693582,0.3049844319947328,1.5081147188284192,210256,2
ok,275.39116100045965,154.89620173965284,0.9279418132205088,12.659071720005091,601931,3
ok,275.5886208525232,83.8235591206493,0.6252417632243346,12.41775496234214,864453,4
ok,275.5999161010961,196.3521185217564,0.43794049318355077,11.484568532383905,240009,5
ok,275.6383857882921,351.13879719639823,0.7055474582217754,0.4937819684883683,526274,6
ok,275.6687140559654,173.69756987709874,0.5472175736998721,0.3612892320097691,939505,7
ok,275.712123358246,140.34166476750505,0.3211935414133166,6.828864486131207,267453,8
ok,275.7145328048105,121.0108466300776,0.32106332303471885,6.582027263817174,578080,9
ok,275.87938563424166,249.21097014440275,0.7105265306393677,4.464297647312975,291706,0
ok,276.1258905456783,105.37052664457049,0.5867660147852116,2.7589931021759284,634954,1
ok,276.1927606478478,179.33681294328574,0.35425240299836325,6.874172956272861,274502,2
ok,276.5539327733432,171.806432299935,0.5934829794273939,10.268066513431426,165949,3
rej,276.6284045084284,295.82252786835,0.45807818025054575,9.152138576830872,26784,4
ok,276.8350652591211,16.35390603803316,0.413975000573519,6.907063054707757,677366,5
ok,276.9230673132635,206.35059304818307,0.5066404272725951,14.27021505197857,650056,6
ok,276.9565257045221,275.0231035433161,0.52200116229682,2.5845622039535088,419718,7
ok,276.95908422503186,183.23372998390045,0.275213815991862,5.0284152326359335,536925,8
ok,277.05686474174144,131.72732339767163,0.6906087519635374,0.29373993188996206,954537,9
ok,277.45273450531073,67.35585098405295,0.42458314075006465,21.540125356512863,752264,0
ok,277.49279963573093,82.13883131378881,0.2768257398877719,2.2425789502130407,53578,1
ok,277.5075547249828,156.73641219478955,0.8709102975216872,1.815439623337899,58611,2
ok,277.52089120721945,314.68047216018465,0.2212008524575516,13.823558426622743,821067,3
ok,277.83289110724326,163.3296301181838,0.5626370516260604,14.316109611698884,514438,4
ok,277.8642294135011,173.7595295425345,0.40619377035708565,7.099865775866187,204427,5
ok,277.92175417530296,307.55828074430343,0.16516129097710625,9.51855963468566,581217,6
ok,278.09049966260744,198.98150194142752,0.7328851883116764,2.7517215649670543,339612,7
ok,278.21020924427836,129.03265877395194,0.3141661538395443,0.8909237948047164,984325,8
ok,278.26855971498816,165.76627525139995,0.5870800013616742,7.290077254425658,306783,9
ok,278.3739895956826,92.31985349146362,0.33791669647652606,8.187294113590461,768117,0
ok,278.88429008372475,202.8433241951907,0.8555378466870797,0.5084830262062634,949401,1
ok,279.1449951522347,149.29260242282044,0.6077861508212582,1.915140115025409,677285,2
ok,279.3529995839916,206.8508341048748,0.5146923090215789,0.4458428320550477,48624,3
ok,279.41885193562445,124.15970831281568,0.5021184585535248,5.5192319482464525,490166,4
ok,279.5480976822564,279.9954309692856,0.6226533875986978,2.6281784339614567,351685,5
ok,279.82924838766564,132.33491664437776,0.36060832700576195,4.01080879865214,193205,6
ok,280.0908046290592,223.63466937734898,0.43667476377528885,1.7184275013235015,468595,7
ok,280.09131284789214,134.48973537178017,0.5353768108224708,1.3423316064965536,49976,8
ok,280.141279800022,274.45321478314924,0.2612469222447148,1.6261423404110928,217814,9
ok,280.3569986855881,257.53179673906743,0.4049805262498249,15.576112588279242,385257,0
ok,280.78955554832135,296.34470789957646,0.5643487378942329,5.724184372093827,270145,1
ok,281.29751760584816,228.6282008769622,0.6862481957515709,0.1,779822,2
ok,281.4271637130767,142.8568312376436,0.46089477419445435,1.6320849476230825,466013,3
ok,282.10487888497005,127.98426498796067,0.6939341168002449,1.1083302739691623,277117,4
ok,282.1349069558863,166.28271078521445,0.36442377742864873,18.695742460465024,708263,5
ok,282.3950983145146,282.0786298384854,0.08337660664377011,3.354462452974804,526852,6
ok,282.473472186758,160.2873425437469,0.4826340835769311,1.2298619578120928,923170,7
ok,282.6200206418366,220.86920255716666,0.38261400087549524,1.8629757020169153,262309,8
ok,282.77386416214404,92.19236384264151,0.630506914822252,1.1899440642157313,49862,9
ok,282.79151985654,163.02389164703345,0.7103119529025602,5.476638607798265,754560,0
ok,283.00513141019763,274.62580395379354,1.2100303483614194,6.241907732283352,336511,1
ok,283.10740093889774,189.82524562544458,0.8844217408947941,3.0260764055279346,11795,2
ok,283.2517016205756,94.84824399408018,0.6582961020026998,4.812286896615802,438183,3
ok,283.2824246951693,85.2343953548904,0.5063563265873694,2.513233936710821,684716,4
ok,283.29951787854486,168.96248276819873,0.5633112521504446,4.254354197844284,237125,5
ok,283.3625007875646,297.4753297360805,0.4319638456547767,4.753920213260179,192382,6
ok,283.9860379856453,104.81764407509979,0.5209112856890159,1.2012488437474402,401587,7
ok,284.11583543213794,136.34062279910347,0.2959400336451643,3.0518903368703536,723252,8
ok,284.2567628371534,289.64052783114937,0.7639941675312036,3.084132645459629,714602,9
ok,284.33612049156517,247.55706715562576,0.6672916066884288,6.144586323690734,504172,0
ok,284.3951402474214,200.0898585134416,0.546286157133484,0.7855975071718457,141214,1
ok,284.5841502069717,124.16127177760049,0.34232167876025354,1.3172722079305264,442488,2
ok,284.58794221712003,176.5146621540335,0.6770613536170593,0.1,728074,3
ok,284.91682387286954,252.70146167533505,0.5673179945414798,3.3387248508881457,311018,4
ok,285.04468173777764,272.9445863989364,0.7936432806218379,1.0885725298938354,77527,5
ok,285.13107605217783,233.3705688316431,0.48116546058685167,4.621270066850355,689147,6
ok,285.1567475492338,182.4298447467218,0.3117718993117473,15.157895470369372,182111,7
ok,285.24281890469587,36.4672039219316,0.24672937285770502,1.0105054661716546,800165,8
ok,285.2544919666181,233.06204059301433,0.6380881008940815,1.6935868754686036,827676,9
ok,285.78776307255043,262.14812657569183,0.01,13.41858636637083,57192,0
ok,285.7935021762498,252.58917881114434,0.5958439251164392,5.8930601044726,439599,1
ok,286.02123868772554,147.70645078000743,0.7633523755591547,9.628741320109791,941839,2
ok,286.4956527156334,170.04366441975208,0.6604599539622291,6.0429236672273925,872815,3
ok,286.5328283002304,226.34207501209644,0.5410888926016006,8.048464073949471,69555,4
ok,286.7801187552546,240.09052439762044,0.6555129857600303,2.7340408501289333,557481,5
ok,286.7859678890867,230.15024686263138,0.7452309355610487,3.7098829517915783,609500,6
ok,286.87787388128464,92.76678655622497,0.35132076252388184,2.414377433031443,160463,7
ok,286.8939628383557,330.3655093638402,0.6594945705292171,4.14596944714635,22285,8
ok,286.93059608705227,261.00202239121876,0.2415000546401604,5.51609129623503,31859,9
ok,287.08305391308255,145.5381631728676,0.5943305405162508,0.1,383897,0
ok,287.14702989437876,367.86884736702876,0.1500384387712177,19.9692514608229,224363,1
ok,287.1776943140813,146.78988575433812,0.688879158524397,6.729503657882738,712956,2
ok,287.3863287784948,271.4262978272068,0.18993117089073658,7.037627029905577,683750,3
ok,287.397515911608,153.51831376074813,0.738532147740499,2.8815394750451926,593515,4
ok,287.435231150587,219.29679122842015,0.5614860716821016,1.703061446885762,795397,5
ok,287.7049712515015,193.43594970423564,0.6852022821340416,14.995350741189718,564842,6
ok,287.77581218913184,200.59527025895304,0.4898019310293091,8.244878439850709,499327,7
ok,287.8688708487935,304.88770199936465,0.3576475940845909,4.064632286740632,451592,8
ok,288.11187254253826,136.34833568283744,0.6643051278220959,0.13471103990898772,986197,9
ok,288.7299593252225,94.48157926503609,1.026096320559096,0.40301444370282846,702464,0
ok,288.754625012967,154.36549720212645,0.5535917896342252,5.805874729562122,951026,1
ok,288.83014033712686,325.7176171641366,0.7073126845120977,7.942846073283407,811177,2
ok,289.2997143324269,165.22097730717246,0.3766546156548096,10.506421399209527,642426,3
ok,289.32836666936856,84.58028291622992,0.5645116376392053,22.67317246399632,721549,4
ok,289.4438879322202,247.33917437452197,0.6102998805195525,5.682236539137222,618362,5
ok,289.44456807738413,226.60557847444122,0.6083023043630388,0.5004205311561246,345832,6
ok,289.47868669514946,219.41559046754122,0.5513165218199345,0.1,108124,7
ok,289.6117198876661,198.53745697091995,0.32770111373229527,3.12277406246521,880634,8
ok,289.63340260256143,164.05601938567074,0.523019005585264,0.3066487703583343,7649,9
ok,289.7656780718516,251.03852303611154,0.5807909497423578,7.306860066215042,80735,0
ok,289.94852777524227,252.78948598205886,0.5997831382722849,6.3694662820165435,215401,1
ok,289.98492108272035,255.60256140219872,0.9680202903678234,0.25072231547687446,24308,2
ok,290.141672925132,239.00223100364042,0.7199343867508461,6.759221544782001,755738,3
ok,290.1665914971239,227.7940148777031,0.6464448396871396,3.8172992428453045,555624,4
ok,290.4102505510697,278.37837511594546,0.40149352609066846,0.4040833545917125,888436,5
ok,290.4352529826045,245.4863639629743,0.7621085161432346,2.872759239733946,807137,6
ok,290.4860487079954,272.55088977100047,0.4704536306272913,10.240832071552335,869890,7
ok,290.89372968946685,267.211465290183,0.3947082498002403,1.1198734761796523,930071,8
ok,290.908941527709,185.31459168950573,0.5669713400600649,15.718078388198126,552660,9
ok,290.9393201811344,156.27293669355123,0.6906829239370654,1.3781652043024968,31963,0
ok,291.1927517820557,321.66564074710703,0.42650002805938936,1.5375651305825335,162447,1
ok,291.2259783699016,113.22060210915171,0.4403653926891869,0.8420144231593198,29977,2
ok,291.2978120583564,247.28713075213915,0.6411183067330982,2.7184982082759586,309657,3
ok,291.50371116889477,193.94085923787432,0.7163227711967491,8.714921204858177,267681,4
ok,291.53156931443783,279.339597731881,0.44899268307865825,1.273909506558465,125729,5
ok,291.6006911875456,236.7233330064349,0.6425395792648786,4.245604322844737,18974,6
ok,291.76942285431625,165.3055008304841,0.7571510916849977,1.7620410869597238,674496,7
ok,291.83881610284647,254.80691493647282,0.3177277926571146,13.578472133051756,614458,8
ok,292.0721509577503,88.40482591901944,0.5381115506597176,3.024336750411022,20785,9
ok,292.1639953828857,307.279707152697,0.8411212072422058,1.3851901226212844,974833,0
ok,292.3237830457012,80.32388849926886,0.278523694149304,0.42308212054674116,366938,1
ok,292.6151563301397,140.12830875227377,0.3905825806848598,9.153801760195675,942575,2
ok,293.06777659767994,238.0692191691661,0.7571131053029521,6.823949446435518,288695,3
ok,293.1651402088443,369.04074296480775,0.39977169487050734,4.282144223638159,111484,4
ok,293.2790895040304,51.89237428910326,0.831063188776056,6.951215893017846,405897,5
ok,293.3224559649648,254.91539497624873,0.3579652517344839,1.639407545377948,696422,6
ok,293.3642011324307,139.93510337263135,0.6459909781655413,2.910847015178856,947500,7
ok,293.38292653200637,205.18655525287036,0.4990107416130032,10.803829846089235,703643,8
ok,293.6517321797467,236.57349345322314,0.5596444969246459,5.8502824846947465,665355,9
ok,293.813464008593,159.8772230944377,0.3384307046325647,0.8520166383150587,689324,0
ok,293.96047994365773,141.44772582217627,0.49413122676532045,2.419805690525258,196461,1
ok,293.96797002983067,267.6356220787058,0.5726457384492394,6.642759672001891,431577,2
ok,294.45782970340514,233.1342286243564,0.3911186451046526,3.0965571165967445,9359,3
ok,294.5791438836873,208.44515101379918,0.035761949961208905,27.986371376826206,247931,4
ok,294.6057859185965,184.94388718153922,0.784349556629185,7.538042914280702,228330,5
ok,294.6091818060688,64.52143776962083,0.47563403192675735,9.971048903665455,929240,6
ok,294.94154428017447,179.77524181813587,0.6527421176083719,19.154787041971858,170959,7
ok,295.06349477233084,154.91529041316272,0.5844136435768563,2.462333169933534,947544,8
ok,295.29545953490265,197.8047918331703,0.8223668968586856,9.926640751882076,648307,9
ok,295.49526934828947,63.27394634923277,0.5487561148562661,2.312826404637221,751260,0
ok,295.5119159695613,110.70818052936181,0.018935130981165282,1.6021134486422526,457068,1
ok,295.7031109198481,148.14540862962818,0.30415475208124,4.888753060948262,570134,2
ok,295.8172865415677,419.2817713624506,0.9661506377973992,16.639577558821838,910904,3
ok,296.05815847725324,187.01949978388737,0.4894266817701336,4.29619750171084,34551,4
ok,296.15691844734533,54.01976128063677,0.5086209146836096,1.4080827555225464,602784,5
ok,296.26298820479246,116.82464771350118,0.683014959626072,2.4283138977284353,290053,6
ok,296.30828463964264,368.58169332190323,0.5018506505759005,2.211262085097736,107111,7
ok,296.40333251794704,217.41820501771787,0.40390074455616637,0.750571357716662,251244,8
ok,296.76560622855516,150.90161143591078,0.5546081981366279,4.676129550117006,614036,9
ok,297.00692665923305,58.51726217853982,0.4677256901494954,12.94249282138378,254489,0
ok,297.1327848216141,308.6219149834605,0.4967322597870936,13.932798481269863,49462,1
ok,297.20255507073864,207.53298636364255,0.6367159198627035,3.541250139753683,226516,2
ok,297.22619275502086,173.95208442383168,0.5468436074361722,1.6197419875452792,858720,3
ok,297.22927419507306,251.19043179775247,0.5726724696752566,0.2663314727160828,700489,4
ok,297.3761223653946,152.45055344945047,1.0804026902448292,18.361896914533304,247916,5
ok,297.4169133697138,307.4167901192821,0.6078047317857517,11.233434512969112,712913,6
ok,297.575740224579,285.28692297600503,0.5364407692507569,23.36268976447803,864335,7
ok,297.59289930487955,98.59106365470915,0.2238799397016098,1.1584081840977343,184500,8
ok,297.6508945960413,137.8191284457563,0.6132307682101331,5.175605898240906,654696,9
ok,297.8171584348729,212.62245134944817,0.7137338744871787,3.6435614934608522,945631,0
ok,297.9036629595137,248.21000603899768,0.13740212742589653,6.318807659488691,852623,1
ok,298.1777742868567,119.56557527717003,0.26388365551361564,0.2871877345383094,583,2
ok,298.21720524751,73.0971658821179,0.666944517718662,1.782228911003032,178908,3
ok,298.29526664131544,121.5011195899286,0.26980260857260085,2.3245941514595474,129339,4
ok,298.6122116488037,231.5554180928662,0.31405273999400396,0.1,611333,5
ok,298.62853334568075,104.12310955457161,0.38534979753301735,1.1548114527640614,209798,6
ok,298.76579163868035,268.33924713845965,0.5659306769686469,4.00216008890294,676631,7
ok,298.7696871122639,212.84378344941737,0.7216811980574448,6.068308613434406,253544,8
ok,298.9705158393542,275.1655822543641,0.7476563770932549,6.57507083446649,295184,9
ok,298.97719358464514,280.4163328377191,0.4955819273727068,12.535620603891665,346204,0
ok,299.03101688574037,226.08956589705096,0.7502558852342663,21.774771374897178,724979,1
ok,299.05762587723035,220.61676267474562,0.4146747051923852,0.47029684094345986,87533,2
ok,299.15471559326437,161.4225886104619,0.3674473980505898,0.20611574338034078,918973,3
ok,299.37508525291713,249.31038691991515,0.4356594976721491,1.7432828271900496,678742,4
ok,299.44970269323903,218.16953783599757,0.33899514016600807,1.3693860175766228,215285,5
ok,299.4643387830057,233.66475888232546,0.6618529327312731,9.195189654108203,664930,6
ok,299.5201113945872,88.67706648584306,0.29171293526507797,9.041460659625608,138182,7
ok,299.64940190506127,176.9312936657683,0.47049851364722567,6.753559706928407,597740,8
ok,299.8840489973421,126.10298918462148,0.5786869861082314,3.9226200555948982,826138,9
ok,299.90793219081866,170.54746052941832,0.40183765678277605,8.060339280714375,261380,0
