status,arrival,req_ram,req_cpu,dur,client,vm
ok,0.06745072965739818,135.82617290810856,0.4102244384558455,0.4844193582686673,140891,0
ok,0.09321505891765824,111.52519391933478,0.1690969095186861,3.8697988743037866,596853,1
ok,0.16113248024493887,118.63886908263835,0.6274723628122649,10.523486456039027,888598,2
ok,0.1646036833409918,131.2074714612757,0.8545215258730856,4.090036569515188,841235,3
ok,0.18351279828873374,245.14758924627654,0.3866979541402511,17.251136048548513,800875,4
ok,0.230517624902355,258.3980477131076,0.5745987578125831,11.25027932986267,66172,5
ok,0.2416275665662181,242.70487298260502,0.4816053401988253,3.8089000661969914,267459,6
ok,0.3887846409287067,291.35540155032163,0.27408096813902505,8.997718597133812,123646,7
ok,0.3910918378256524,131.9958098245419,0.6921640008185763,7.786109270343921,519501,8
ok,0.4047107636944897,269.87345876336076,0.4777233258657372,1.7379682936726444,797926,9
ok,0.44713099890045827,115.3394750472946,0.6312568157554076,1.5431440536981766,471325,0
ok,0.531685242221528,208.25303971519753,0.37566663045257503,0.7933879076308519,495185,1
ok,0.6429234596884343,151.20117969108756,0.5612824759202246,2.6726551816189903,683244,2
ok,0.7911083019152749,153.5362221394726,0.47784920562219974,3.8382374428113004,398055,3
ok,0.927362443261421,254.670738447575,0.5045771949628733,4.416154411050316,827036,4
ok,1.2195119888810393,166.71107359952913,0.75001000957502,0.9037391614426121,220153,5
ok,1.5475478731829866,299.86398298562796,0.3484651717150835,6.473099099427597,98418,6
ok,1.8160729902422854,309.3626163355287,0.6347432149530081,2.145447461243475,511554,7
ok,1.8553994866565218,186.67203424405358,0.6834392041088043,16.739237735663288,29724,8
ok,1.991522397917207,129.56185630003756,0.5556257691416885,14.927846332240719,936710,9
ok,2.0662320549429896,54.92611496360465,0.8094897153452462,1.352663045303994,876363,0
ok,2.3583526246644735,76.26207452841216,0.7090401254297163,3.743913678946549,408744,1
ok,2.629733757007337,257.4071860649363,0.4498590180907221,4.882328811719516,453789,2
ok,2.6317272238392024,216.17912443573312,0.5909904483064972,29.61501325891657,636944,3
ok,2.6553714052320774,168.05854624643268,0.5362134833239562,7.04194433691727,799308,4
ok,2.8306114765726,216.87216251259954,0.5843558309300975,0.6634927660701883,804423,5
ok,2.8331215268711873,246.5540147020352,0.41795849646364425,3.8699542416165262,2208,6
ok,2.933721340081006,250.0649176728014,0.17772723744233093,17.46586411221862,729633,7
ok,3.036636928187216,254.78691923336703,0.3809079339831216,2.4539765830666975,467022,8
ok,3.285604095460433,229.2670674474417,0.8215014088910046,0.7335476529032954,279267,9
ok,3.293327575860797,180.9458105668087,0.4318343433595803,6.241173340402217,756589,0
ok,3.395869767891372,205.51758439433803,0.5946482782041911,1.136342954649191,840775,1
ok,3.4322182532980365,137.78698329328674,0.6245125594259093,4.3537067725642675,239874,2
ok,3.87062130609081,163.7465117381513,0.6208307282160144,3.4038180154251547,619869,3
ok,3.9915547439002537,174.06450613935027,0.5621508462160806,0.1,991188,4
ok,4.000629056846389,396.93026491214073,0.4367752625024225,4.206512773683559,107192,5
ok,4.04835295361869,202.56260225387277,0.5392540415092651,2.391317623249975,945215,6
ok,4.148430087741794,265.3477740999316,0.7368342619847773,1.538876702006423,332849,7
ok,4.157009762758472,313.1586181212053,0.21667099966499143,1.1797131174905604,32075,8
ok,4.3316819841046295,192.4898371786135,0.46604519534964917,8.167489321905366,23406,9
ok,4.358553221614451,231.30261237802654,0.9423829748330095,12.938550214983396,26681,0
ok,4.39674948930785,208.6450124067806,0.46009341693320555,7.395953931826461,681098,1
ok,4.694745376713998,247.49801223416696,0.22988845691919907,14.881248554778638,567712,2
ok,5.069652986301455,266.4451735660276,0.5226436080970187,5.1300565962594815,9652,3
ok,5.131441607304947,397.95355264998307,0.43353503068932664,3.9875179081986416,984769,4
ok,5.457209720854347,185.07220204997103,0.6486517138386371,16.519790106988204,924040,5
ok,5.4810980751795695,166.4657546901376,0.5009920914129256,14.779694316123027,399721,6
ok,5.700489496523553,133.3154187140437,0.4241282217473914,8.29027112690544,719830,7
ok,5.753329254920811,209.74448685274206,0.6307280514832362,10.552885689807818,227120,8
ok,5.986156551480432,192.8676041850777,0.6801743291815284,3.9521114240467217,442621,9
ok,6.186466567705462,193.31204336354998,0.1324048751857595,4.570344854642835,761111,0
ok,6.188423465320008,87.63515130534302,0.895938105326449,8.234674311612377,30451,1
ok,6.23576020049198,214.64832555396535,0.6847985985602207,1.0167671304531154,553259,2
ok,6.429614607654476,155.15704652902951,0.5281546361817377,2.7253058112274537,232460,3
ok,6.571680685526678,195.0622347327625,0.5476853583379777,18.20683879291497,800798,4
ok,6.68769956559339,222.2461300872674,0.744793176485097,4.945331399249581,459158,5
ok,6.729734446800514,320.54805130763964,0.6046667882987967,9.77070391494275,984787,6
ok,6.905588520281906,260.75701093748984,0.5825380351941899,1.9480645796142322,519896,7
ok,7.044470490394839,27.46357918632694,0.32026647513071016,2.64504428927572,579715,8
ok,7.108632320611475,280.5914022490249,0.19821686005567946,2.812764103670053,244406,9
ok,7.563891718306572,117.68316116988983,0.6213880661065687,2.781739498312324,362493,0
ok,7.616466518380345,223.6450634044312,0.5463007900497728,11.708810738473197,242081,1
ok,7.752321677978043,126.56191702531058,0.3296325168859559,9.651589703385095,709727,2
ok,7.846093167123782,225.74259779701725,0.7682635663135692,6.605202828400759,229408,3
ok,7.937582189960096,230.0615021238218,0.795651135312027,3.1340814451912884,797911,4
ok,7.990031923546199,185.6804304173282,0.3733767209906328,0.41487627113901365,481929,5
ok,8.498012095398252,237.97017343095513,0.4030873971006616,10.395673741964472,998500,6
ok,8.64377178239972,104.9233875570252,0.5487222469213504,3.1450439107099672,303858,7
ok,8.696694626321097,237.6447674124683,0.220284354486034,1.8717936197187834,971512,8
ok,9.006767457992291,181.989801952637,0.5759383759948267,0.5876788978186175,22533,9
ok,9.033565636852941,341.55188326224663,0.49935624328461964,1.1671971017495972,436396,0
ok,9.069198584544152,178.80314566979382,0.7214564458077691,4.7944917435978915,878264,1
ok,9.102465753874059,203.0364056805552,0.309455196250806,3.242217124838453,960778,2
ok,9.123174127641924,263.19146761649347,0.9372355015134537,5.308567696476851,583484,3
ok,9.142689430046993,136.32855660834568,0.644046497631136,3.6630986005008914,966984,4
ok,9.335001314430475,287.8590507129122,0.5230310812124799,14.959298045405141,673494,5
ok,9.553881537742111,305.79446105040404,0.6966317460756618,4.711130994476061,104857,6
ok,9.754821046371971,126.7973422089908,0.6764776949804798,1.4857625377691401,194936,7
ok,9.879883160475268,289.93803231446753,0.38271937762396996,2.954272918812457,659924,8
ok,10.070721138112333,234.92902169350475,0.507644328015074,5.061316154843517,758790,9
ok,10.708421634687301,319.206160011626,1.0195581422177784,0.7276029004006437,901719,0
ok,10.763371490763442,276.3213105744171,0.42972463738908473,5.899291509612043,310787,1
ok,10.910149837901914,180.17086505872163,0.2343150679110622,4.356316849730798,126762,2
ok,11.482730361478708,148.00769844994193,0.34743752819608464,1.5202300637296562,779245,3
ok,11.656103393007712,145.71752802466233,0.4868221577712997,3.551631914457431,348856,4
ok,11.68587922274763,148.6932667463047,0.6889834801296949,0.13997109576690941,939078,5
ok,11.798379871225277,170.49996985065673,0.7131234787085124,6.9286388228530456,756531,6
ok,11.887840140355262,245.26034604331147,0.5100857335788684,8.14720553242773,745738,7
ok,11.891947264595672,175.58614404236346,0.8651547564936294,14.739373806093115,525126,8
ok,11.923234750499667,171.02449118588652,0.4596846660643822,2.79849370768802,981929,9
ok,11.937663739404442,293.9381931157623,0.6037063660234707,5.966821307477655,442611,0
ok,12.119330978130776,276.26111567302894,0.4131518499989995,2.799806019168252,532380,1
ok,12.336496899056376,120.38072278501636,0.5706126172946624,0.4081488728721125,870355,2
ok,12.338809745087675,194.33016813535045,0.3517127822171895,0.6014792662664672,954398,3
ok,12.342331820991108,152.91799628921973,0.7852934864830556,6.870613597166047,702866,4
ok,12.417609195987609,104.19961082526049,0.01,3.212307656097135,199071,5
ok,12.62078182623323,266.5782518686965,0.45985447468933405,0.18882631353760584,318104,6
ok,12.806614879803464,223.7379352469139,0.31254254501789297,0.1,297962,7
ok,12.903308512925774,170.2547900287235,0.4185185400104986,4.870869277586625,616122,8
ok,13.198613001596193,234.40762621869965,0.5487163098883515,2.5614145285211967,925346,9
ok,13.234548376500554,171.06832490998198,0.5640158031847181,1.534647152235408,523619,0
ok,13.448267260096232,219.80068416505972,0.15674189601385347,1.8877932870585519,887302,1
ok,13.750338472911144,121.57747168210568,0.10603327346455421,3.5901991616372992,986619,2
ok,14.099716237617086,37.541114764961776,0.551468553122167,9.812358925113408,529828,3
ok,14.201918081063841,162.75030933609816,0.8757399402623809,4.948462579974262,412461,4
ok,14.244746422198709,202.03700285337553,0.4674468708229839,1.8657946943530634,617613,5
ok,14.335783023827089,188.61046414375147,0.6612599711528597,1.4210806728146488,894737,6
ok,14.393794418881368,185.54206546779895,0.4761586052455002,1.2893850223226715,36202,7
ok,14.440972769518284,230.790839851067,0.26622834450606847,2.6686498094983335,503554,8
ok,14.652814236875972,246.52732753063066,0.31857671732741266,1.3745244132352143,254531,9
ok,14.75954303163353,161.0933655384647,0.46684586776305104,1.2991263135531563,779858,0
ok,14.895911705368475,485.86872590817404,0.3966511140909793,0.9601636908882544,836138,1
ok,15.001616233943913,227.1541678809379,0.513459395611001,11.591671550476711,423926,2
ok,15.11478753522324,193.53568242342234,0.3544769761460427,2.3534980222443656,434439,3
ok,15.577660006319455,251.42197289585653,0.6060493546413749,5.006735788469735,697034,4
ok,15.715763742389976,174.47982024031668,0.4969705737296637,2.177091951544085,181411,5
ok,15.800440640254484,181.07074344659662,0.847085231277326,3.056959695221308,384957,6
ok,15.818954244383763,147.16157516376,0.2708754130980816,3.7105962308565905,575457,7
ok,15.994711011151425,115.33718204002598,0.4796103030303462,1.873477272613828,925611,8
ok,16.082489337845274,289.48919115864817,0.6439719565713147,0.6982404847665103,737191,9
ok,16.085387058358073,310.2008021908865,0.5169593854799788,0.1,813524,0
ok,16.22490895220214,159.13630940949403,0.8760189797367628,12.31310534621448,707249,1
ok,16.3541388704382,199.4956779792223,0.4599400231514677,9.806259382567971,774075,2
ok,16.575927622996993,307.28269452496795,0.7303081370397639,4.319672522996626,392904,3
ok,16.615973905164072,351.66331095998294,0.6336427863523397,2.1726390605557175,90667,4
ok,16.858067754548824,249.54758704091637,0.3472615720658395,1.7096547650131797,460284,5
ok,17.04385932508717,305.4873016894222,0.4380660257295248,2.18118003732377,696000,6
ok,17.073910360059603,139.6820475878552,0.7106268074411851,6.607124493617612,533123,7
ok,17.244463834914825,145.6253808006084,0.3675271824471691,1.1091465978950947,113174,8
ok,17.26368327057987,176.9768978198656,0.48505435899872074,0.5878423691996854,816256,9
ok,17.4040069618636,143.3254377878681,0.3699812867507792,12.464708003512,171650,0
ok,17.559309147056872,53.46333534168605,0.6009820685787499,9.004628181333736,546243,1
ok,17.630743048611603,217.13451727759985,0.5880326898573338,3.2507383492158723,880753,2
ok,17.647607464303054,174.66136999870758,0.2262479328777416,2.5892671869538093,412357,3
rej,17.667445517632675,134.6728529496874,0.6203254083093667,5.162657285647335,388521,4
ok,17.84290404495993,236.89700702992428,0.23569440704835048,6.910085114853882,513480,5
ok,17.969993472800773,71.35548756287727,0.6527360914915318,6.57650492306542,768360,6
ok,18.333249207503155,313.51988637666534,0.4251345939434247,0.2888926521020401,31011,7
ok,18.55868136213434,166.13462873352555,0.2516263974371237,1.7839536526755397,492117,8
ok,18.569118146083863,180.28479922120027,0.6535933408161181,3.782537990083448,45599,9
ok,18.654299197408307,175.4367520081504,0.4230502297416272,0.39623783500017057,323516,0
ok,18.74293887599576,136.97583580521473,0.23715703527691473,0.5718119376700549,737549,1
ok,18.936571034956327,222.49977460664374,0.24919585129561744,0.22940999152286473,889508,2
ok,19.129947187854963,209.8500039114842,0.22608004283711824,6.736859676846899,644675,3
ok,19.150251978700783,83.03038271283148,0.5527170967024165,7.118860795958966,621998,4
ok,19.310680936101466,220.51833013851976,0.4541623835286044,0.1,606261,5
ok,19.556656827298962,33.46890813306578,0.7533933622429778,7.109544088465093,412719,6
ok,19.714414019222914,234.79595629302995,0.63604243232424,3.6354724552562274,678592,7
ok,19.867843187659446,154.50735334590397,0.7549875772846141,7.355396191113115,178624,8
ok,20.041442532811587,84.95161031077302,0.8318105216241285,5.975197778772449,176783,9
ok,20.04183224691722,224.88580572272173,0.5431428987952183,1.367684329272452,526635,0
ok,20.05792044092975,143.19067844942145,0.2992645980046333,10.729125184068858,237961,1
ok,20.155849957725952,142.39722455401125,0.41506871092886555,1.7134689940538017,12899,2
ok,20.274797957834714,161.9914283771766,0.1080985128941771,2.935988155232667,807952,3
ok,20.49492896945946,50.42328962993281,0.321508155576723,5.619213653253911,209208,4
ok,20.526224374231628,44.21944619225471,0.4311350092954537,4.9289490434164165,565829,5
ok,20.788537613614402,316.42555036244823,0.44647408939165206,3.0529139724490504,964780,6
ok,20.922010176851284,184.57432729680278,0.28815173376054226,12.00165054906995,902079,7
ok,21.038270540699653,202.23387500088907,0.816948929342769,3.4463298593009384,574974,8
ok,21.269629505260784,209.7006809442338,0.3569524682530897,14.302736594468211,243454,9
ok,21.36081961158427,233.3133203642287,0.4268668725755423,1.4493499366702869,424101,0
ok,21.51161909397954,251.37799280374293,0.5115216079893501,4.8953101094602935,538728,1
ok,21.739121958511976,181.6526743929384,0.39110323423120513,14.607986801229849,360527,2
ok,21.740244370493883,221.25287915611014,0.5474717663880906,2.897582116982738,998734,3
ok,21.777165848161232,191.75379511590882,0.7818728312056658,0.7213072497397823,888627,4
ok,22.10579010246128,198.35114829542403,0.6930536190374682,9.7141618295865,605861,5
ok,22.173574914484806,127.56554725080385,0.8256852990034333,3.523488331144379,370434,6
ok,22.19984588087518,311.1416588176889,0.5608365335885579,3.5370411713835024,481434,7
ok,22.396015528650466,281.26119971258436,0.6431358837409061,2.6084460047321634,953947,8
ok,22.52644961681634,156.6297934863544,0.30514950355892084,0.9473630443577148,282359,9
ok,22.592115318994995,158.07832872288017,0.20884211192497848,18.48906468300046,691236,0
ok,22.64038184248302,279.62818369183293,0.430442611095121,4.832485446072113,574615,1
ok,22.67668140832795,174.51058930499505,0.7782788791829234,2.2120292171143365,638524,2
ok,22.7267927820957,114.16609528452912,0.6830662452603944,8.258544721754946,764831,3
ok,22.7705386817883,134.66747449963452,1.0966302650362314,9.667412901730657,5986,4
ok,23.044627766891463,227.22209462746218,0.24833416201515895,11.42397372021274,402327,5
ok,23.118478042057365,183.62192165447848,0.578157323164106,4.693080163156149,821722,6
ok,23.261869501465686,252.9739537050345,0.4748481006625308,2.1005702327141553,898576,7
ok,23.450990265754278,160.19758377079322,0.29521491625966256,0.7809170937648173,860341,8
ok,23.608677623889264,285.180267997903,0.725163373479941,1.4611020054283785,929226,9
ok,23.756030799656344,167.84364588100533,0.20905726748219383,2.3254555505962626,984045,0
ok,23.81090360697214,212.91555423808342,0.39150627203595384,6.143319047067031,776474,1
ok,23.929760221789486,117.00781388934446,0.5932317343601146,0.8093415820728301,537395,2
ok,24.01999858326737,185.85822581522729,0.5419864614745841,3.1072881831008097,848444,3
ok,24.09002952977003,100.07250756222285,0.49799930965368755,2.096101196811527,135527,4
ok,24.127985706451373,231.50714379559207,0.5903587617916709,2.7812000961443712,543873,5
ok,24.24473383249098,202.54153851907753,0.2656727268889115,1.7616156042656719,815160,6
ok,24.490186678793524,289.65120999116914,0.7881460251798706,0.6662360225871087,588626,7
ok,24.569685190626345,121.62298503273098,0.5816264100735754,5.096143819468905,215466,8
ok,24.67392675378425,10.0,0.28270356074348246,4.572333927106673,446788,9
ok,24.911041661509902,238.60337607350812,0.8053822442847742,12.93165338702595,995852,0
ok,24.919407998482168,172.48395099567273,0.2323954632448595,0.568693553416539,58849,1
ok,25.04156924261427,212.19550983295454,0.4342398896133931,5.519976268154933,504471,2
ok,25.101037874092153,247.5117521968324,0.3500592366028491,2.080451460666007,912271,3
ok,25.29931481025949,445.14356863547874,0.21113448093273413,0.14452295630268142,382453,4
ok,25.42849937298936,102.88447612161404,0.36610190858515923,2.844775864541091,597687,5
ok,25.48875231187596,231.90387322973856,0.49497455632801785,2.265756713310692,581331,6
ok,25.67488189658055,277.92822780364907,0.5264183805900899,2.1921593293252704,209546,7
ok,25.710097491511288,206.1530454339243,0.6229240372996528,2.360935790550344,986724,8
ok,26.373702112999744,202.12466369978165,0.3595847827937887,0.15795426589253042,529237,9
ok,26.47954062455421,236.9143128303908,0.27482900423310197,19.796536404614105,433481,0
ok,26.739373406441906,343.62948838532895,0.4170379691320161,7.5134386890703535,508480,1
ok,26.824734178139487,104.90649008770023,0.5194246027266894,2.305417069535955,852860,2
ok,26.84391031357233,185.71096662145524,0.8526005596008291,2.9790029845956623,374121,3
ok,27.115352692816185,10.0,0.649837068851297,1.5659705885468225,434555,4
ok,27.124694757217807,169.18408831790447,0.48670148551708325,1.720584497559655,362889,5
ok,27.2122186258995,199.93558648248,0.9120347531012851,7.505120472960908,1661,6
ok,27.23159686259554,185.2623494759063,0.3476253006555994,7.9718168319456675,564635,7
ok,27.258195861062458,138.76437000213798,0.6954857944899389,1.222420035839291,566345,8
ok,27.260302969957177,68.6594680822081,0.22018289836426863,5.3844242837426,653776,9
ok,27.269497808475773,225.26977462217255,0.33926270538725134,2.576317718698062,824646,0
ok,27.317894421784636,212.63883517245623,0.5037082005777997,8.99351300594477,642202,1
ok,27.46823411351459,196.26079967560466,0.34548095156917347,2.14751416303034,347222,2
ok,27.814312809028966,444.70257519699396,0.3389950698738269,11.281388409688697,480401,3
ok,27.8882800017578,171.71274064934204,0.6082029184750999,1.59971591509452,628993,4
ok,27.93803436000586,81.32452735490781,0.550422388402254,5.565014255759184,29333,5
ok,27.95729388240661,152.57532592493237,0.2263299330813991,4.23781389250342,843652,6
ok,28.050560164859405,218.62335534903562,0.13852796237867082,2.0731604137580977,240758,7
ok,28.151676872351178,102.28611322067842,0.736934835453179,7.446671546116669,666234,8
ok,28.200957279746778,223.7150744332413,0.5918206281552867,7.190720007935298,185819,9
ok,28.28019425352783,186.60682129065276,0.4871119895716697,5.918488883891633,577509,0
ok,28.418909739815565,319.13459477348357,0.42267030498755737,3.8394451727591923,612851,1
ok,28.42399425174173,177.59295491184236,0.4332709981382963,2.044834670485025,189565,2
ok,28.430710619679477,222.72884544216222,0.9952279257783829,4.804623507715396,902833,3
ok,28.501493132608307,187.5194469629895,0.7361452422711452,0.1,96051,4
ok,28.759506249919752,282.97980333132796,0.6003208335580394,15.159460455677639,837223,5
ok,28.766038019866336,284.99282764894576,0.45424694618046074,0.4257418367064036,577795,6
ok,28.846133918282174,226.00296396743084,0.41079605386218815,9.207548409552157,835817,7
ok,28.851665911331377,71.14724156116293,0.4832384718771536,15.23236877932698,892625,8
ok,29.211726919210594,225.2463460061225,0.5151874013031597,2.114541883835067,856096,9
ok,29.496891917131727,78.87590421910875,0.4250325167537487,14.136531000301098,976171,0
ok,29.640979834423707,265.68433909834005,0.8151607206397569,6.590840776743506,267695,1
ok,29.677514585373746,298.14765253463406,0.5783705798411884,0.27816432741342995,34035,2
rej,29.694995737651713,229.65969494718072,0.7145583601043823,3.7888318365524496,882633,3
ok,29.730671442338366,256.3945679244653,0.4224786409111277,2.7380180494026805,989405,4
ok,29.738996390207355,190.95561832330628,0.5302617369838204,8.750042553823105,705810,5
ok,30.0058874738588,401.5746174183917,0.4321910864668002,3.746127487653798,73875,6
ok,30.128431576069598,164.24265304224878,0.645682064992276,10.760298089179802,87277,7
ok,30.233258215958212,177.73128524951926,0.4215091834020558,4.531484010018251,910245,8
ok,30.267471775380226,226.08585824823052,0.7201011434239173,16.561413573789206,17501,9
ok,30.32049146890937,330.69991941332034,0.8156578303136761,4.7817146867582645,475003,0
ok,30.328116528293776,89.84801956053826,0.5310622998698143,6.9903352398725715,15267,1
ok,30.32903476384269,247.24493626501828,0.45142537055115506,4.438119560122623,790778,2
ok,30.570576601489197,294.8230798654803,0.5769218738306857,10.579844001861966,792290,3
ok,30.618965862070507,229.67303706719312,0.3736115231237949,2.9021924265999797,294856,4
ok,30.635905490856718,162.67162289381113,0.5180682367415302,1.1168561137155821,261681,5
ok,30.82997933091306,66.11766761911665,0.6328787962672311,13.221819254155262,281691,6
ok,30.91841537750286,381.05059560946836,0.26661947845399026,1.5335609716674592,114807,7
ok,30.96394766983831,93.12560053654883,0.36581165474388333,4.391932141787734,836016,8
ok,31.112725365743337,259.1603073124329,0.6222529322973637,6.964387997425197,655152,9
ok,31.12315635209062,10.0,0.3120478510132849,5.580918587730207,193577,0
ok,31.197599319496163,282.6022366707893,0.7322760373464888,5.972563937802814,361153,1
ok,31.318087886090424,235.5344839941942,0.38111481269563,7.594464024102172,304385,2
ok,31.611147940250337,148.01332197483134,0.3929819229145874,2.4804989412089897,72892,3
ok,31.659459590161006,234.2482137083267,0.7379307566860827,7.135618285620442,175605,4
ok,31.729213461272817,105.13939173334191,0.4019386826943726,8.59477133104439,167379,5
ok,31.843636107111976,192.5801004047104,0.8940401467662058,0.46152873501164504,267613,6
ok,31.877133724133216,87.9843028906082,0.4643244158670439,0.12903187132998856,552998,7
ok,32.040521856284066,127.02916982937279,0.741915729508908,9.273308682833491,998199,8
ok,32.11044562457266,230.385095254885,0.6763759158545245,4.349847319589035,176312,9
ok,32.138452290207255,277.2411782004542,0.5144651840122529,1.8191738279595606,688554,0
ok,32.39439245634136,178.55676289414689,0.6287766929453537,5.745440633740077,286171,1
ok,32.68124555358396,231.41496415316607,0.4305808060528251,5.49984787731423,679689,2
ok,32.73400951483368,231.2094425814553,0.29906373547235277,9.412406401161011,746156,3
ok,32.94965024950021,235.60926093640285,0.5250191878559328,4.457053209608078,308798,4
ok,32.97720502386309,50.73305689665875,0.33846357635288005,24.107318703007348,476789,5
ok,33.03700718874587,200.72144018296257,0.5472571618887935,0.9453999269087009,736756,6
ok,33.04669483673819,127.85520138396558,0.4378834425980159,5.032701042341328,337643,7
ok,33.11348217632909,174.36519847719433,0.2861501562417263,3.0955790870681064,520611,8
ok,33.21637456905284,194.45207533252008,0.803651542776833,2.7235802913987257,496784,9
rej,33.254350950836894,162.85809675108962,0.5957132315147482,5.787941930801256,119737,0
rej,33.309204657027735,204.74585781119077,0.4904815925394039,4.378219538775429,24782,1
ok,33.35545116718479,171.24633598523513,0.4140500029863432,11.332353536073503,327160,2
ok,33.613490117780714,177.82986696166276,0.8762791281643241,8.776250671520144,405334,3
ok,33.69909444527976,90.32537848650803,0.3331992645927623,12.934086517899587,360020,4
ok,33.760266042881305,65.17759667961292,0.490228352173345,10.812660262267448,441365,5
ok,33.820680210719885,284.49421386440946,0.3034907940501286,1.0589780619378482,834879,6
ok,33.83640291665094,240.22024959077476,0.6387970155736409,4.464342771761892,197173,7
ok,33.871184017388444,319.03452526041497,0.7650903727177673,1.9842821772932608,270973,8
rej,33.879918354786405,191.33969495843354,0.7057512050969457,7.21692144557905,114044,9
rej,33.916528403316086,81.0835091631032,0.8815556314696895,2.4071484340376896,265770,0
rej,33.93346483647613,182.9608161321258,0.47410317272757974,1.8038329789736516,943528,1
ok,34.10267135685019,324.9071468972278,0.7083144029485542,0.1,765620,2
ok,34.24446824941826,74.07684355020604,0.5037210625303081,0.9612322842828886,534895,3
ok,34.27003653251764,180.37639422391177,0.6329855280585042,7.575745353985038,219247,4
ok,34.36886901797791,194.4502572576349,0.7697979216432094,4.457396708512595,635068,5
ok,34.562331608181786,206.90921297721962,0.3134099446590176,2.278400289036603,452623,6
ok,34.67822113641113,191.12780192665954,0.5949500523960793,2.4959100223329997,856728,7
rej,34.87368184401857,104.4577110511417,0.8265559235116635,5.839089188975777,21829,8
rej,34.93837150797808,188.05257107900414,0.27979132187530775,2.035477627812798,236321,9
ok,34.969104108958895,217.24956176287546,0.5968209767267649,4.566736472987882,18732,0
ok,35.14073071405605,347.92427836593583,0.5774004375399572,13.336448028323048,416615,1
ok,35.388853265246695,158.21608111135149,0.3533360931599686,0.3715183842767519,153576,2
ok,35.86982479868341,257.8101425880193,0.2627672967634801,0.46952468220820437,37042,3
ok,35.89941213444062,122.34353445628791,0.5013880121380445,2.4622557218693824,753753,4
ok,35.99593261049929,254.53519430416037,0.10782656970958915,3.8476398273650236,168010,5
ok,36.05784481557036,285.6978946596677,0.7355964484138897,5.81260543060657,467317,6
ok,36.160891757201064,300.39173424294233,0.18510057921799405,13.723799143796063,738832,7
ok,36.27445952498213,196.38924817779497,0.5733845521303348,6.727911543360115,530903,8
ok,36.279250668046416,208.77378630243484,0.8176222894343547,0.1,711118,9
ok,36.319828526200375,324.4668619863737,0.5404483141986669,0.27276984122793896,447390,0
ok,36.41937933211018,244.87417161456705,0.7257421698420115,13.40074164480341,571161,1
ok,36.429088238846866,232.02056597831123,0.45738225160156715,7.240958363648131,872672,2
ok,36.5435434643036,238.25373137353702,0.6764931843150268,3.342830602497294,231315,3
ok,36.596757339567496,97.33250473984205,0.3474006042172335,12.09660440657471,661412,4
ok,36.758422770108915,197.10675921191142,0.4108851672258237,1.6515651255923944,836565,5
ok,36.76209701855735,222.70106289298252,0.5805582585378923,2.0004112031784396,728813,6
ok,36.961144170431574,104.47144734688172,0.2820078549345385,13.163026439420735,541693,7
ok,37.43222199013909,250.45527403048675,0.5065744460691025,10.946125519745076,472745,8
ok,37.52345683043767,315.3448146809836,0.3255592300717895,3.04075388722226,234037,9
ok,37.63963290973463,148.44882117823275,0.4480340042673071,1.0222566615051707,549344,0
ok,37.73317625732502,305.96878308325483,0.42695598132104035,13.53043600923393,680008,1
ok,37.75765755198203,171.90953249715704,0.4703924426209896,1.7397264033462507,32191,2
ok,37.812667821061126,197.4854951644346,0.6237330491950446,1.6303022364792639,414080,3
ok,37.900064784281,134.92581736852628,0.5599922567543967,7.095361854814185,707686,4
ok,38.13883686704461,120.43335251562678,0.08174937486871858,0.5355962841627189,603818,5
ok,38.170828614829325,224.5358630014306,0.6764614945281829,1.182589061929751,842410,6
ok,38.22374074334653,184.2357755900202,0.25916715924065825,0.4374663045422461,336850,7
ok,38.24632887492371,249.33788546377593,0.3044822817731868,4.264266456548338,691875,8
ok,38.50459334959981,254.05883617473185,0.23372033717359347,0.17518994436440882,661596,9
ok,38.59535341208781,199.5431716800429,0.44294385006218007,0.23274465282331028,447007,0
ok,38.63612650186925,89.45537840496186,0.68841738884252,1.5711892228188775,61640,1
ok,38.74774300056615,319.7007781330645,0.32347484581536323,3.4271248808865518,773273,2
ok,38.87311347558044,92.97003538474185,0.31579300553401113,0.7147760813267827,313111,3
ok,39.218850640142534,188.2472602458464,0.559149506121386,1.6053963320230062,131788,4
ok,39.31906239540003,180.65943134871605,0.23718472248864547,1.0247849566509382,222436,5
ok,39.687135074204704,243.75903364133904,0.49854377736977573,5.177366001102216,918064,6
ok,39.76991765721315,315.6693704260655,0.7363745075659878,2.8443912495854056,49744,7
ok,39.77756663653488,10.0,0.36716237278539327,8.218770442726438,321269,8
ok,39.81464201983371,88.13915351605031,0.38314672413256484,5.798877206640815,74162,9
ok,40.38883988385914,234.5260197149691,0.4133832080416134,1.3132471609503233,900217,0
ok,40.39630542497293,173.21731924200262,0.6234486047012935,14.759923160331835,80159,1
ok,40.63338754917614,102.42024834140551,0.01,4.969275566293266,325439,2
ok,40.65488918345117,46.97772055136815,0.6103980472092179,7.575239350035417,961729,3
ok,40.67458579160704,134.6417392728041,0.2992866800891449,1.090356848636365,984915,4
ok,40.68609179891456,140.57092778741043,0.5719030560671972,0.1,312349,5
ok,40.787940696141284,196.14889142282067,0.49671062240959973,8.068719728765139,779974,6
ok,40.992918127931894,230.59546746457067,0.6661404676205418,8.245544054720012,165892,7
ok,41.27765259324725,372.8274223365818,0.15501907757788363,3.527426200012855,436388,8
ok,41.42485299816421,217.65661268298447,0.8974566321520336,8.814931520859158,592383,9
ok,41.51294965766899,155.83910219715355,0.6644020486608803,0.9830852589162674,264616,0
ok,41.95073126460423,130.24159468549433,0.6756529125755077,4.352230964858498,136725,1
ok,42.3390984763342,95.0930656789325,0.6134099283958332,7.244764329961683,8892,2
ok,42.44405883405596,141.0171024156565,0.5624847178753276,0.4402398508968241,587954,3
ok,42.566702853300114,135.85543305430784,0.46492862162592535,2.3186284442127683,921402,4
ok,42.70610060841147,149.52547677889305,0.8098151892278189,6.8079930617203726,891841,5
ok,42.74855797588085,273.115706112946,0.17966284036457075,4.517454173579022,39758,6
ok,43.012203826207994,266.84023614543565,0.3459498461826026,14.152213608494144,619272,7
ok,43.01233300952053,369.3784173734643,0.4355263170938501,9.26785141514534,859217,8
ok,43.03771071287149,170.3287849858967,0.694782222815459,11.140818280557063,228160,9
ok,43.04122358222497,90.57145665045438,0.8636936275315401,0.9269163033095615,944570,0
ok,43.17241605030346,199.0712438929996,0.4942931396785375,1.9539604045203656,597982,1
ok,43.28929988914292,277.7570829985688,0.5847279487831369,13.126428952184668,483238,2
ok,43.42431949240175,52.1257337677805,0.7853327953110976,16.997867400842278,179848,3
ok,43.445235680836916,174.8701663950239,0.6313379931847841,3.975778708897068,868129,4
ok,43.58847471555735,149.12940970229457,0.3991316239619552,3.551283724021573,909934,5
ok,43.78467008668631,143.19963431731952,0.5717089700011942,11.550174624632497,912142,6
ok,43.86634782618163,206.1777429804695,0.6291064158497205,0.44307324404572473,817907,7
ok,43.89462621307487,235.87799924734384,0.6542940834594797,11.266095480522615,738221,8
ok,43.944526682331535,371.1781369659759,0.5796756387480457,4.510593821267519,653223,9
ok,43.97743499327439,76.59271856665066,0.41036929995782223,9.341527758646249,533592,0
ok,44.517222094905875,213.03261682246224,0.4339881199464055,2.0032502371992913,39241,1
ok,44.63997096194776,263.50183266103846,0.2457212486294017,2.319290236097025,396329,2
ok,44.68363389155549,96.26341257398695,0.6031345279680769,14.018859177469976,210142,3
ok,44.857147666010896,137.49244202776956,0.6361097141824341,8.864390041032275,363783,4
ok,44.8914679230589,313.48344665552446,0.6771947222521386,6.781414805747783,103835,5
ok,44.95330921780407,227.55142675253984,0.5444150071287943,4.426625996223917,215756,6
ok,44.96515434503977,190.1324498602278,0.47838834849369544,7.532170885534455,601235,7
ok,44.97018049181374,238.7743014449513,0.43391070933731113,18.156612645306105,706900,8
ok,45.08642279921273,189.79298545838455,0.5606583693303967,8.021576287360777,940117,9
ok,45.2944287706277,189.61631070286842,0.7254636100106978,13.342541363497881,453981,0
rej,45.33171149817454,213.66335848887164,0.6245803136365721,21.149074290468292,620137,1
ok,45.33586006865008,238.91551804014262,0.834168994688073,3.390544594826511,203548,2
ok,45.37336620160265,107.3282587392901,0.3398654574718158,1.2376161148984242,516267,3
ok,45.57433414364322,131.75013752283576,0.5009804154143306,7.502563111324213,109496,4
ok,45.669686252724006,208.79931453595904,0.842096015774707,2.5536775056785492,983515,5
ok,46.20549656242542,186.52366380534988,0.6330738405410861,1.206950503114719,698307,6
ok,46.32618604964015,238.4043592588052,0.3980299151603832,1.464705088328192,409008,7
ok,46.3691393475975,289.50589188398885,0.5218195841647246,2.173433929931669,310454,8
ok,47.13893425508249,60.37898379355542,0.3871972715076874,0.21231583769321039,528594,9
ok,47.71097009716654,336.64517254682085,0.4488678363363882,5.1194858392569085,524078,0
ok,47.871479473736976,207.5138519498323,0.654208098973204,16.609513201473966,18035,1
ok,47.912708484124984,73.4322520871211,0.8121693175180067,4.944619388070236,341149,2
ok,47.957405811806474,174.2422763958643,0.28491343695007665,15.54898494512732,641863,3
ok,47.97208430785125,232.29304645969043,0.9312703842520074,2.1789185808644334,913961,4
ok,47.99969619754963,275.0773046852521,0.7600714352368683,2.9328651428061194,421868,5
ok,48.158344358544106,234.48848648181982,0.6884658932391322,2.3807618194435354,943381,6
ok,48.2256975077588,259.3380022922004,0.49391804449824517,9.960559423730306,295018,7
ok,48.30694023513536,283.21010946684015,0.5302107321309244,14.905640554092228,18971,8
ok,48.4343638902312,139.3583274092686,0.7539288689454398,12.506907230380337,164590,9
ok,48.66092452366074,286.4240956217146,0.5305940524733661,9.481331128554341,210609,0
ok,48.86747510962033,208.47816828863418,0.28258163475420556,11.552235322640774,899192,1
ok,49.051637507188794,228.08971938397409,0.4883488419844118,1.4435673986672637,343661,2
ok,49.102372574396156,92.6774031453217,0.3780239645257469,1.7544233561882892,850540,3
ok,49.26979677265496,176.1278443311611,0.8500854520504919,2.2728129794891774,590705,4
ok,49.379638514345025,393.2772997869829,0.8220146599430815,4.7787592941131365,820720,5
ok,49.44258837932667,140.2888163936401,0.6630309464081211,5.3320921058759545,141707,6
ok,49.84619514791025,208.71717683110805,0.3053976545833649,4.929758641646093,355567,7
ok,49.880985420524944,217.40174061392005,0.6471967722509055,1.3178404379259214,450091,8
ok,50.064766778521644,210.57565366961177,0.31113642220578075,0.49885897402806695,223377,9
ok,50.173497571905855,261.3810187466839,0.24639298618532562,6.290859527298245,279482,0
ok,50.266338502827416,285.14450714931036,0.6070247853930172,8.238614380406554,707217,1
ok,50.38718194197994,23.06333478842376,0.26502535958798296,10.3871226821907,101088,2
ok,50.538906105528945,221.6886123310689,0.24010729493664285,11.973942296230415,878393,3
ok,50.55932248237094,226.54851334590984,0.5716185974895079,3.4591512534427116,397655,4
ok,50.56411102425118,189.91161141894452,0.4098294302574815,4.825299687087908,977469,5
ok,50.59152800655481,378.8185403492123,0.6503113324135057,1.3132561945566659,574228,6
ok,50.6700202864263,326.65254615776854,0.48933164825729836,5.029446620109641,360552,7
ok,50.748803584199216,155.70316624050486,0.8965367809850652,3.7296984261819297,958864,8
ok,50.88312944207911,241.76626503251708,0.3844358712180358,4.617399278275715,925256,9
ok,51.37423035887621,185.28855140876593,0.1973229690993556,11.299630458794898,878384,0
ok,51.489215445416825,151.3400100334734,0.8184054235171068,5.764966808252641,720487,1
ok,51.854189298326226,244.69524166326616,0.3910070702463627,17.45637835500854,560285,2
ok,51.85602378555859,172.13240965828163,0.4481446428915756,7.292680760490667,508033,3
ok,51.866611893067905,294.2395648435071,0.4595998610563803,4.522672794773302,805255,4
ok,51.94413572082125,417.24713328821036,0.5929857759493852,2.9019433565906363,558388,5
ok,51.9710262817313,206.65588519081203,0.3730934325885068,9.410205032564672,246038,6
ok,52.02664028367668,189.38900955960068,0.34832256495566705,4.606614842724556,68495,7
ok,52.095901179144036,231.72415499569422,0.6438129358735205,3.177212202859305,760705,8
ok,52.23938885569934,243.6250110604701,0.6115953133982223,1.5662717540378979,42362,9
ok,52.270310991064946,291.164110674391,0.45355353163480444,2.992637490667829,88793,0
ok,52.61279252594186,299.1939968690109,0.19400575267962733,19.73800127282711,139478,1
ok,52.741707015654235,196.11692385743967,0.378929462539247,2.037971944945412,177937,2
ok,52.836666388469006,148.02272960641218,0.4259521035862118,5.517455685850576,174643,3
ok,52.9796279598284,241.2194321606241,0.5941717956170448,5.200065322944242,955239,4
ok,53.00829236473927,157.19957324775993,0.1867823154456913,3.90223742678304,564352,5
ok,53.08941880935362,298.38390904636026,0.47644909125583407,10.205042820758191,223313,6
ok,53.301534505873136,215.15337746507603,0.7015584889540181,16.626202742187186,281028,7
ok,53.41813287081192,70.27973732744496,0.6865517351412904,5.716022283675376,795991,8
ok,53.424803443789706,117.21255139001472,0.5989375455055846,2.086272831729486,348372,9
ok,53.43046887115291,104.11201334997651,0.5062789832849088,3.701283372447653,629364,0
ok,53.7896789638461,176.41847087312502,0.6997383799064315,1.669450477906942,530462,1
ok,53.96897274112963,136.2566672867308,0.3317273007465833,0.4391659593709532,881991,2
ok,54.218492800536914,365.12194405199756,0.15190350350285453,6.6725141505409935,267692,3
ok,54.41749712161489,94.63388764320098,0.45622549993596256,8.82265334896086,385989,4
ok,54.42143319182154,208.50672971320998,0.6234185164531568,10.41278147548641,355311,5
ok,54.53867530704287,132.48845996909506,0.29440528726324433,3.806301042881244,356814,6
ok,54.94770399118614,203.40264989622162,0.22885684323286287,2.1063576457097106,119446,7
ok,55.131264307452604,173.45329202515546,0.7664401713630589,1.1415499972298417,305361,8
ok,55.13994505336871,148.91440214596085,0.330900800978614,4.566338004579763,246614,9
ok,55.39797328681849,290.14203120318865,0.6705974425923206,20.337769079610997,909555,0
ok,55.465226645180536,358.4156655729969,0.5697956783471452,3.596174040203819,989850,1
ok,55.50965260370753,174.99414426181374,0.3852955735885882,7.3235037543619805,633321,2
ok,55.63763107789797,206.44835068844492,0.783736225428963,1.3204789554754635,817406,3
ok,55.761225963288375,186.2891856480266,0.6736144965108687,2.776768745416614,749845,4
ok,55.93021341841607,158.5710343146411,0.3091721496951644,1.4279163579146137,930364,5
ok,56.01573560485233,223.72236960204182,0.5543612332724758,4.529597770456084,512536,6
ok,56.05006878847486,247.15128649296517,0.34816301047433396,1.3538891721438342,141920,7
ok,56.14699661880608,134.9435352871594,0.6491929466173111,0.9588372711660907,608129,8
ok,56.1520649570476,207.65160099902104,0.48081698852748267,0.5526242045469689,577944,9
ok,56.183708138025594,201.92959221275726,0.4872192494128448,1.3178954298427659,807668,0
ok,56.25042551361386,173.12264984543108,0.3026059913059962,2.7620369842211083,109340,1
ok,56.330486542069195,127.76007480950554,0.4649213734763945,7.404789616026568,336305,2
rej,56.34893395739908,70.01088141646204,0.39211322832099216,1.7905795015172934,41038,3
ok,56.48843712457372,89.71514024489926,0.5158238494414555,3.1662323607833587,426349,4
ok,56.54028962863339,120.93392483826247,0.6475767400812813,9.321268159097189,76748,5
ok,56.633668703607775,65.37233315665927,0.5008465981600658,1.0299308586555898,398700,6
ok,56.713458249828975,271.08024480284087,0.3720106839265331,5.4647949711249035,908243,7
ok,56.754305889795,139.5888305199906,0.1503088484523974,4.616410098391992,826399,8
ok,56.91313175407506,234.06055999171832,0.6679883859892142,1.3523687069189152,154485,9
ok,57.23812184776602,144.02762663792157,0.7042790847588679,1.8189699907652384,868751,0
ok,57.504377751230386,225.82812444974246,0.3190912787627258,1.6266617088046356,131090,1
ok,57.723830539256284,308.67162064910883,0.3422815389317214,1.06855272678303,357456,2
ok,57.80591940332782,165.7270325523143,0.7525217967255798,0.881145009913124,120260,3
ok,57.93678420446209,133.73910633197454,0.6909125555941505,3.0015809136039535,645069,4
ok,58.225169744865646,231.2054479473642,0.6400660283617722,4.468985597181439,615941,5
ok,58.43771477239424,298.12208042780776,0.08946925074614143,6.619850253033367,819885,6
ok,58.449156940433085,75.97212001287934,0.358956769005897,2.7539868879768936,971154,7
ok,58.535296014908134,195.98444164002885,0.9267894480421011,4.8440844639259035,396403,8
ok,58.644461852618804,152.40112688218028,0.29781406260403553,0.7948504401919989,80375,9
ok,58.75858135290464,200.16393483538957,0.9899937634844791,1.934558227002279,598507,0
ok,58.89097815808819,168.10028477327188,0.831641289575274,5.984020406490197,577004,1
ok,58.9165557027,186.66338453000998,0.38036131173684495,5.953580494220397,234581,2
ok,58.93011782126485,183.30908438711526,0.22437039357972366,4.853063958745202,593458,3
ok,59.10346675588203,221.7247287113835,0.3299198486219714,2.449893217697463,85714,4
ok,59.242083819221314,210.80125028800242,0.21328290978235537,0.9446923314059558,998502,5
ok,59.24444103172093,91.74322934151004,0.48881709332668394,5.08529971310028,279680,6
ok,59.34057982291236,157.84234139304255,0.7707175570359888,22.75915707230019,382616,7
ok,59.431085967731384,332.6011839918187,0.4718568166513624,4.251207698894307,934038,8
ok,59.487354292630656,89.8327600069465,0.49047106328132156,2.50094046967222,309909,9
ok,59.49115676486497,60.374455756669846,0.4420033282202321,3.7402967639558775,591865,0
ok,59.49487040218755,57.64429111568904,0.5947081584944962,4.307718878277433,560248,1
ok,59.65982602957045,354.50229529967964,0.35875640166782885,1.3650180168839599,970003,2
ok,60.48115506013528,198.9596890066931,0.19804407238274502,8.606792964223526,119869,3
ok,60.63876178197977,158.9884399251036,0.8538974433973623,7.015677409329219,480005,4
ok,60.95440534764171,298.3738568274539,0.01,0.34158469998972546,940320,5
ok,61.0163509050727,276.7941279140748,0.48408222210342344,0.5858017492640294,290647,6
ok,61.18054535086209,377.95920892340376,0.6898901882809846,0.15117731789322789,112963,7
ok,61.2003828034005,265.9924260264933,0.5753740297164134,3.9589659924369123,825244,8
ok,61.29831166823261,78.023145229563,0.6783943971023598,2.2843076837609924,47974,9
ok,61.40525220597548,156.75791569386257,0.6120226103636761,1.9839446946202877,867977,0
ok,61.57504880876378,169.1502862503179,0.4728797340107788,0.8501288755466159,310103,1
ok,61.601986794090536,382.8517621363501,0.4834650624289901,10.610491809760044,12983,2
ok,61.89302153270917,285.5278019688174,0.33726901447523205,1.659410152687511,643486,3
ok,61.95049391649394,144.96670082079515,0.16959105494906507,1.2085472782238846,702977,4
ok,61.99851546956167,265.3730365979741,0.5015385310749418,6.855258431413784,15254,5
ok,62.075008679018374,253.8878297159246,0.7679407351510157,1.8102930074856463,96136,6
ok,62.16718768738331,119.69954027187946,0.7189259356749855,0.1,433622,7
ok,62.20622942309501,123.7422924618455,0.5650712239130903,7.085218759650937,120693,8
ok,62.299786897650705,246.94879580378813,0.5830901996672613,14.738669361523344,866249,9
ok,62.43264580768033,235.28144192177646,0.62880622169281,6.49327102999742,928052,0
ok,62.67733486899713,139.1905063606374,0.4619008527456044,8.847262210396453,828247,1
ok,62.77411096557461,303.0719251234715,0.5333425529482828,0.16253426692126044,41967,2
ok,63.03703719684811,342.7484894061507,0.7202530766018118,2.3426650575774137,197050,3
ok,63.07731483502481,281.39235541284484,0.5049620316302695,4.165376892978088,251273,4
ok,63.213329117611394,235.39261210957875,0.4890141369512675,6.7841137813940104,823669,5
ok,63.26812334606639,245.76347358791253,0.9121718048071252,10.773248973993134,615296,6
ok,63.308330618578935,195.40227233312396,0.4854078730389134,2.447328830634282,441464,7
ok,63.54890040551752,262.16669933132005,0.21814754927921193,4.884874134931778,169890,8
ok,63.614441438991044,136.9096485916127,0.1826984705077142,2.367966863604232,121171,9
ok,63.75062421073545,208.1803560799287,0.33042962484946425,0.1,472811,0
ok,64.26022892543506,66.94428477750176,0.7825261515230441,0.7935013301634879,175514,1
ok,64.4094315493304,177.59709725035034,0.6249549746298242,7.272697803549232,713964,2
ok,64.45180313721053,200.33418818059835,0.5018881290961068,4.904354178625658,253147,3
ok,64.78552959949637,226.52706214476748,0.46384325300052004,5.667306630015475,166665,4
ok,64.96998179081855,296.5951452369379,0.5518083916857299,5.9913090373179445,780147,5
ok,64.98979892892835,80.51992528149799,0.6522213667595631,12.377478741843271,886066,6
ok,65.01741597289524,361.3469127563742,0.13282409454391958,4.261430702709019,107829,7
ok,65.312148312774,144.66633467422673,0.09772795703579218,9.527026484147113,456238,8
ok,65.41964576813363,96.82035110198842,0.67921955593401,3.3419928635486302,955005,9
ok,65.5409074500528,195.2923500928917,0.2981352512612012,0.12160042491988078,396652,0
ok,65.66391473401761,180.25439116677998,0.4202334436590053,2.7799252116241657,845663,1
ok,65.67930251497495,202.42875628565116,0.5263964179565801,2.376921104189595,569298,2
ok,65.68266333715749,124.38514665297264,0.06104628451521793,13.368475309490988,953389,3
ok,65.72346692252728,325.3802355162854,0.7178289626580225,1.0287348273797519,858102,4
ok,65.81155952576073,186.6672138644146,0.5236716341296332,4.65746981479443,308306,5
ok,65.81486021448161,263.92102067288704,0.4930180281857124,2.6006554627737923,576936,6
ok,65.8246098179643,204.85173082456797,0.7271249091847171,1.92049402669549,265719,7
ok,66.23682378917988,198.00807193782623,0.5090943221884633,1.1244244184797618,746178,8
ok,66.3479412836897,163.83612691558514,0.6896568431659403,4.414635466932337,500181,9
ok,66.3700699816138,248.59928768573144,0.35801256380775004,0.8131738654607483,329734,0
ok,66.40870993302791,104.90304026827245,0.21809769778093152,8.230265079045493,104993,1
ok,66.41329046321214,307.61191826556785,0.22449802797107843,0.7716107781655188,217699,2
ok,66.65705160953648,133.88011591995638,0.56254573250554,1.1665844357740631,683724,3
ok,66.82810759504483,167.5606154514008,0.01,10.922014155094475,332835,4
ok,66.84658943035824,185.16476521584215,0.4463220467269165,8.214587824070605,41544,5
ok,66.92266096154235,117.00009620767973,0.5976408936005746,0.911939392525123,28586,6
ok,67.01462822590308,179.0420214293709,0.8355094662687075,10.186283250280281,11016,7
ok,67.14963097196309,134.81362113361845,0.3457558885914607,2.342397691249967,825082,8
ok,67.3262703553769,154.53018389913802,0.19108011429426774,4.727878138580302,970565,9
ok,67.42520757794637,132.88514088877804,0.45338883709985744,6.228225877911338,309906,0
ok,67.43674051619011,190.2858349055013,0.8729027314084861,6.005660305517248,761773,1
ok,67.49955369530493,248.5297243284701,0.6260172576969136,0.8452219520217558,625549,2
ok,67.54736096223444,101.30103759847029,0.21658079168696187,4.180996550257769,335807,3
ok,67.5526836239601,111.94459072671768,0.6180269641815853,2.693233291157342,471696,4
ok,67.6276162903458,104.13545476612788,0.18938960814412564,0.9941212666667936,410275,5
ok,67.63643654292008,374.2968359742334,0.7329758102413473,0.7861926487897704,328498,6
ok,67.66926010672351,265.69553568305616,0.3939228210214925,0.8327584340266087,417915,7
ok,67.76966909833176,47.93535149620891,0.6654369712201029,2.158664445923702,66023,8
ok,68.1692839840798,360.45500603716664,0.6401040468824108,3.3739840800076495,67310,9
ok,68.29932100407673,115.86878115771361,0.5623887428153986,2.0374397600246095,957760,0
ok,68.37644477334518,173.40423117185352,0.3192761025220242,1.2947710494948115,332765,1
ok,68.61152074173874,106.21277717072462,0.36395383758867467,2.6227755739622034,630662,2
ok,68.75515268780008,285.14844485008473,0.6639692812581157,4.808458150381178,478001,3
ok,69.01935357248315,242.02809621300935,0.3290364460634898,12.460270203000432,116771,4
ok,69.03977725942197,223.1604146254691,0.1822005504333155,2.108882113543701,262209,5
ok,69.18643309196385,206.15684328468836,0.3452348127321344,10.705996374473717,225646,6
ok,69.2812883949537,150.45595153124145,0.6120003643734798,9.942934005514656,823274,7
ok,69.3072317423522,191.18336413625914,0.37499894612862217,4.049578492662281,647817,8
ok,69.74868206283408,179.63991381489524,0.40808721433516143,0.5552559906141252,815707,9
ok,69.81055922503641,209.33938451002626,0.12961375071043346,2.1405223911801667,934500,0
ok,70.13984186321274,234.5733863622661,0.5694194010269351,0.6934430322032392,569285,1
ok,70.24682076602336,233.68172086688028,0.4347799513838563,0.1,909759,2
ok,70.26079119501101,93.534769176052,0.1630543734741718,1.6232525281167367,721619,3
ok,70.27341564625002,171.70755511527295,0.35187121454154,15.058580086314084,491698,4
ok,70.30247125636235,132.0868630325859,0.67362277749006,0.189756924632675,693983,5
ok,70.30449406154162,189.60267116824727,0.2619112633807553,7.050908989281793,373111,6
ok,70.46761328444494,175.37047220903224,0.0643033757935309,8.412026037151293,271671,7
ok,70.69544442420435,188.49670303338854,0.14682782498858044,1.0661595839641722,192122,8
ok,70.93020137966246,470.62892755328164,0.5841377908395474,1.6989457741872183,567911,9
ok,71.01988116674019,95.16279498776456,0.31653169240222623,0.44936220736556426,217932,0
ok,71.11209203298337,406.89678572952107,0.4850477273800492,1.7185111151641275,322249,1
ok,71.13228335861041,231.7838649510212,0.37411235370138995,6.63012661916771,208893,2
ok,71.15699068237,337.6494401849364,0.18403924059640464,0.6692683438132019,258349,3
ok,71.34934502872619,316.2540733761797,0.8026683219699341,6.040039537389203,377973,4
ok,71.89396868712451,286.6466213786842,0.5370885534598189,2.7125161396598814,85321,5
ok,72.02680292853074,217.51966010722685,0.6134693031960886,1.8054281116420843,859808,6
ok,72.1477330692285,92.37943313508175,0.274800045858681,4.71067234896355,294426,7
ok,72.16957535187667,254.15603082005984,0.49597109879106455,2.4218455378558748,93758,8
ok,72.19575548958866,298.0705759562203,0.4775893813955353,9.246976467481593,789878,9
ok,72.41564517700817,317.94713227931135,0.4899240506978638,0.6517617419737537,469659,0
ok,72.55138526583576,87.94675887926813,0.4890776828220648,10.544558834430289,94884,1
ok,72.57641857649729,306.12996113303655,0.6531979597005693,4.135369103202019,683682,2
ok,72.70030936008583,171.32896651389245,0.35772446856833295,4.42108091144623,602256,3
ok,72.76322105859553,272.94022789479334,0.5849418008733492,1.0549762662353948,674723,4
ok,73.05520350971076,245.6758873617909,0.46989531872422324,4.803594973363621,355345,5
ok,73.25034134900396,436.4060660132411,0.7803849069173419,1.9844640183631035,986431,6
ok,73.26765786303369,96.7958225351751,0.39483267855241955,0.16708725409111225,238473,7
ok,73.30783630547326,214.4652546507052,0.46923984193367785,0.42363301318523516,409446,8
ok,73.3332379292108,238.0388794079592,0.5462823217105008,1.448142843114,321686,9
ok,73.33592933854042,205.7540206935301,0.5363536240845723,1.8601228598820574,43046,0
ok,73.41585015384504,65.967538280518,0.7636834715567669,10.376761435296718,343137,1
ok,73.57775731076866,189.45947948197954,0.580387490036686,13.836938453161538,195887,2
ok,73.65928209784416,305.6459554456818,0.6588420530589191,8.286264447664337,332120,3
ok,73.72235842150712,304.9163643185318,0.45696726966571977,6.321396188584048,831239,4
ok,74.0758165867821,260.0320371886814,0.3109423971487363,6.879398604320505,888285,5
ok,74.19135050906549,171.93096483520645,0.6067543655753538,2.0736953505498175,607132,6
ok,74.27666273199438,237.49767210504132,0.11838729238184809,5.736042107256867,936902,7
ok,74.30777921400178,218.71556859167276,0.49860837594702145,1.9590042279274436,966107,8
ok,74.31227950076372,201.12395480245053,0.769664607196534,0.2711398560195035,317518,9
ok,74.58853596823528,255.95802446115582,0.46888236394068383,2.5714762949790844,257790,0
ok,74.59852901252899,141.1838218573561,0.249892081729725,6.946058910389006,350573,1
ok,74.62406128727328,282.5892306021358,0.46181578843708604,3.8152854838707855,105851,2
ok,74.63767027697148,259.54734094636234,0.7246218910548359,7.936002784406561,570661,3
ok,74.64277534215076,271.6552601493699,0.28426290263316134,10.086592036498786,641090,4
ok,74.78311549246082,150.60032685096766,0.3313475573979775,6.704920186787912,607110,5
ok,75.0283213197678,93.09931006549292,0.5696903094958048,2.681485488049425,846796,6
ok,75.04686340487983,209.28204552309927,0.5366147188829423,3.5689318932415484,624912,7
ok,75.12240819197382,176.72694161456116,0.37095735306762406,0.6427635790468677,96515,8
ok,75.31300971312601,78.44655760344179,0.5500120697938334,1.2693209188058927,257003,9
ok,75.35071513092167,126.90049514806121,0.18895935782658863,1.7658976741487589,230849,0
ok,75.4929710578904,194.83390387312286,0.4650669210657982,6.838184944105653,21363,1
ok,75.85063868158534,150.4399950245106,0.6447236106248275,1.325791364877757,847525,2
ok,75.87703079580157,175.17011083727283,0.5905738836712331,7.097821046220936,255600,3
ok,75.91484637778147,164.63792393972227,0.5486506684386846,1.9778307586870851,421290,4
ok,76.28529152301657,255.2519870330886,0.5303200447360135,0.718072037516404,75840,5
ok,76.37523107300072,125.57376362434015,0.6043236658692562,0.1,281085,6
ok,76.64853497427237,95.17622118736854,0.6855605349479247,0.1,577980,7
ok,76.75562620121104,133.07077022753163,0.40771281306392376,17.751384262369623,909698,8
ok,76.77816249403426,243.94101056672633,0.5638874885263998,9.784884855712129,74361,9
ok,76.803619494901,127.45822523403986,0.5443209927748263,0.9530348118890994,764589,0
ok,76.9111556722242,132.7005194464523,0.2909033927349322,0.9375993166983171,78779,1
ok,76.93743281069658,266.9756042070867,0.01,3.582896808203288,22559,2
ok,77.6694970532549,229.42959482546127,0.3936170339144572,7.89349484060058,666246,3
ok,77.77939629128362,277.25812351160647,0.48170701982453323,8.806545683941575,10398,4
ok,77.78584624000142,341.54935154028885,0.8573001309700272,8.990286237056084,304948,5
ok,77.84655516994468,213.34921263488178,0.33292126055083765,0.1257986427243413,787196,6
ok,77.9026922853067,230.77811243522603,0.41052074479620043,8.329959823491631,830665,7
ok,78.23193870442292,199.53741806029404,0.1913033604934622,8.785169936302092,376639,8
ok,78.36951566055413,338.06647468384915,0.7133469669158465,1.3624306741891248,517221,9
ok,78.37274964738762,130.83005679395325,0.7358708113922866,2.364093033258951,491608,0
ok,78.49129201859083,110.86856617003039,0.6178752418215152,8.7444062409045,904553,1
ok,78.55108815493392,227.1794192497193,0.5191930149665059,4.159589777086105,900847,2
ok,78.60666155584825,202.88909470170853,0.9792153928437962,3.010834056883816,161669,3
ok,78.7713839325215,196.854524469308,0.6610440736274994,0.4618383965416,105837,4
ok,78.8767795215905,144.89366580583294,0.6746933427024839,7.504498346725779,525787,5
ok,78.960509375241,107.61397717600215,0.2738913882683342,0.21466673473325942,815525,6
ok,79.05606287927526,205.86616066459257,0.30377843316688774,5.396134177525927,833600,7
ok,79.20438925889518,191.95972485073023,0.4918775597303203,2.676982482873957,344031,8
ok,79.23641931831207,189.90747214644443,0.6047893330517568,1.7855068125786555,80852,9
ok,79.33727931928311,229.97177257867548,0.5894111643921042,5.772052865647965,534008,0
ok,79.40800712166532,118.07889765621772,0.6373411755149797,1.6699805886009016,995337,1
ok,79.59604089221614,87.86497461191249,0.43377512242014504,5.128084146919605,697562,2
rej,79.75059824979444,182.56945378426374,0.659862824601474,3.811452073175503,181657,3
ok,80.16352169398216,138.6908089804809,0.7275939901989099,0.44879921347377016,188289,4
ok,80.25951200500714,154.5276513731909,0.7678303981246604,4.23523620965841,813914,5
ok,80.43570372237366,212.14133289595605,0.6191320298353681,1.8945748560955213,156828,6
ok,80.45028119535168,182.62864824139467,0.3973762320048082,5.40640383897501,148413,7
ok,80.59877397029932,236.36901886602413,0.128299954295372,7.025748545421448,861457,8
ok,80.69306068839632,267.75322682574637,0.20944253742971763,1.5383128330247928,907590,9
ok,80.82525392805803,233.19553923597746,0.7042041520230561,4.169309776911423,335317,0
rej,80.87112022364599,230.57198259295788,0.7879770499780832,0.7615579669919423,320468,1
ok,80.91839932728882,86.83424412927874,0.3189978394157862,2.9525271196421654,112069,2
ok,81.0363032891118,145.14636947980085,0.34267441739104154,0.5947650671863949,743780,3
ok,81.08225016107556,10.0,0.30907512031171536,27.104924888914795,539343,4
ok,81.57838097754235,234.97094176233924,0.48825019758306,1.2065242707239774,875235,5
ok,81.67575203654714,239.6570736150716,0.4901273309182116,9.044819800968813,964015,6
ok,81.70587521545063,101.12944224696305,0.45492166319611715,3.76541181156108,631130,7
ok,81.90304779697891,360.7229137339398,0.655649452798761,1.5879100291735047,307746,8
ok,82.28285450821038,296.6122928028086,0.7458265457507434,0.1,132434,9
ok,82.52249420948174,256.2091845578486,0.7114989138096677,6.750425755730106,937174,0
ok,82.54377936481725,158.71529238652386,0.5560049387765237,6.137050762778513,216783,1
ok,82.54410877299091,196.23558762301658,0.8078808602363003,1.143211121086692,148562,2
ok,82.7074271340937,257.8089171594375,0.43058659046540226,0.9936788307594134,571990,3
ok,83.05611989540375,206.05901726139786,0.5160465033642506,2.7635595862732427,954709,4
ok,83.1126274734847,222.9420504097239,0.4666989701682114,2.7960124871561214,757730,5
ok,83.45512236140239,178.80343970054156,0.5521635084984211,4.269906525411427,33302,6
ok,83.5950391818585,274.0407845330442,0.4046113133225513,0.3244207988106994,817620,7
ok,83.60896426450257,210.65317940388547,0.8795797693693772,3.4474376761368504,331422,8
ok,83.66743697074675,285.5784753826202,0.5630108442834383,1.6211981994900784,860912,9
ok,83.90028593968005,202.52688978771502,0.01,6.539696988764952,946956,0
ok,83.93770833477673,217.91030480868403,0.5934288335021933,4.8238665199289175,653816,1
ok,83.97756345444984,114.45923604699055,0.6725086930660705,8.476413586871814,842904,2
ok,83.9790058008661,217.07901871802096,0.2537908777055059,6.228854841043758,704851,3
ok,84.06378335691917,324.36110388576793,0.4585563511069791,3.4137286567216965,951219,4
ok,84.2005233133368,172.03190575333855,0.4507327489954329,19.31829265311268,579811,5
ok,84.4114446368201,252.18679127372874,0.1737633805350483,2.3907532738115203,881557,6
ok,84.43569402143238,64.82709185548077,0.3647604848377497,0.1,989304,7
ok,84.496942940269,56.62016976770781,0.6464108383309493,1.3150402750361248,782431,8
ok,84.88744429360196,84.77310871775703,0.5659079380292475,1.4349585613502422,723092,9
ok,85.28854823131108,168.0707769191573,0.44698855491242606,1.0164714132289574,215413,0
ok,85.4702226486523,158.43843687536665,0.849534237482112,7.894652828113848,186808,1
ok,85.56132273159078,123.08915702551631,0.45657366233130003,10.766993543284274,313447,2
ok,85.6016230048196,208.99559087409716,0.5053955713135877,1.0500139900147647,453653,3
ok,86.02134711585761,130.67048763673634,0.5712939894319857,7.390450831503629,563601,4
ok,86.40033384815298,345.81726638026964,0.6213767659192734,0.1335060215126209,165566,5
ok,86.96492938398949,210.38048096128563,0.3655345944834122,2.0452208346918352,50917,6
ok,87.2318869426427,252.108357433706,0.574602917264433,1.9257403588183728,749547,7
ok,87.24661908130639,167.254511081224,0.6521928513927179,2.7178831375937773,903976,8
ok,87.37643706148825,88.83550090482963,0.8693648308124804,2.440027571124058,700216,9
ok,87.39279764404286,75.13251625774228,0.5395687173574297,7.028565473013064,259309,0
ok,87.53323914071076,144.69054298126903,0.6424815961237182,0.15612646483180487,264856,1
ok,87.61458917383335,252.23357242929302,0.08656522248858306,5.389108915435552,815557,2
ok,87.81404325901546,216.32467953412973,0.733947631142105,4.553602439851091,67543,3
ok,87.8407041189599,155.61270871665553,0.4122007709905821,2.372577341219904,715208,4
ok,87.85554578920461,380.4643931891668,0.53672707152727,0.6517530162969978,468393,5
ok,87.908282522015,203.7068122703425,0.34544193026301984,5.253251897078449,847514,6
ok,88.02774990182752,154.19259671522462,0.6359277031444759,4.8140540473606075,451067,7
ok,88.07284038577194,178.9731516580578,0.3889932163513143,0.3701516640019902,575951,8
ok,88.47082184450397,159.20363718125387,0.5581343368969811,7.715192861019014,262374,9
ok,88.52508489008031,199.2270435932618,0.6765779115952961,10.305758053773257,567675,0
ok,88.55622749184357,87.97671497192451,0.22068920295166544,0.5108983529197468,460743,1
ok,88.60647659117743,165.28568295653673,0.9142853657672056,10.569401832901807,892645,2
ok,88.64575898579551,90.63942497463387,0.2790506725756391,4.011886652708866,564196,3
ok,88.67182463474543,300.98264459637545,0.14245962041464816,0.2836565048396142,475329,4
ok,88.69080226706451,203.15346661352754,0.30824652673615566,0.845513942712329,11394,5
ok,88.73166001964334,223.94412807588168,0.6740407560515651,16.5745539906564,414932,6
ok,88.84610713223736,198.15125163855308,0.47312750624397926,0.11348701281989934,876914,7
ok,88.89321398300044,412.1414956320176,0.3708538061295801,1.363311861168624,355120,8
ok,88.99535072983971,212.4851636972329,0.01,1.090574919781681,179849,9
ok,89.01666244413045,137.7379552874598,0.73300373811892,5.166871987052884,270500,0
ok,89.12084458728421,87.96463871726192,0.44603545387817695,5.000976182222402,509380,1
ok,89.24745717331236,246.65389776452207,0.5550774042960349,7.629644053138817,25594,2
ok,89.37015784619632,93.68834669234016,0.5934217322891101,5.268653938296701,831591,3
ok,89.58074551089177,70.08885233596527,0.5826242597833018,2.0308076789660676,677840,4
ok,90.34353751447252,307.6783776039072,0.5218128370064394,4.544294430210743,977943,5
ok,90.43192562856423,241.7707075708353,0.08124709039753908,0.1,436924,6
ok,90.6935530988987,167.6752258656336,0.5104449181389293,8.523545961582235,598321,7
ok,90.71173254345108,196.86439551784522,0.4023133417323872,16.17714732830045,19829,8
ok,90.7240188296052,235.27089219300422,0.5885637645590145,3.1538491636489123,65348,9
ok,90.79373492148285,319.1532095118997,0.14154889959318978,6.527641164372685,725303,0
ok,90.98546362756016,262.71185183258507,0.8885200798081501,2.65848127575031,372185,1
ok,91.03365582504183,119.88701811707868,0.28996110544163856,5.740371034158693,608248,2
ok,91.2133233290548,89.96722299556919,0.5968962177143994,1.080808782477504,145001,3
ok,91.39471004026564,261.9385883203382,0.36698417934867167,6.349945154834219,622378,4
ok,91.43000208152564,369.9744217953544,0.7725423311356474,6.389608911062677,131207,5
ok,91.50787865094884,68.03579749815452,0.33649459655609726,1.3610709854944374,145223,6
ok,91.52001182761026,308.78102424008387,0.733963884030456,5.813250258699214,271699,7
ok,91.52040566244074,118.2606431885555,0.46657039076791257,3.7391715132117453,869200,8
ok,92.00779167102597,11.808747332938651,0.4972863942964388,8.405743595669867,290365,9
ok,92.43883344828092,271.7411635240764,0.3739932790443129,27.7873026937893,417120,0
ok,92.45365665170186,308.20540911527064,0.5267879338218753,2.3603823497372196,591472,1
ok,92.5274296120456,168.38231324696002,0.5493768643006424,2.2355489625096037,420565,2
ok,92.6311095540553,249.695993060731,0.4044631249110325,7.2589879060014955,180537,3
ok,93.05211341758881,122.09515342066378,0.5113786193561272,13.792799780696663,642195,4
ok,93.27676218328418,298.799058987496,0.5326229764424533,10.67227375733629,93582,5
ok,93.46382112242576,355.504071754031,0.7402516571275177,9.302033944232612,244873,6
ok,93.5855004173752,252.1147754487511,0.30029169997927385,3.796581820016658,509604,7
ok,93.62368825054779,262.27173613993904,0.5714229614765423,8.880490828130267,7840,8
ok,93.63798944318283,120.50168972415088,0.31260284666939114,0.1,186204,9
ok,93.65095675697152,194.69705492923407,0.485817798766903,2.9467618734694683,554383,0
ok,93.86129913930556,341.42919837316435,0.40444021196704166,3.3504172070800937,332651,1
ok,93.8676900867855,188.51728436798209,0.4525916041938751,19.982931078039442,525231,2
ok,94.01486343628517,273.39829852096636,0.29361508640962825,5.413883692984863,936415,3
ok,94.02039532777373,299.77924792407686,0.37377373276919656,0.4088868453299256,680357,4
ok,94.29008056952992,213.5204944392062,0.30155870758408726,6.147477915845359,965146,5
ok,94.56371540141676,252.56101357839646,0.1839306231153195,6.361181662347793,459608,6
ok,94.75129907426432,265.0225390767058,0.18914501690752705,1.6946864813452502,975288,7
ok,95.54967769920671,172.39924978461642,0.7522779718210608,10.565702562384908,719861,8
ok,95.71450768436728,156.20557677050707,0.44470899723634116,1.9134890436881604,670156,9
ok,95.77450202935648,161.66495132578922,0.946588013768386,6.323375347042863,766951,0
ok,95.813707986529,166.67422336596016,0.2746551671631675,2.8819917302182896,236695,1
ok,95.88225803774753,181.8034553384403,0.5816456396564644,2.1696578217046087,249953,2
ok,95.91255037273295,91.32340630528077,0.1840750773848978,4.283357277556918,328188,3
ok,95.95332984504049,270.63390932108473,0.30612742757005745,12.049666111714197,519120,4
ok,95.96960721557534,179.13035893449785,0.454819504993826,5.753861626596404,720318,5
ok,95.9997085805879,97.76015985799013,0.5895962277310044,8.512076902198025,502086,6
ok,96.04720283055481,128.20863830247052,0.5866651152376112,1.8260235753028518,235994,7
ok,96.0912955675667,314.3161999104319,0.7134257459646027,9.329678105576422,747473,8
ok,96.11661317816457,263.727716992631,0.6957705143272763,4.077070301559487,432271,9
ok,96.24789916668291,331.8128970446958,0.3683741798083441,0.918539568455259,353319,0
ok,96.30947718897929,259.68293951416285,0.4992955251464836,0.28389021794386904,587629,1
ok,96.53024413024878,173.60541369629058,0.62273972318979,8.022438380398722,640980,2
ok,96.60723438536954,86.05773735318814,0.6055865218132123,5.817593782021683,950994,3
ok,96.62735599897783,177.95914101262073,1.0799354593336947,9.076348281240422,763594,4
ok,96.70945031530744,162.41342582189702,0.7683412801710017,1.8401669912715048,962285,5
ok,96.90289157158463,191.46241410234921,0.01,4.305729380880035,685147,6
ok,97.1170094638947,57.286687875166024,0.809125341939211,0.8752611832568251,288594,7
ok,97.26838888497855,259.111654612635,0.4885098699147242,4.144939530785492,677815,8
ok,97.36689078362502,204.69449111490022,0.3548689996707784,5.314410954400694,230130,9
ok,97.38670545276524,104.95954191478154,0.683130490454193,0.5738613032619618,50538,0
ok,97.42449584483882,165.3913283317857,0.09313224734510439,1.3351927417643352,966371,1
ok,97.58701221083231,244.9569031897576,0.6186556606642366,6.289480197807417,75027,2
ok,97.62628998087325,178.6745586503058,0.46050740024441694,2.5265468432676035,800267,3
ok,97.63770391705165,233.60449260397024,0.529020981062323,7.045426167697398,536547,4
ok,97.65324235036762,271.66006029974193,0.6965070912221287,4.249678655666848,676633,5
ok,97.71053060115058,246.11259770143644,0.44620226084864495,6.24780261185527,920045,6
ok,97.74907945446064,218.07208549330593,0.6948708532403479,3.0581788089588313,386599,7
ok,97.88912990888807,192.47023123097443,0.4489050885724841,0.4608419001017535,167214,8
ok,98.03298821634404,159.4977033663567,0.01,1.7110668012380525,536484,9
ok,98.22705811834649,307.7510912223816,0.5841147513372196,4.60148543192709,803238,0
ok,98.3909512238096,200.00128469796738,0.3813817666964619,22.61348116897993,830975,1
ok,98.39265408375941,191.9885491824039,0.49760888688251215,4.745214110049228,925902,2
ok,98.41797350348602,136.40244208702072,0.5993815099322648,8.818066240378725,213746,3
ok,98.44683553229706,102.12260378362004,0.3657801547658468,8.243089935808472,326948,4
ok,98.53106978455847,323.103431985315,0.4988408001806769,19.87219724313631,313228,5
ok,98.67093864880607,245.22164941384628,0.3620409745691531,0.3878362859031986,726198,6
ok,98.85078059002225,218.12312053859097,0.750847130104641,3.3934689769545896,314117,7
ok,99.19542400496465,203.06422161960623,0.16525115319105943,3.887174809486182,890231,8
ok,99.25343513414498,125.6096281391334,0.3704755871115482,8.054241893273494,579147,9
ok,99.30089571603393,310.0761094380281,0.49334147842661186,4.7383773848498825,389665,0
ok,99.36655534576866,169.87043346981204,0.2622145944780071,3.3200069172879534,173202,1
ok,99.94973132609633,135.77226766879693,0.39636434166607015,1.2459973473756008,735348,2
ok,99.97942900841427,183.41002569032025,0.36984162236090035,1.6755040608034117,735341,3
ok,100.25262796247262,174.41575582467908,0.5458530798095104,9.502411334043652,772190,4
ok,100.26713832677945,244.0297998481053,0.832845742846059,0.4540477278193459,487355,5
ok,100.56180549854511,98.63570251455846,0.3806958958800154,29.235357781825513,623460,6
ok,100.774320477211,190.35106871803225,0.4128413050616565,8.361541814516732,89100,7
ok,100.86826943485455,261.31536620295316,0.3676561543004064,1.517370862194898,897871,8
ok,100.8683192422832,106.72070057829924,0.6304031650933151,5.794036514181879,129230,9
ok,101.0134880554877,151.6584977900654,0.5396070172583889,1.3917231253438263,940157,0
ok,101.26932325539441,140.63666240426065,0.6048740965453394,1.7733095806012742,635547,1
ok,101.37272152992644,162.3726482670939,0.6025372158893663,0.5360627795387412,538916,2
ok,101.4328533663339,182.5055322918888,0.5753059674788517,0.57315203609058,598980,3
rej,101.44004945339911,173.93985906550773,0.479099743274367,4.373752031842288,395520,4
ok,101.57960454159671,333.6113450860744,0.44525641184394277,3.4759960668402017,184838,5
ok,101.73108526466112,260.64386633532973,0.33305245088162316,3.4821347858139395,163346,6
ok,101.88383913663125,226.4799249376086,0.01,0.21211211729860818,262768,7
ok,101.96783802880573,352.2082572993668,0.16723587707554138,2.1007269036765512,447482,8
ok,101.98970537692594,174.09334795514704,0.5357790109980196,9.191368108336643,228189,9
ok,101.99844302630657,259.7569306810639,0.47781460351016264,1.5270589532750825,987436,0
ok,102.01555704562624,110.20330778554845,0.35380402682672374,1.0074330525565394,597182,1
ok,102.42845994434924,286.5846233291601,0.5460678027190481,1.8433399121563414,754552,2
ok,102.43572138685356,85.75487227632344,0.45495195721962656,3.659270237795955,794558,3
ok,102.53224184004435,117.19655083484382,0.2788368140142416,0.12235325622908506,820268,4
ok,102.60041940794832,282.92213864593344,0.19411591850416188,9.822109530320052,54665,5
ok,102.68523632507203,159.7279882982169,0.730830579912427,2.007830428611841,519072,6
ok,103.03268110166309,317.4512692891801,0.22949966051125753,21.114642701346654,714747,7
ok,103.03736006035787,114.01315937089117,0.35173535100501896,12.778711607811362,412727,8
ok,103.13748968035817,289.2460551195116,0.7532579881350616,15.587101799301216,751989,9
ok,103.39702210533197,136.79534390668294,0.6442905521097838,0.7425868291390347,667914,0
ok,103.42822221796635,225.52859397566147,0.2234617293519095,5.439011980794705,364885,1
ok,103.52191509137705,187.16024000470858,0.39592817603594477,17.167684940987986,402628,2
ok,103.67055536725474,316.9358991490141,0.27812098962327625,1.5401701720426486,540075,3
rej,103.68063581506713,53.13509959075708,0.5490184615871794,3.2855412315635846,886534,4
ok,103.97097739558872,303.8858981003401,0.6764703709064355,0.5411928510273156,172803,5
ok,104.05263604010888,337.267557347844,0.27647076166080253,1.6965271735810392,570659,6
ok,104.11300993293581,149.7636769805814,0.35557286896127693,5.96440935767019,765351,7
ok,104.26934411701517,157.15727705979,0.7563913399621383,9.566358205832536,42686,8
ok,104.41873996989068,267.78677111106515,0.6122415349068788,4.9567478343613605,549636,9
ok,104.48731188226942,206.63733430658394,0.41843739176799905,4.147854554122558,94793,0
ok,104.60210098587038,247.15506247041523,0.11948547450229452,0.9416355963957923,847190,1
ok,104.73327855658697,144.03398913543504,0.30734649324184604,10.802690496666731,267579,2
ok,105.00211040544795,161.3110094678741,0.6879335151083431,11.631553625537896,658976,3
ok,105.18680326819396,257.8192043742404,0.5571545892476256,7.642319860065941,105954,4
ok,105.25592198029938,121.96954541502014,0.17694110185805312,0.316894124203587,280521,5
ok,105.31237976698324,272.4440106424547,0.42720601909251926,10.977632328582846,772703,6
ok,105.72466053088215,297.10405982487043,0.28426265914526483,5.012870068524952,957206,7
ok,105.75936771602069,174.66880658979716,0.5819542753101864,6.8859596243919965,87786,8
ok,105.77890031969498,225.1993186425216,0.3875751477706397,3.7360965674611393,145884,9
ok,105.85203018716548,150.25016779622717,0.7449342534014466,9.59851872923069,813440,0
ok,106.26137004372511,328.04029362741494,0.379088378155354,11.262594621702323,646869,1
ok,106.41667075325891,237.2111297721811,0.5626323838047844,2.28601543953217,882828,2
ok,106.51443033228395,370.1171649116635,0.6001976260002454,11.27773849748964,691763,3
ok,106.62922552789456,333.26629392170753,0.152175153394373,12.775837636799166,719982,4
ok,106.74968120722204,277.7330719857517,0.7529324454141203,2.048468471698637,734430,5
ok,106.77809631133734,111.78027954552569,0.4417811316739637,8.753093801878288,85991,6
ok,106.93302930397978,106.01525199564009,0.42925502557114975,10.429283972848726,466677,7
ok,107.06041109914929,179.0161394905804,0.4678507872432968,6.827398010611114,892307,8
ok,107.08214209051549,198.14499735985993,0.7077289033045343,3.734525576488798,969206,9
ok,107.0875734339517,92.90037133411599,0.6121123829949282,1.2008387796068596,252696,0
ok,107.36967762525875,371.87657039118835,0.5328723873624133,7.300472787927448,892339,1
ok,107.51425017047883,386.6794531290533,0.240235108687403,4.267277267748313,400926,2
ok,107.7449985034097,263.0647223160044,0.3409089481396276,8.365540312730316,985658,3
ok,107.94433709430413,237.6738746904997,0.5880143420937791,2.7022656738505284,841704,4
ok,108.0645918706367,263.3786352018831,0.6499182465563118,15.922930346269347,947310,5
ok,108.52607874814247,96.26984141226907,0.9899844544688472,9.024993411248005,453951,6
ok,108.5571301560252,145.17399573036855,0.6185559484447642,4.477878462030915,416536,7
ok,108.67381976796274,287.0270606741843,0.4652917717803374,3.9206377850897085,172757,8
ok,108.75865868082509,146.50093167010726,0.4749859856853082,2.2482564314477846,954292,9
ok,108.77083484024737,356.8451426616837,0.6831843468943957,7.300399121278857,341277,0
ok,108.89597582781758,247.01984489481708,0.3529998956284571,3.9798811867791137,459411,1
ok,108.90944769511803,234.73755464433205,0.5381286687566854,16.980631409288577,132466,2
ok,109.09022876853977,269.6718167202174,0.20498877566350948,1.3139466029445979,652636,3
ok,109.26386122699788,240.34052911192217,0.3686095784802862,10.147127272229348,953034,4
ok,109.35547888618835,193.15971958084677,0.3546616617414855,9.095507742717938,511669,5
ok,109.38024755394463,155.59462239088964,0.5152823020726662,20.960425604269005,222313,6
ok,109.48554988982774,308.94846518760346,0.5800058318777492,11.646425467874334,124976,7
ok,109.49338418713815,109.95734832512403,0.38629624674489604,3.1288590447173577,452209,8
ok,109.50537482526242,185.0170809754974,0.4187469558768905,11.7350500267917,629857,9
ok,109.96922445202671,236.0539071098069,0.3313337355936494,6.053592113712332,559996,0
ok,110.0271928386325,256.6646439955373,0.594300224009173,0.6983654396530719,428053,1
ok,110.03862604205175,97.52355883275368,0.15861605162888792,1.6176117861819541,953466,2
ok,110.2140144994978,282.47093466628485,0.3775800670935759,12.112947899127686,123826,3
ok,110.30398914612636,131.70538725321882,0.4704944061862902,1.5988043889723123,692594,4
ok,110.57614609883022,252.21543528415108,0.22634512086158437,3.4160574752364425,309828,5
ok,110.58853700446339,120.25440917440845,0.7397684234436619,0.38138327529576577,291160,6
ok,110.69689634010732,135.5871052145992,0.7664024879474161,5.302992371134846,260273,7
ok,110.8014056358438,82.23485904158393,0.20706133376134866,9.365581162897836,397252,8
ok,110.88417903938664,366.5546072523394,0.35432022813861297,1.1898349556004033,785988,9
ok,110.9781057340373,236.95508028568958,0.9016241297074024,6.16805757602226,586546,0
ok,111.09218556388727,179.18505371147762,0.4133104065529445,0.28103280484530213,4203,1
ok,111.12467639712798,168.46596318854944,0.5413235074504265,0.8428004859504443,199060,2
ok,111.30880416165198,58.76067126371413,0.4063333546044579,5.163907805283888,554028,3
ok,111.5812819761878,266.86466817079724,0.5765605823469271,1.0930942662315581,460086,4
ok,111.73722582355715,328.1691756795774,0.45701985363359066,24.2676601165399,607212,5
ok,111.7693469299873,248.90925964320837,0.6210863731489291,10.288114908990572,22056,6
ok,111.81650329056167,224.14881000876403,0.4253085953996034,4.19044093902468,32304,7
ok,111.88344729412985,108.99987382517446,0.31686139109661626,3.228681524528852,658009,8
ok,112.20493828063219,67.99108988829806,0.3703730093967096,9.329609826921967,635046,9
ok,112.25076989825119,304.99438881488044,0.6471204645808466,0.8558565357862855,254006,0
ok,112.36620769180902,189.24305580967436,0.08917172620573433,1.2769486932177612,875909,1
ok,112.65650219593505,146.96289535654657,0.01,6.389940494999571,273045,2
ok,112.67279380480741,309.43819089670467,0.5026779169044614,5.655809530482243,216641,3
ok,112.72130542609887,226.91782064799634,0.5326320009814722,11.258330664993075,181248,4
ok,112.89076869360852,139.23144009337983,0.22132761966128706,4.08695683548552,298615,5
ok,112.95073481894899,314.24228603319943,0.4569409472702601,0.5487402569898151,155619,6
ok,113.40220878003407,258.97729263074143,0.582718374383349,7.608968248318847,568684,7
ok,113.47295344901595,214.72065883497277,0.218187459652472,1.2654535769354633,210184,8
ok,113.698422956584,316.10173090925366,0.667324926003639,1.9797333965882653,286497,9
ok,113.76937536046661,150.45752728593607,0.5787122119843533,0.7755905807076096,326249,0
ok,113.8282071050992,140.94978085131083,0.2922749421219174,0.8129810441005175,614190,1
ok,113.84091082663087,180.7731253550354,0.6297490383322115,4.173164992228733,794212,2
ok,113.93994857972878,329.5814699508893,0.4351068636682537,2.0141663023957426,263069,3
ok,114.21870542344709,209.90934352753138,0.3571060731911858,2.0704049191233347,872787,4
ok,114.27525542813318,267.90218344666744,0.18059775758292212,1.3355289808869788,716730,5
ok,114.31882715890545,161.07709592842184,0.47230685491384694,10.372318260595538,468080,6
ok,114.47876420293083,319.85820613488715,0.6171007931177133,11.56793111018295,829518,7
ok,114.62682247537597,121.10032410793282,0.5476435140792962,2.5924634665381516,903076,8
ok,114.73494830689457,237.40753726053896,0.5208731526307131,1.150213485640992,847935,9
ok,114.87096349348126,158.25427617048075,0.19089872776356553,17.868915608211474,896626,0
ok,114.92122436427454,129.68938828276666,0.09866843565874839,0.2075892552006351,176139,1
ok,114.98478005460319,298.4001743722507,0.8748769376690884,10.334116548912306,571869,2
rej,115.1128991402552,361.9426926917333,0.6639492620786455,0.24393893376714515,374294,3
ok,115.80693260930362,178.89125276480667,0.2746234935566955,1.7495711752001264,514650,4
ok,115.91454460723327,41.32713590958568,0.6597639212061069,18.177539759885583,440366,5
rej,116.08846884448347,191.0487433889153,0.6956484282401663,4.574035273269387,897264,6
ok,116.15515671296238,219.9032552963298,0.11760187342696565,1.0595797675198675,127716,7
ok,116.18527270229907,173.30573035456672,0.5014808365834567,2.948326119523332,806425,8
ok,116.89952723625979,105.67053674047256,0.6338735555237226,0.627565850518964,219094,9
ok,116.95312098670242,244.029432003729,0.8841535454621429,0.2247915590503433,598259,0
ok,117.1960202026151,292.49790492767835,0.4854781987169056,1.039144677143374,921624,1
ok,117.20695117293234,10.0,0.702803955505983,0.1,401873,2
ok,117.21196991268344,223.14776490827674,0.25157869021464074,3.238504623856526,214771,3
ok,117.69954184053698,280.2434428964066,0.5418400193993668,0.2866288999174687,297845,4
ok,117.71259439377785,216.7189311419895,0.7156226309590906,4.087816092350557,849935,5
ok,117.71423165308097,279.1898487073089,0.5810046656879564,27.767585219118523,113392,6
ok,117.78514618361203,133.0619453356725,0.16859302045846386,1.2940161883032129,947931,7
ok,117.81718503160721,345.66044644097224,0.36905918305200114,5.404902559119689,846776,8
ok,118.002255259744,256.6393583455478,0.32467220143314357,7.929921247786035,25323,9
ok,118.10539391085668,102.46365813690309,0.47550940560752214,0.23783203430935196,123806,0
ok,118.18330741208102,107.88629651537784,0.6236141410178451,2.5537081770963956,596963,1
ok,118.26936167129816,145.55263606838002,0.6253519592448921,9.159387953410823,783564,2
ok,118.29208911892917,174.6165647356922,0.652960510065482,1.6979982567903127,13857,3
ok,118.40858543387178,301.16810612067206,0.3962711166030747,6.198819236953497,571774,4
ok,118.56082248251346,23.91093367477538,0.9309976943554923,5.1837952690835065,310811,5
ok,118.70785794916777,261.8201417978972,0.3391328954840931,13.792811228914982,706649,6
ok,118.9188488764585,262.855987104466,0.6126414788931341,0.1,798035,7
ok,118.94286870627663,300.29323035468894,0.3303299183011884,19.169130582453626,759500,8
ok,119.10787485904186,266.0056772074514,0.491767131410269,2.371658027706925,680928,9
ok,119.23616967287806,132.7758685354055,0.19489954492799288,3.079269000802511,143229,0
ok,119.43531527723846,165.93182625933184,0.45507088115915073,3.6841384116866687,78835,1
ok,119.93173375756248,81.04430473434917,0.37845025305458485,7.488174692888819,524677,2
ok,120.05123735436604,45.53336169812391,0.47816443788978,5.469273882711163,391881,3
ok,120.09326952354236,367.8418500506762,0.3992423455280679,0.6498716448506975,600391,4
ok,120.17197609431258,91.00747263468902,0.22625167387187722,1.641030225470702,844605,5
ok,120.22675128310408,135.21588272718623,0.5165239080157713,2.333004494413293,326370,6
ok,120.33615054428826,169.21394656497569,0.3904718961427009,1.8754973506116577,458405,7
ok,120.34583275975585,150.91922122469626,0.6595682856370786,2.64325960461085,527467,8
ok,120.41081876058414,140.98386187604572,0.4226099486799618,11.20083976158651,710161,9
ok,120.55379409939687,165.16984887188556,0.45019736441171715,0.6590644424122749,374151,0
ok,120.59423995347795,258.7731588734954,0.4915845085838598,2.846415455182207,795460,1
ok,120.74860430220173,230.81389895111428,0.5113721779458533,0.9813592995746991,554061,2
ok,120.91655899855779,222.6305467255149,0.7086065472147666,0.13915844980798814,339411,3
ok,120.94221152359928,245.00531180468698,0.14748809497498405,4.128381024178507,885,4
rej,121.21520178984203,116.9552548508834,0.5842481163178642,0.1368292262125171,129919,5
rej,121.39462817359295,393.2197646419557,0.7185129427855856,2.673073840225799,463800,6
ok,121.50602157563249,101.4676236269028,0.07195836712662923,4.491512915519123,752843,7
ok,121.59076560460878,172.3608935875832,0.702947070042989,3.9540739545211867,471389,8
ok,121.92841419145422,247.14707360949237,0.4729601459779777,0.15480324420334074,367224,9
ok,122.0996181965473,154.22657313942227,0.6110105285532668,0.8888602592732119,319605,0
ok,122.21139714013738,404.71400620750785,0.3799033392700896,0.7093796835042345,565492,1
ok,122.25206789477353,51.85073386481736,0.5729394723610984,10.143639482618115,418804,2
ok,122.35051080836173,47.080802882804164,0.6439710950402573,1.4539339956745223,355850,3
ok,122.42020017486452,126.02618399378204,0.4647834917214081,6.420870108656585,821126,4
ok,122.46449809072003,87.40578862039217,0.49108769842080385,5.710102324088967,766649,5
ok,122.68660163768223,255.57677775624668,0.22884015663788582,1.8612409511751036,716610,6
ok,122.91274496051784,170.7196976591362,0.7013167730153227,2.2732858898113157,599172,7
ok,122.9148326185998,105.14335101442774,0.5340754902248147,0.5977453729286111,516213,8
ok,122.92168428142756,171.06956460057023,0.4325828976640801,0.1806773590720863,118589,9
ok,123.42689704217561,109.67155956364648,0.8163417825657033,0.3226151575762305,679129,0
ok,123.43294676908417,173.26433383066063,0.7639564232413318,0.5729046421148085,962396,1
ok,123.45579209654423,141.75906935944522,0.8605639249027048,0.50910222312285,395898,2
ok,123.51799163219229,10.0,0.5453393805416089,7.318785092588872,400960,3
ok,123.53982008583488,107.79477240923671,0.506458862903703,1.0497152536401329,213819,4
ok,123.60575269817589,215.9236973423835,0.2738087240093584,3.0369746600542173,583939,5
ok,123.96187521961362,143.64936804586452,0.5603447959800056,4.671088004063008,4063,6
ok,124.0300370956535,372.76829254164795,0.5017519421064331,1.0272432858882101,291106,7
ok,124.08573209764815,390.37972090883176,0.41864452971378435,1.681261320555838,666404,8
ok,124.17307078924954,243.44218537457283,0.16775589894285936,2.0949513404704674,627220,9
ok,124.40148968390922,276.78292792052895,0.6128889069353682,0.8376341075895359,757373,0
ok,124.4270902843281,143.39922757989922,0.5137419513168449,3.861585295332788,924490,1
ok,124.47827386098174,111.05550024957512,0.35550614141460235,0.1,774441,2
ok,124.62349716702613,138.39043410978195,0.7407566859656277,3.172539050110526,869711,3
ok,124.8230514418141,194.26233874693446,0.5044343879138752,1.6701834230770802,763762,4
ok,125.20901822084281,172.48840587016076,0.6507762872882218,12.075068717709554,535780,5
ok,125.29056088876214,147.88671606316925,0.3301669531952647,1.3786483814970603,208540,6
ok,125.2977083244439,270.67454080320977,0.4725465621013007,3.7301820460169632,968159,7
ok,125.39626602453959,176.0123305610097,0.4212284748979495,10.333353798200184,484002,8
ok,125.9525928636187,196.80150517384646,0.4319800255285352,2.303810645078922,630018,9
ok,126.04870164929889,85.07555289990593,0.821906003804955,1.0158717494334557,875134,0
ok,126.15871887561143,141.64766646140586,0.5519582427466071,4.007839488064343,542022,1
ok,126.17597935317708,172.08386437089538,0.3865323174231097,7.196541497392447,428831,2
ok,126.3257368704551,71.13532102152755,0.5774590089580409,3.647694672013447,983015,3
ok,126.6577005098003,247.0572662309393,0.34193478102873065,10.285774588729737,780801,4
ok,126.79607752572281,171.50066039858143,0.4430710393213321,3.61837206903596,746721,5
ok,126.81352957088812,207.56132526164953,0.7603904347014427,1.7224875781165847,320168,6
ok,126.91848245816857,243.8406738771087,0.18942248388710636,1.3206248451370861,737035,7
ok,126.94938830561038,300.7505170843226,0.5138969108160037,5.174959904408246,178585,8
ok,126.96175412138835,176.16470651675098,0.3012275243211059,1.9251126404122498,471217,9
ok,127.2390582860945,160.2273097987175,0.24219433430579496,0.9701982006150334,650152,0
ok,127.55273844310746,248.32557102934385,0.33973047941222617,15.722975373663298,701330,1
ok,127.63393190482209,176.3886305410228,0.7583966264492243,8.395259926613255,556747,2
ok,127.81320922792413,191.57114807821364,0.5592706739140577,7.274887926992227,206948,3
ok,128.13147903631435,239.94316676779238,0.5987251399888379,14.811317159659003,376881,4
ok,128.17441061214,124.63496826521799,0.4713736366597682,10.48933622656342,551750,5
ok,128.2270526438259,306.76215555550215,0.28926317969887066,12.800728633206347,3690,6
ok,128.37262502768957,175.43260837583915,0.4786475197959618,2.015469988204403,711509,7
ok,128.45344640365897,241.85926974662542,0.5612530541587945,0.1,408066,8
ok,128.46342620315642,223.2843149201361,0.14338782228004826,3.837043803831964,607488,9
ok,128.53265664917095,227.59155159514876,0.6163960457094613,0.7306889640482339,446556,0
ok,128.56616386043393,18.383726582869457,0.51752290465682,8.267472638603259,424937,1
ok,128.63411163594827,277.76512011028774,0.49151209415120056,0.3399813486257084,352332,2
ok,128.67504132365264,279.7164284914451,0.48380383318397335,9.618189461805013,903081,3
ok,128.68876379906203,196.13579219747007,0.06131634643121986,10.555488528947457,651820,4
ok,129.18992740857533,290.68039034499907,0.36889866631639195,9.78496343800737,612817,5
ok,129.2312074961964,244.35141552905577,0.2723098810686348,4.152163289500331,769477,6
ok,129.25219705618682,138.99445744505275,0.7639938265761061,4.640222947845466,733482,7
ok,129.2530113241394,324.06867580479025,0.6202749599444095,2.1207504843095464,941526,8
ok,129.4310523047927,55.58337927860518,0.1566817606523378,1.7787528393600436,785145,9
ok,129.59994664591574,191.02812764177654,0.6644162404222991,21.70812882096318,71036,0
ok,129.8008066297365,114.84500994551011,0.3494325630916139,2.2231299467506966,516635,1
ok,129.8656364054922,352.46816860040315,0.4922422402106654,9.194203017954413,781994,2
ok,129.87324775616037,22.020556527973696,0.21177031583119565,2.758519475221686,259660,3
ok,129.9769193420685,186.02238318202325,0.590573910934185,14.87652588711802,671461,4
ok,130.0121955194005,341.8429498298019,0.5804344543171884,10.62728901507345,680258,5
ok,130.20243039609053,204.45046284924962,0.6013261353564406,11.791881256031589,305016,6
ok,130.33534244269686,261.11317821617615,0.7243148126824691,1.7005886215333867,660262,7
ok,130.3493509535405,287.1313812974786,0.665441614880176,4.0854181587226694,21785,8
ok,130.4861426467581,281.6823009338058,0.44648465651195096,3.8007239525781196,426769,9
ok,130.76767573271684,213.00718771561105,0.8403593343149325,6.358709463317258,756321,0
ok,131.0399410207674,175.51488032105303,0.23360163612448692,9.807439579989143,659829,1
ok,131.04381240265008,178.95557437425794,0.29605599031914076,0.595939474277581,163666,2
ok,131.20571016725918,199.1646993377072,0.5906872162362654,16.127927999964616,664516,3
ok,131.22394958243495,255.86028804452582,0.8378305344988248,7.844685346999184,816691,4
ok,131.32039240400374,196.36253849703618,0.5723145002176596,15.005971164817414,982639,5
ok,131.63344720722515,53.34556095315301,0.18805631859841881,0.10074346892559462,416617,6
ok,131.7078350529536,152.8399068890788,0.2840026420380869,1.6600217109310889,820483,7
ok,131.84649289121302,365.70783053206344,0.25277296740652055,9.27408527695668,283386,8
ok,132.07004253587954,85.64343464525658,0.9113462508522696,2.55754809790165,887376,9
ok,132.07926546114786,10.0,0.3393402354017441,1.1252937504623999,186804,0
ok,132.28216001014673,94.40965840769864,0.136208257127995,3.667085382409989,804781,1
ok,132.33664187526944,278.2495005853269,0.5227101479330682,6.556294134643085,76978,2
ok,132.36555647511182,246.51257438445705,0.6181891462255562,8.024515063312412,854931,3
ok,132.41317791525196,326.5465744208116,0.7346433754763552,0.640445452327988,813776,4
rej,132.7268410874138,315.5244439722279,0.2978314259012975,13.178999758642075,634873,5
ok,132.86728319115187,212.82142082522498,0.5705887397174135,0.9368186035656283,10620,6
ok,133.0304441716363,65.74353138854374,0.3255813556644156,7.58534825873486,366424,7
ok,133.22581663177678,323.17544496926905,0.5369635378640718,3.631957176959171,956993,8
ok,133.2582903781441,293.8937670318878,0.975932722939965,9.162161064380278,277435,9
ok,133.56589127383774,178.51526013949348,0.7554764583138611,9.67664127827181,837075,0
ok,133.5978504773509,45.945199459871986,0.5844158015808747,0.637090559878055,742412,1
ok,133.6175070729175,101.13480136134672,0.6420285235509955,3.727147690412682,431111,2
ok,133.63500598584352,140.218176133407,0.1837998862845427,6.132434683947104,916394,3
ok,133.92417374786447,335.4452539502629,0.38689318781774157,0.7488059917668061,718308,4
rej,133.9374237093049,324.7987041540983,0.4378531581287297,1.317323695316902,570684,5
ok,134.14444589741225,175.41994946156848,0.46344396736324583,3.5974620837089857,318419,6
ok,134.1445681832279,281.4776681803919,0.6773259691862324,18.119129635045287,159456,7
ok,134.28058829768304,136.16748935188932,0.4978354767130882,3.8210147538289805,484516,8
ok,134.2997074880684,226.847692108884,0.7665319414720707,1.1970903137080808,873437,9
ok,134.4531788644212,298.1823874330437,0.2576020143583545,7.560446516078903,271949,0
ok,134.46449826855476,122.9598861325641,0.5051786650376043,5.241423759311711,508080,1
ok,134.51188121115106,164.5586556324654,0.5281643466318606,10.086895305261711,177861,2
ok,134.5931803141358,148.81723475220747,0.6374076113199623,2.0396437688593623,489792,3
ok,134.7735515907918,183.86768930714376,0.7266968334583217,13.32009456983303,535116,4
ok,134.88187442241968,194.79411878289014,0.3755085077549578,0.8741487310696862,47592,5
ok,135.04685558922904,110.0162642827413,0.38508409165428364,9.250801413501264,283975,6
ok,135.25968435942283,115.98205457360993,0.15924299001466458,0.31256851661562396,535068,7
ok,135.2843208296807,236.472838062422,0.8252905051864985,8.664726287761674,103421,8
ok,135.37125208297127,204.67450372521972,0.8156190259358514,4.197447482553948,780924,9
ok,135.39676439798492,87.71420105066197,0.541690278458567,4.062122346373908,619326,0
ok,135.4158269171471,245.74265200123173,0.3643919387976362,0.36762060543197994,443125,1
ok,135.4734452422941,133.42474609216384,0.4392749495836853,10.459220990982057,73142,2
ok,135.49031352183607,160.4902039927886,0.18955663715848625,5.471946357853894,372430,3
ok,135.54314730126595,155.77038016920275,0.24979814770626985,4.231778826745421,70253,4
ok,136.12855700356937,109.88538068703753,0.21742885537411882,6.124880072591435,688750,5
ok,136.17295146079388,292.92416775627,0.5736666765791056,0.16088945130712107,463977,6
ok,136.19260487715414,224.16091907473378,0.8460983054011917,26.763346627295807,20700,7
ok,136.27816043691277,102.4618908234117,0.40753167619693326,4.460020820325577,172111,8
ok,136.4600491214699,199.1139036319724,0.45055700909869223,1.0102601613580615,531799,9
ok,136.57785876542295,94.66562365472666,0.8504624912932925,5.653693248409589,744744,0
ok,136.60570024635595,190.04442504641094,0.6735278005459255,13.968375722774077,992086,1
ok,136.6395801570913,206.26007335727303,0.3768829549931022,1.8794361549357617,169478,2
ok,136.7345116824275,65.28467671546491,0.01,4.220751936880895,723986,3
ok,137.0557254677045,238.12789792666905,0.43313642250227646,6.618202447695247,97573,4
ok,137.06604098150387,172.18127583378617,0.7278824312295349,2.045393971730501,421447,5
ok,137.06609011655866,264.40703978416303,0.28222594492186703,9.524841348427456,666865,6
ok,137.10056745165184,118.61508617448476,0.42488374661370937,8.135468414123089,722372,7
ok,137.258366478294,283.94734043558617,0.73524161228197,11.130204216003758,289192,8
ok,137.5265972622402,83.99947434397306,0.6721265100627133,2.5800517506514375,634382,9
ok,137.53027036040922,219.7582335489273,0.6097504388032082,11.939126026878908,319189,0
ok,137.57522798819565,126.96822105713748,0.4406541859215978,13.500998470821992,219036,1
ok,137.66534604761418,10.0,0.034693812182510775,4.223245701996615,553745,2
ok,137.76364305379883,146.25675111710393,0.715035900089149,7.672520122262863,217797,3
rej,137.7832518992405,230.70594742912868,0.6012920992098578,7.4798126083896115,248757,4
ok,137.87728410858603,79.3538484899017,0.4450380746410798,8.26899166020198,929064,5
ok,138.2996980499042,273.2101696386435,0.5198093236068299,1.658869549143434,350167,6
ok,138.39086098946967,265.0321697401017,0.27290977040782793,7.223900538551894,282139,7
ok,138.39495565822344,116.03791921450117,0.5682873406709431,3.6781496074600795,71884,8
ok,138.4072048306393,255.00805948757076,0.6416868141699773,4.558366604328146,78522,9
rej,138.40903609442765,132.96886112331543,0.6922773705074037,1.4753371696775366,733159,0
ok,138.44631389548286,202.80004302270981,0.5513128655989973,4.6045370026255075,871028,1
ok,138.54290807927532,197.01214077800086,0.38035704124472236,3.8791288921349985,954560,2
ok,138.68261556936852,146.193983630442,0.51033001626234,4.839222800151253,548612,3
rej,138.79140339331337,296.12600124953667,0.5319198331352513,2.9654845338982145,690786,4
ok,138.90705893226053,171.61784813910185,0.392146797614548,9.497424754550511,386094,5
ok,138.9091036095837,226.34037095121434,0.43000233887168154,1.3025248996593752,490667,6
ok,138.94660583282428,250.51705854125663,0.34603855533489447,0.7570586000831913,536366,7
ok,139.00686486749137,259.63759921240694,0.43135094812053226,5.326584849061625,584739,8
ok,139.0575933942445,196.2137979016541,0.46543113199599756,17.910121212261156,772512,9
rej,139.1517318420484,135.90491742663392,0.7509568540571336,3.08639539830168,52158,0
ok,139.18145621505482,165.51515294116786,0.7072171734434771,0.18896695265867408,176741,1
ok,139.32744716612166,231.91443934830448,0.4080731231406512,0.1,311297,2
ok,139.4375695969983,211.36837378499047,0.4997438363834739,0.7214928209521192,684790,3
ok,139.57712349106473,249.90664790609702,0.4079979006588934,0.1812470063606803,770793,4
ok,139.67300151765187,313.0494191668245,0.9213445373302653,1.9134306977433955,748092,5
ok,139.91006199285462,171.05751822174417,0.504518240044679,1.0221910270171504,854593,6
ok,139.98108977532965,182.83326549846967,0.417817623239044,1.4410462993405297,583262,7
ok,139.98116587878053,282.78666928830125,0.6457551784248332,8.583704289754639,282864,8
ok,140.21967131953357,303.0858009337661,0.7078875985713353,4.151387082972437,373137,9
ok,140.57068690514956,263.6003919533633,0.362465232558993,3.418543976601372,639281,0
ok,140.84762344029463,307.05161092464493,0.6640513599589046,3.5095443065220433,775783,1
ok,140.94955886745083,298.4249796073328,0.3815066070845052,7.070697337761204,243389,2
ok,141.1000580250793,204.93643330005102,0.5653335671089986,4.828180816140092,411628,3
ok,141.227436118488,191.0077288087083,0.49164126018804527,7.760006625930317,588297,4
ok,141.38225140930396,229.1145715772126,0.8871020602360926,1.0611073422841197,419132,5
ok,141.38944887150674,155.22152967151442,0.5279402012011349,1.201291584442429,180735,6
ok,141.47675971542589,184.9828625025602,0.33268661887294093,0.10160437804184747,507116,7
ok,141.4926627375934,207.3120183799588,0.6366669069556593,5.79916361953989,828131,8
ok,141.5519684633616,229.71027280996938,0.5493038921772674,12.050415175155482,272128,9
rej,141.637736470367,262.9033514794717,0.6976323577695022,15.110058238397283,908819,0
ok,141.67229701063255,154.40903999694254,0.5153242673288028,12.831318440218284,640052,1
ok,142.03543427031752,412.18231437460776,0.5055827930440909,7.39077308505689,345656,2
ok,142.07128310975898,82.24282447467859,0.3314792220578593,3.8696604411404154,750835,3
ok,142.44316853632554,160.87839141649687,0.4753659054673331,5.736680740353163,233117,4
ok,142.52857573192273,144.6488903244507,0.16522708413075415,9.921031255462594,271337,5
ok,142.74363428647487,241.55305223220387,0.31530415072045526,30.29520911779564,639579,6
ok,142.93540199562082,124.91270665619483,0.7223670893956575,0.8686178715474574,741018,7
rej,143.18508599347416,78.05492420376773,0.8060737594608232,7.044555712525287,256091,8
ok,143.34359564792317,107.10873652885962,0.616879460748722,10.837117178385324,884780,9
ok,143.5022733764832,169.77151841393714,0.4658217354654156,12.197549211066628,692941,0
ok,143.69966731440428,10.0,0.4912710418383425,4.779869921769478,32017,1
ok,143.76321156119363,159.27780367720956,0.7827810242516136,6.670923965309575,893147,2
ok,143.8082709404331,83.9553334292507,0.5270399699095718,1.4668932263549508,943082,3
ok,143.8794211853382,298.1359553165968,0.4811191813630983,1.7003463050303005,910616,4
ok,143.99734964608064,32.51302983301821,0.2632830242171751,7.7883614041632185,652688,5
ok,144.075421889198,218.55619380632982,0.4966814357093178,16.381173632554454,422155,6
ok,144.10892003753182,255.13248646310672,0.26874306991707975,2.654686193196942,331904,7
ok,144.26748574902828,268.6373140737304,0.641404006482085,1.5279709564607045,973076,8
ok,145.0689821740557,131.4442444959272,0.4974050778801648,0.5940059872868613,452739,9
ok,145.1720315288164,259.71555961323276,0.5034706293815798,11.554400046199538,978451,0
ok,145.25031194116897,224.47277950927202,0.22122060819956618,1.8461484280312335,798588,1
ok,145.38174903689423,297.9350866097828,0.5107757723926525,0.7063227394739555,260494,2
ok,145.41787720488267,335.21512249882164,0.7633020777489776,2.660195955572247,823564,3
ok,145.7064427598494,214.29595817631176,0.7714621484477159,2.5962160992185774,282162,4
ok,145.7697094543254,153.37337939913584,0.41087045057810406,3.566910732351305,199125,5
ok,145.8455908548378,210.6332088748464,0.35016249716277814,5.995511445759789,76063,6
ok,145.92989349019658,216.67049315498943,0.308221069081134,0.4446358892266631,656289,7
ok,145.99046816528323,178.04382768979048,0.2811895399790184,4.907813727893995,767896,8
ok,146.04616417560766,184.97155789509296,0.6802912298252979,13.5644522041295,173675,9
ok,146.26083162744416,227.78674513732642,0.31578805173845154,5.7694433438629025,913365,0
ok,146.45591859839206,357.04011165043084,0.5947613361848724,5.803795102230773,607279,1
ok,146.50752322541499,112.73552730134412,0.8423926322278046,5.110541442505428,465123,2
ok,146.8484660025608,219.6609946500041,0.01,2.017820595763184,609676,3
ok,146.95652335979528,166.51652514710028,0.6406117213226656,8.99060798957241,957501,4
ok,147.04813343616453,166.2117124491187,0.21275308359020506,0.9135762144824777,978251,5
ok,147.3524974086533,211.36772851917408,0.37920742903206417,0.5488046271675172,763623,6
ok,147.39951204752816,199.87271687188158,0.26789404496617214,5.054350294590064,155378,7
ok,147.6204604002977,321.9892462585002,0.4434226723337735,4.523513338930628,635709,8
ok,148.0685899100961,210.61800832958895,0.46808698126066817,9.013784749612062,991403,9
ok,148.26460998243215,323.8086357886128,0.01,21.128403518169684,274710,0
ok,148.62633777569985,181.00921934626263,0.8142159215168912,3.8852050411651957,481706,1
ok,148.83040071906325,124.03347775855809,0.3259471561910369,1.2031104838088245,552172,2
ok,148.93054967557416,53.502788881177395,0.5105477003684238,1.661457051448723,170431,3
ok,148.99274185745568,322.6136983837714,0.539829528728106,16.30608007732212,145353,4
ok,149.0131134479543,109.98398830878308,0.429797640071646,9.059060576114215,816277,5
ok,149.02419036031947,234.78487078604405,0.6286444051706984,9.771504056265982,144806,6
ok,149.3000090866803,215.07705289432,0.2677885692398711,1.8013900645606273,937290,7
ok,149.33955755685201,200.9110258407977,0.4274508563522269,0.1,750518,8
ok,149.62518579926723,196.0268791131489,0.15072183166024206,5.058745567901447,462087,9
ok,149.6253734095926,193.0627320655549,0.2995233321744805,4.881236186374755,378630,0
ok,149.83949499264415,258.4216667637512,0.4708495385260298,4.548850757049705,324808,1
ok,149.83972405202874,115.48445748940944,0.6324391259011615,0.1,787875,2
ok,150.00608067230885,316.7726704627252,0.5534314460102319,0.46150346551844523,420223,3
ok,150.0610294637408,248.293028720444,0.14954368535270363,3.5683130025860295,252175,4
ok,150.25150940280233,225.1886890723185,0.24238352683635733,5.169426231385201,121463,5
ok,150.32850211546645,233.80182547785418,0.5103290561103663,6.96503253733603,753043,6
ok,150.38845561204343,337.3903809381068,0.39351284522489427,0.49199123045913906,216205,7
ok,150.51540329150868,122.30180353471135,0.5972503663601626,7.2348623880700185,753377,8
ok,150.6889856413224,253.8941180804726,0.14259299675307635,5.180168755625308,714498,9
ok,150.8975443339478,249.22419296591025,0.2915505419465838,8.65493782490861,320335,0
ok,150.9644310665951,472.5130342785278,0.19863586158573998,14.01141659244069,71540,1
ok,150.97106012276762,168.47761166845456,1.050668029372829,2.1066624098572224,111553,2
ok,151.1096114093018,218.3370293796072,0.8083363434308009,0.2126487549330083,238676,3
ok,151.14310955390286,318.7060805509034,0.46668702242807436,3.799351960821333,416292,4
ok,151.22423325846276,113.04879201898068,0.7254127486108483,4.102527863843206,336981,5
ok,151.340914982424,154.4188418917941,0.35495879471806663,4.323451868504086,516278,6
ok,151.3789969248208,144.9259682952581,0.24548678534101592,11.738487550088747,973714,7
ok,151.63326750374682,147.25935617003762,0.5041285675808392,8.055644379293799,104830,8
ok,151.65825528130856,276.50795730103675,0.5962368628509043,16.73305691073011,195833,9
ok,151.675210685173,294.81573390233734,0.5157602000076741,3.8567248743941867,47165,0
ok,151.8388988687297,243.10561922667895,0.5913924367530354,5.491048255935319,58031,1
ok,152.12392746444573,238.69571595251136,0.5321547835133746,4.961789019297304,848798,2
ok,152.38131237174508,63.22163186696406,0.7101429284433864,8.395480552179325,626538,3
ok,152.45210048540585,215.8415724747893,0.7279306712612139,5.552598975777666,24414,4
ok,153.2127796437939,210.06357417061676,0.25329699252340643,2.4795102467866443,932054,5
ok,153.31015797177875,188.89591144747578,0.31419611604264897,3.094505937385116,788976,6
ok,153.42341700047052,277.2886574966106,0.8480268155302622,6.535249276783435,227077,7
ok,153.5321234985679,186.71187422863335,0.01,2.811373748226748,716491,8
ok,153.56160047642214,181.02199250365172,0.19581029231855107,2.8418562625210453,36399,9
ok,153.7504601489416,342.94816079207914,0.336862514243369,0.9078413065286968,518479,0
ok,153.9676609587806,282.5485195473922,0.6323726680604105,2.2274096938646055,738117,1
ok,154.1034528294928,146.14102562909025,0.3634629610881229,1.388373385557665,554210,2
ok,154.14186843245298,295.2720318008212,0.4336332528628818,14.727054905343028,854495,3
ok,154.26698314148487,181.54611627818542,0.28937719069264967,13.75886550449402,759129,4
ok,154.31529104226007,249.45720988898444,0.5338936370449542,3.087252618454561,930273,5
ok,154.4020342431915,202.47846749749888,0.6838177625156655,5.105635405145181,642964,6
ok,154.5131813795748,230.76154034914066,0.287255769520653,1.9220246158034424,463771,7
ok,154.5306948580594,145.7300813621869,0.2924923738714862,15.125990880556472,359077,8
ok,155.1163184542394,190.8758883942038,0.7194282943532277,3.1332147064848375,695127,9
ok,155.29719534701835,111.44068802403568,0.7120229730684297,11.976144742191275,878568,0
ok,155.39772721585237,201.2051465097624,0.36843179685511385,0.43291401050574435,287912,1
ok,155.47090341607682,227.69197895608468,0.19419632447330043,2.8898848117398037,123802,2
ok,155.69806920480414,107.12057559449912,0.3593086536832722,14.076715692222997,643031,3
ok,155.77657429873722,85.68992762751233,0.5549082354274323,0.8022266706152288,726282,4
ok,155.8037711182267,237.61971112014294,0.8506288367497845,0.34685027654709105,181076,5
ok,155.9975146935816,246.9770375184588,0.6440597156021591,3.99798101566002,99856,6
ok,156.122339566787,55.46056574608525,0.3808929618455938,1.164146972953046,232852,7
ok,156.3064632754309,213.76630233338844,0.6231374766171659,3.8205037431442146,419121,8
ok,156.574950238438,194.38781134488121,0.4676338705916986,2.4101471393514204,244546,9
ok,156.5788994066792,256.6240460287818,0.506404590109375,7.97878510498765,519069,0
ok,156.67463950947294,285.95266521985974,0.6329971998577837,1.5129181021942508,471664,1
ok,156.71495192891953,329.84697244581304,0.6961032066042674,0.1,396250,2
ok,156.9569353786178,203.25123112044463,0.26634213128294937,4.129741499015866,787074,3
ok,156.95783751990993,293.21222273617764,0.01,5.867326312811166,176787,4
ok,157.24969233647505,186.59083761685315,0.4333195063538085,3.7531644945715064,242973,5
ok,157.29254499896217,223.9458549156568,0.4900813561483118,0.29309165803962983,247187,6
ok,157.6230267221004,198.58800550912318,0.9177387172577568,3.1246124967812468,859989,7
ok,157.7253469498972,132.2513761396724,0.3924458868545913,4.8345088708842106,297419,8
ok,158.28327643891154,364.64383539831834,0.5390424271634662,3.664979282839529,485045,9
ok,158.31117420493308,242.73493811902756,0.5183621596323322,5.895167841076969,573591,0
ok,158.31463889813764,309.6102576539319,0.21984271423646395,4.185932028581083,608103,1
ok,158.33080766087002,187.62258605293428,0.6272222681544555,6.533031911254406,408518,2
ok,158.52334752428453,250.86714244329067,0.27556803821743725,3.705043426754066,222200,3
ok,158.54789459218762,226.31722471751758,0.8541924308904402,1.2045890961911263,473638,4
ok,158.6155684724642,313.6122088986716,0.5468080452383436,2.0067044147963404,749663,5
ok,158.70513606829485,226.0473068871271,0.4404016693096286,22.28244547247322,270401,6
ok,158.77997074113554,244.55750941958664,0.4481354198088675,1.241391689207719,346153,7
ok,159.33560440721175,134.82908522629936,0.4606599283354491,0.7353988039321374,520442,8
ok,159.41664342206641,249.42686988240337,0.6277550546098124,8.325277285699576,622454,9
ok,159.42256431322892,255.00544706392543,0.6194094125741219,0.1,116334,0
ok,159.48462376777476,207.32212641045416,0.6634624548496746,1.8547479531421387,953666,1
ok,159.59584964675219,335.75951744569636,0.697986564772889,4.467939813652667,224235,2
ok,159.8490213355789,92.48435012884747,0.3676735305763523,0.1034966655240791,82682,3
ok,159.8821291574018,161.35369127273765,0.37513494002394104,10.641611537947268,48463,4
ok,160.04653850228556,260.1483302181696,0.3683288409649461,3.927637667538391,16160,5
ok,160.11175036331585,148.26325476104654,0.29895143732293183,0.41281470998316716,836179,6
ok,160.1450105792848,103.85546289761265,0.7674202534610243,8.566225826564306,5481,7
ok,160.2802871056053,104.64432575753008,0.8718408787847902,5.178219600658394,899246,8
ok,160.54004806766278,113.65736135478568,0.24093120580397576,9.44176452537163,503734,9
ok,160.63439773239207,235.75731568029863,0.4296791226326492,0.5239721626443112,335098,0
ok,160.71415020225373,239.3723133618871,0.6724390621748316,3.101728377689457,932005,1
ok,160.7367203647457,221.90321757378288,0.5057022550682295,8.17781984162484,401759,2
ok,160.7437822455517,252.64774609775856,0.39011543805381615,0.8091763115004175,889101,3
ok,160.8340025191614,313.94256435634054,0.2730572937080822,0.986873994129424,608440,4
ok,160.94236521399884,299.9480725666282,0.5116823319136502,7.086607077426463,301167,5
ok,160.95441415991246,319.6750159519962,0.7337990034546109,6.621835031177325,963473,6
ok,161.05558497459936,222.94859961285076,0.33949441252418916,5.551362826026821,205399,7
ok,161.09156306685318,194.5889146083919,0.6280681298281172,10.076351898160922,419355,8
ok,161.22389609468567,273.19320058859114,0.9316510995233537,5.214480257735823,167843,9
ok,161.45640242258878,255.30478908735262,0.7217596835592615,0.16181712602212575,922778,0
ok,161.45749402163975,178.4695507724698,0.48377733532143075,3.6474736397330974,864261,1
ok,161.45793905050363,13.313886458136608,0.4265191998112055,15.787026975086679,795408,2
ok,161.4651232988973,215.87076985848898,0.3606635792242998,3.6119003794927824,677426,3
ok,161.51362079088457,258.8913865731256,0.5390228813474136,0.32304198580041044,159669,4
ok,161.64837135532724,143.94968242549527,0.18162582498252428,9.475428093397195,832288,5
ok,161.6645964368721,174.93257004233638,0.7244582749328969,20.640792953774817,958062,6
ok,161.97724981736292,68.92893187983756,0.3502915216882165,1.2483770385313433,31936,7
ok,162.00794518265226,260.2782345080838,0.6585391742571909,19.141450506356705,15918,8
ok,162.01881839189278,369.1861841107342,0.8654669018077131,2.144469624476561,406083,9
ok,162.17090271497148,10.0,0.49482055842524064,3.9900151687987395,152230,0
ok,162.1740905458576,111.87857703214144,0.5187633926480066,3.071024722193656,918874,1
ok,162.18482221578992,178.41342336889213,0.6726586924039301,2.8137070542373417,697105,2
ok,162.35420132332308,220.16036795749253,0.2687493053246677,3.5774522201756747,568931,3
ok,162.41161961640555,282.1278861337869,0.627823971657728,3.1525945376181146,59894,4
ok,162.53500944203645,192.82495991906816,0.6719795963211416,0.7252441630517268,592177,5
ok,162.63295720097824,318.8762251185245,0.4224972500829349,7.9893902006703,397923,6
ok,162.65652671567668,68.02326858403023,0.41218531523911417,15.47105203658056,266515,7
ok,163.00185083923125,50.74306526940427,0.14491224327703262,6.861506619524894,136292,8
ok,163.11513594823617,190.48904585022146,0.1596147235011876,11.041303207032495,83381,9
ok,163.25817377966388,281.86962464460464,0.5342939040648492,1.6167285174549302,485374,0
ok,163.97811774050726,237.51448434891805,0.41715296974608984,6.780610013220492,683832,1
ok,164.22755485592754,84.14731751112313,0.5919024667019822,3.3035929017665095,880783,2
ok,164.4754578854097,158.4567184181683,0.5947333512305819,24.2745264497847,318139,3
ok,164.4793184215014,313.5900696913891,0.38016897119980103,18.19848167350763,950098,4
ok,164.4984807704943,32.536379191050344,0.827976994295609,8.252734754055849,15143,5
ok,164.51712589467434,223.09213092177487,0.23566110831736986,1.178305875577599,37192,6
ok,164.78215117917816,266.01432556006716,0.5314047153644456,7.226859526555254,563064,7
ok,164.86268226865377,170.69129014335905,0.5320267332603479,4.988297536030972,63807,8
ok,165.37994788771053,189.60706873098755,0.29581667935750044,0.1,550401,9
ok,165.5255931349361,197.21391655821364,0.42516235682441994,1.2368636716471884,881458,0
ok,165.73136591918393,308.7420777272224,0.7381221169214935,3.9913286969922934,135187,1
ok,165.7674006009034,213.39041147566715,0.5278019652302257,2.884089107087904,44894,2
ok,165.87773638557573,313.77675335323175,0.6553399962438463,4.469024092841751,978720,3
ok,166.0831091562513,217.79415068005417,0.754944069086251,10.725932930644921,286880,4
ok,166.11146210837836,343.78820793218966,0.26133470981491325,0.5411158076751222,818721,5
ok,166.26997875334948,12.974448988758581,0.42149707798553326,3.006001500045606,123141,6
ok,166.3272551635478,218.57636501226216,0.4709139385720759,8.031272297775427,453519,7
ok,166.37805210786277,252.25270292370476,0.6909626650939551,0.39106546088746874,95459,8
ok,166.39354840488838,153.53727776157132,0.43928106127696964,8.274566647650044,199345,9
ok,166.39686369129302,117.1436469073437,0.583089447360767,5.882184257607652,28964,0
ok,166.4198570052562,132.57290032886584,0.4326683373141405,1.6919796457668392,523933,1
ok,166.43713514162886,368.72144297740704,0.3966328914875737,2.5085908528980267,668480,2
ok,166.8192257815245,222.27863801760327,0.819887969791533,4.145096746907716,136641,3
ok,166.8675446617864,329.94968200048135,0.5157764344245193,0.1,780784,4
ok,166.94942783427456,257.85374750822024,0.3291810998640845,4.395861575540469,292836,5
ok,167.042624056037,294.72526036609236,0.7894894748009034,0.3704796955049697,720131,6
ok,167.11003624622703,250.57343388489994,0.31045828033309814,1.5962787969513568,856831,7
ok,167.1817168689992,241.54157244068304,0.6180023150064554,9.626230879795175,886699,8
ok,167.2632304430292,185.65763789434038,0.603817911132637,8.378504977337982,201249,9
ok,167.63356864865415,226.02960035307586,0.6287598368515206,5.546088733174334,695222,0
ok,168.08776330516164,123.66760323200688,0.48318529902227414,0.12221872979486534,469252,1
ok,168.35415801744918,350.91873035353296,0.6674179781543548,11.993851434946489,408632,2
ok,168.64444564315068,323.69355485124254,0.20009346600560157,3.689000766833301,345825,3
ok,168.8567574437431,212.4368621569364,0.3913236125252697,2.808300161311727,661717,4
ok,169.10335539444108,111.26557844683677,0.6743927207172942,0.7207305117262431,280990,5
ok,169.20078661267323,200.53954298281394,0.536969933752184,1.0556876198745784,272464,6
ok,169.2046733754271,332.07078527623986,0.6474691396552618,5.5431292160364745,672769,7
ok,169.2597211814104,223.88085115492913,0.33593543184456487,0.32641300966687936,666483,8
ok,169.38895184351517,300.95685888560945,0.19358546284881328,5.088860405500398,254900,9
ok,169.41652313020248,277.14583475608316,0.913487345244149,10.845420667532897,257347,0
ok,169.56578643777215,99.60958038145918,0.37596428729220055,4.719711904770623,63107,1
ok,169.60267771772052,153.32972430714884,0.2364707644255694,9.369862532462347,616484,2
ok,169.61628614031054,201.93479309268727,0.5994767017142646,5.594123484973766,980592,3
ok,169.78066335372083,203.1597185379562,0.5720169028489391,6.015271871314893,826240,4
ok,169.92414641267771,295.7978198064103,0.6041945964289169,2.120598893950227,619179,5
ok,170.00634281773506,289.075755904698,1.0278498315437623,1.5527197231588095,183790,6
ok,170.29415706164897,10.0,0.4443415363511958,1.5772962827612982,366597,7
ok,170.3953978604731,150.1208978647271,0.24683724744774438,0.9314257131041805,449287,8
ok,170.53182982244672,181.15965479582647,0.37426665814649956,3.7860324719437672,634758,9
ok,170.6315128198643,314.09891233741655,0.23738644420596494,0.8983139520751887,731965,0
ok,170.79256677963605,171.5889252099775,0.6124419132826421,0.19418926206942777,587472,1
ok,171.24889805407673,328.2640588177742,0.9612460993286114,0.7918209972478307,669391,2
ok,171.55340144033474,126.96915748346191,0.8084492892761816,13.067875621656817,547536,3
ok,171.79431997522275,223.23606368178395,0.7335069115389622,0.36273232397043254,63758,4
ok,171.79756867502525,182.55555540253093,0.47064786637776,6.834525621341067,949010,5
ok,172.03559131988587,380.46889573094035,0.6640940901923669,3.204079178723727,370385,6
ok,172.3776256900774,322.92919039241553,0.7880492867003152,9.759873624089213,573493,7
ok,172.43813598457226,205.28149466820508,0.4760339355448799,9.295566724254092,432694,8
ok,172.52994294767296,125.79836042745194,0.485046257261731,1.8789840727018023,564232,9
ok,172.55588035746436,146.07547405115903,0.5982107875440086,5.77005663588099,209052,0
ok,172.62850754151086,151.01046647814388,0.7221009264889715,3.24408249810984,746217,1
ok,172.63475046865514,258.69541203038455,0.29556076242729934,0.7607311823178737,922857,2
ok,172.6675170386079,166.0012576645242,0.5383573100543955,6.534320056589417,562461,3
ok,172.79094270407242,94.01711992350634,0.7256780395480407,3.8657485370340505,444721,4
ok,172.80120010871033,127.9855258079344,0.3694364061393451,3.5805242119835716,964606,5
ok,172.9332193928722,121.57978568001512,0.5615859865357963,0.9932020151717663,694561,6
ok,173.01917884364724,109.05125467378576,0.5615965883694987,12.463390165877112,73488,7
ok,173.11726155458987,186.40978871151626,0.6079474055377546,5.492245537790399,748207,8
ok,173.2739974902128,279.9522914803653,0.7196133814471853,0.1,280069,9
ok,173.30513140521606,248.52874683774345,0.6256770547610457,8.08891462998889,779388,0
ok,173.30611383002127,194.81540162507497,0.7147216459327876,6.5786801277206965,640326,1
ok,173.33690203945375,149.21444780093145,0.8852275026541238,22.388369671243215,756144,2
ok,173.3790545493383,209.27437169057214,0.30645568617623453,5.715509688435767,788747,3
ok,173.3971423536054,332.4655742475343,0.5531779322520388,0.5930361964431266,75795,4
ok,173.58967288973585,179.08846819711195,0.5047163967008251,4.447001395400273,263801,5
ok,173.7938061418853,161.27618959039867,0.48199470260229305,17.601954277976695,186204,6
ok,173.82495032950735,291.40432714218326,0.3507102552725614,4.997299439083756,101258,7
ok,174.0591507900977,325.29966331226046,0.3757519566251693,4.457002782310467,158345,8
ok,174.41334389768332,369.71072567755635,0.3083540834739481,0.43044937528611116,61560,9
ok,174.44608155650587,225.71091717437145,0.40889148732323166,0.1,963271,0
ok,174.79985508701228,239.305628588178,0.6843806492984754,0.14534283681908966,213224,1
ok,174.8371386169738,233.41109084041156,0.3558105123137175,0.3599828592544083,896080,2
ok,175.11292090823366,125.25382395565009,0.5256167202351705,3.0857992512883263,448897,3
ok,175.13206263283325,333.7049400212688,0.379881357677017,5.958469291388213,893559,4
ok,175.18555508499946,151.11083156840954,0.45639029627204586,0.457905428192511,47087,5
ok,175.19195109873377,185.1878757227843,0.3628735539753194,8.474199713800523,55376,6
ok,175.24411366384672,388.8964822259443,0.5233973168676903,4.40085989873921,668071,7
ok,175.2620794372434,235.0211583134447,0.9676538562064472,6.961122173785711,95649,8
ok,175.4028317738218,248.15061037156215,0.4944468532542246,1.5117219278092078,956673,9
ok,175.55784537389997,247.7269179509216,0.28242450269697505,1.4351829087088102,852550,0
ok,175.5867183101657,212.63418456728402,0.03699462608498,5.711655696426853,537751,1
ok,175.63302796974048,308.9348597974789,0.3771920482031406,2.002617363803025,491957,2
ok,175.6412686590234,15.06096345642473,0.37838810698615444,5.622704450579342,525470,3
ok,175.65380071404905,264.44728628249055,0.4707565250037642,1.3351226948880424,388238,4
ok,176.1598343615288,225.1658894670683,0.41605049164266816,19.72058062909222,104104,5
ok,176.24327569137637,95.040674713628,0.4918301790542646,4.694485943074163,327876,6
ok,176.2780552179924,182.701758193474,0.8615197542877324,1.3223554316540822,42066,7
rej,176.35523596938893,181.34346413551197,0.33219998091143454,6.29330442824576,132777,8
ok,176.36202742768918,109.07581838329477,0.43457958359329546,2.1911629459003414,557281,9
ok,176.70337690568715,164.96908697805853,0.9345279310389885,2.5738985278874216,34798,0
ok,176.98696502216646,159.0568658055033,0.6768709975634816,14.027012567368962,464885,1
ok,177.06230949710675,229.13816169970548,0.257418916995842,5.761701452524423,696523,2
ok,177.13419525904484,316.37760307959576,0.31964312620574586,1.5037763969200768,134430,3
ok,177.27912893160894,53.229569967647194,0.6666153317212302,5.6457243111531366,938909,4
ok,177.2846093093274,376.74428990978197,0.7256706754153418,1.6929100340873273,414384,5
ok,177.3396710676208,225.91337364976326,0.6970126976420057,5.107448910802248,800485,6
ok,177.3534831943455,263.34318590815076,0.3107319667763643,6.011035033866582,742022,7
ok,177.42744741174803,230.67561196522337,0.3236622137324653,4.3015154314967265,942420,8
ok,177.5895477942283,100.5033431194492,0.5640656884221044,6.6228664357832,925174,9
ok,177.70266843707097,337.4814603853058,0.5698912549019239,1.884001433862532,467752,0
ok,177.71182145376943,179.19987430590456,0.37570282108800657,1.3177605897260694,25815,1
ok,177.8842199993415,134.8405707603078,0.543340524672152,6.36221016746512,772407,2
rej,178.19398295176705,241.78539910261523,0.6955229055479543,7.494867024704077,549988,3
ok,178.21431607220907,135.60396038811,0.5237874253674479,4.118405576837075,283104,4
ok,178.28914491511836,230.91530959997144,0.19329215498703844,5.306488342491225,94766,5
ok,178.59248103298864,110.79248548354583,0.46441320995252655,2.637894426461594,262152,6
ok,178.78893694991967,154.83298670872227,0.398861894800627,5.179626547069269,839273,7
ok,179.15620672395647,332.8403780422092,0.34693731400671723,2.5873469341326665,341221,8
ok,179.21001925032957,188.09891698517913,0.2970597352333968,6.542682075041606,89952,9
ok,179.21691741780904,168.5476103832934,0.721881750072751,1.6744220079919918,316501,0
ok,179.408287127735,122.4664283705458,0.3044735379107115,13.666943990622686,35854,1
ok,179.43071009667847,139.95524816572606,0.16131192081669132,7.967631786586643,901455,2
ok,179.48575298699197,213.76364211048346,0.45293717715621057,0.694101644093644,402900,3
ok,179.5133400447606,170.06024237151186,0.40311250058203274,1.341665318659048,60987,4
ok,179.6753528674566,222.28148854527197,0.36598963323063716,12.091786487260158,768193,5
rej,179.79963370933885,276.7734117512766,0.40777047182321535,11.441617848015678,273685,6
ok,179.88465233397366,358.2077502250055,0.8112764522572629,0.7121817308555853,328421,7
ok,179.94301552310546,206.89370088482963,0.7739374624387962,14.032563354828087,770935,8
ok,180.0625955918042,142.87344916115657,0.6583940127768011,4.097041232278091,136320,9
ok,180.27060834691298,210.99395092533038,0.2623151799571076,4.711906921720742,272944,0
ok,180.2964951030514,152.38265072178365,0.5376849319527389,7.560186943782197,833169,1
ok,180.345805870951,10.287644166285702,0.4306215283985824,1.9798837834215732,398650,2
ok,180.89536906992961,170.70323483824336,0.6404028282655343,0.8756199348492659,846116,3
ok,180.9895645789085,230.22771214353676,0.3174010559056425,1.3260415511338854,122826,4
ok,181.00225730622185,177.00615713155884,0.2884159301135195,0.4911766699874714,897434,5
ok,181.0179376378376,113.11761461124418,0.418740578583462,6.346153641837768,710716,6
ok,181.03475074430796,255.99085310855264,0.5979285138627919,0.4314981604367638,318499,7
rej,181.03986366239417,401.9592207833117,0.4675934024420383,5.760055218010118,98627,8
ok,181.12119043124628,371.93284784515896,0.8739374069421293,6.255008336645204,445466,9
ok,181.14241460597987,200.5670581162204,0.41580560762128377,15.36175396014688,882257,0
ok,181.1455990022779,189.43074457448134,0.9871377111668029,11.522737102673567,257310,1
ok,181.14858528352738,300.5250172972707,0.756597177886275,10.760180965485436,527160,2
ok,181.24468283848861,137.88464840615265,0.8389918561129915,8.760506821331775,584242,3
ok,181.38908543977837,166.74185230928916,0.20737385172788347,5.554864444947498,215389,4
ok,181.44038659982058,306.04045085495466,0.5163082583006218,10.796405430924633,346142,5
ok,181.5927697512686,159.47988948402593,0.6774728546282321,7.817952939926355,967874,6
ok,181.90337714448623,194.94183960123982,0.39264464114421516,1.3717182553719065,355114,7
ok,181.98853328502832,98.72795896448666,0.6022249589162156,10.374353450536791,534060,8
ok,182.0254793614074,260.2157339587276,0.5912942626569259,13.47158435900302,821686,9
ok,182.41515829720728,283.8680635476859,0.7939839909851127,4.531276814302931,410089,0
ok,182.4981362549444,193.64253502718987,0.49537127229624184,6.90499116778332,939233,1
ok,182.56067869736563,273.4245827715213,0.35405253223510036,5.397960268840748,612515,2
ok,182.861389778206,176.04040457557224,0.31039415541909365,4.306467579390886,504524,3
ok,182.91610557699423,181.856543598199,0.06682860855460554,0.3705929927952193,109773,4
ok,182.92103730937308,161.63063793738166,0.8590421835605371,17.45171222870425,136024,5
ok,183.12857733472703,71.05221348131263,0.19518704817378135,0.6882373211966242,684274,6
ok,183.18526322579135,149.20899226128475,0.29577735447271125,4.131287322196325,854255,7
ok,183.43274605068302,249.92953247871444,0.3608924864301337,0.10370916044006176,470403,8
ok,183.51690028344447,141.29890906330218,0.47280979143748725,1.4402197394418104,549187,9
ok,183.58318724204617,120.42324016179838,0.4580135995596486,0.1,585782,0
ok,183.79442026494885,180.6891410173818,0.47009505302656013,2.4733124025227755,754326,1
ok,183.86524323160938,328.2942498069018,0.5296887355535485,7.759108740254853,885004,2
ok,183.94445703390016,93.64614798378126,0.22615246506827502,6.2050554982912445,875336,3
ok,184.17785686383675,154.3052093333264,0.5655267629780945,4.573363726719367,609603,4
ok,184.26692927443827,193.30465039167242,0.5036158916997039,1.701210880614027,735351,5
ok,184.27358542990606,310.4280731431279,0.3783899311081931,1.6148317699238262,545342,6
ok,184.39261220492375,91.31928073178122,0.6394050814008925,3.2221825668029185,561637,7
ok,184.41197416441545,184.96806385728908,0.46777543695265594,17.073714032733662,31738,8
ok,184.4191305246037,118.06233386957003,0.7980467465398813,0.9527004582882688,940382,9
ok,184.45896033118404,254.30348605940105,0.588486646531036,1.5655512084792735,872013,0
ok,184.51226029321566,295.8826034187763,0.4337876458922381,6.929897081736561,305477,1
ok,184.54163398497366,323.94624024559835,0.5497832364346789,3.257548004477716,779279,2
ok,184.6429845401256,250.23584692930578,0.2734016333120216,0.374031457361536,164659,3
ok,184.6991094113337,330.3904467167496,0.20154058482765036,14.847373260467451,209688,4
ok,184.73002649355612,311.1424769287673,0.5405947273643829,4.6185409447943755,388342,5
ok,184.89784866868564,151.43000817629976,0.13566363011206795,0.443499872488535,408146,6
ok,185.04311399540276,195.475733067047,0.7408307506019342,0.5343178530968448,546389,7
ok,185.0566955753809,198.91394338320802,0.2949194148030416,4.864635890577665,339969,8
ok,185.06092402193514,183.51123550961415,0.1299222333139986,4.979840609622612,102110,9
ok,185.2177880025651,179.19120125074465,0.6218605864247653,6.434250728420736,429394,0
rej,185.37235907289676,128.87673720669096,0.48642967592960373,11.028756095382342,362156,1
ok,185.59722126910418,83.06707453103218,0.04708847981196679,3.947208504287143,132505,2
ok,185.65667272053258,10.0,0.6148303541362563,1.6834391381030065,602832,3
ok,185.91411428107958,189.12439319707644,0.4092613464784038,7.4368849665511325,68013,4
ok,185.99718761917447,192.766054399519,0.7976586544020332,22.764879668621454,45691,5
ok,186.26650451489493,199.03145755493085,0.45222478740737054,9.73904433597365,315093,6
ok,186.31911348418964,154.35416457918555,0.8199103289039191,0.5033217216237797,854535,7
ok,186.36645223865224,286.6892349546679,0.23779683501579207,13.077681386112847,837774,8
ok,186.51849605426906,294.5048592274932,0.2716773082867307,0.43925318109296874,682745,9
ok,186.5773467899751,247.4243084211666,0.3096499726827481,5.425109682025625,559605,0
ok,186.6317869056199,170.32850927671626,0.43099397486816704,1.3524179125639115,328886,1
ok,186.6815595010967,166.12476324941218,0.28305323269477584,4.63607616576726,437872,2
ok,186.68873864562974,253.09737145572302,0.3987351660988806,5.436634423350199,312812,3
ok,186.74286194219258,173.08492566236114,0.35174584788689905,1.4019836580072003,334285,4
ok,186.8978400638745,284.2243177584669,0.2630441276006604,2.660723283919003,369744,5
ok,186.95167607928508,152.27580703326382,0.6083980159741005,3.0515992848215587,285914,6
ok,187.06116309174806,294.0563857197425,0.29615297131730034,12.49452923510351,341089,7
ok,187.07064782702187,203.06992907817738,0.23167771556702133,8.044208205439842,785107,8
ok,187.19525329730308,305.2173180238873,0.716222921820242,3.291303434318738,784873,9
ok,187.20215733533553,205.88981193361406,0.9668853263740287,6.462441012686655,545367,0
rej,187.26404568804412,159.71725761555732,0.6756376209065461,9.967670537796087,525396,1
rej,187.26586900815235,252.18641514330477,0.6047111202277294,5.711207407653135,9029,2
ok,187.55715741318434,154.64440739453954,0.27156449025606433,1.301245780634154,551685,3
ok,187.79013284822244,245.9677488042098,0.5767296591310278,2.1356625419760964,127783,4
rej,187.8110300633945,195.7638643092627,0.597095187528273,6.544859589619884,155982,5
ok,187.94375496155232,209.94951681171938,0.47418846403779663,19.18998358810461,332514,6
ok,188.36734650805244,245.17814637711894,0.4566205973996139,0.7149917943588155,958836,7
ok,188.71844594183105,191.5546611787012,0.39413411746996024,9.257764098970204,762111,8
ok,188.8803796464134,122.44339348720385,0.6923870881937855,2.734111316999979,341387,9
ok,188.9916922712444,210.56354923805313,0.010018926003559747,3.8864441267077465,822824,0
ok,189.20904309402374,271.54799589037884,0.750746053880585,0.18271791378033642,343476,1
ok,189.23015242239347,222.9058665314394,0.5832884463973407,0.9945992555506328,600949,2
ok,189.23857437516563,224.52005199773177,0.4387248130780456,18.079353672652225,72190,3
ok,189.41444005876158,229.8438380553839,0.6543012423660576,2.1465864463891453,473761,4
ok,189.50097868507345,168.29455563946397,0.4301499182810402,3.8636248374909647,293194,5
ok,189.53456598727973,202.30850622879782,0.3371397760000883,9.047208134773712,502999,6
ok,189.67775799841988,109.0398825588876,0.5241522052213194,6.1418844096269485,476202,7
ok,189.71329324419813,364.06983787301886,0.2952727993591542,18.011196887407518,957229,8
ok,189.7407192295424,180.17462529400814,0.6367878894226277,0.8832332341028583,381855,9
ok,189.80899637437906,220.73246505637712,0.29079159301262836,2.6261452851597857,972677,0
ok,189.89032395014885,168.15084538419828,0.5770684429776742,1.9432051936530434,777663,1
ok,189.91908066919802,204.54925336640548,0.31289585028677136,1.1949182937872078,399012,2
ok,190.21249811252846,284.52022218315915,0.5512681251614432,0.14802173555433537,855249,3
ok,190.26312076567118,79.25141375333149,0.5011846467907447,2.746069442933168,932794,4
ok,190.26686796014235,256.81366403567506,0.5288158737258901,0.394179329444762,970397,5
ok,190.49737323017584,134.2912563232464,0.6507451315949978,3.65027693079809,81967,6
ok,190.54443892650224,97.18182817411672,0.603764006696079,2.8625165360047027,967090,7
ok,190.73897062867945,360.18957639264113,0.42262500629661204,10.80701003361976,607091,8
ok,191.08682768288236,158.00459557604808,0.20640643675997034,2.348464779634469,840294,9
ok,191.1074707307132,184.64253982786363,0.41925950649434596,9.829198026161471,58825,0
ok,191.11244118242482,149.8450405609073,0.267504152549785,5.222892708304703,141118,1
ok,191.21596655725222,250.95423296701966,0.701800870210989,11.013860154340449,51093,2
ok,191.29937760301402,298.97418944227803,0.5263230925172504,0.1,549151,3
ok,191.33410583771223,225.8689386411137,0.20736179121952963,6.322372593674337,516080,4
ok,191.37048262817507,337.2863747044983,0.5086366291667956,6.40610991718007,603564,5
ok,191.44944500359497,240.53574911348576,0.8537623775148081,0.4082785344118309,894539,6
ok,191.83112476259734,346.67712105853633,0.24803832185079466,4.198038949283847,264155,7
rej,191.88982160522949,222.8462836030113,0.6300896136444737,0.5974622757253935,822029,8
ok,192.02823917120855,163.10108359218688,0.4713119833227652,0.7927304632871602,257283,9
ok,192.1036676060974,129.24457213326974,0.37329278538927757,1.8526586552828346,737061,0
ok,192.19784186533096,383.5376424189671,0.43882605341591147,0.9122346008785951,601656,1
ok,192.25645156551943,302.75247417379126,0.5681814283860889,2.2978557728068862,782918,2
ok,192.4850425802838,250.91109863685205,0.4760709061440892,1.7574615108821354,355099,3
ok,192.54252004921412,278.78947806936867,0.8606477491577655,2.1860930251894164,379141,4
ok,192.62530011070052,164.7251335842136,0.5326624401865503,4.6621307047098535,988087,5
ok,192.79698855683935,150.36670368394525,0.6274451302750774,5.123627544334437,835621,6
ok,192.96118166969617,175.91518036739598,0.6675793165803339,6.077396412579725,674759,7
ok,193.0638462518793,101.16610592181624,0.24025849132845511,11.793800924353167,388114,8
ok,193.1393700175723,232.74395023404122,0.497015314797607,2.6524981677198807,422130,9
ok,193.19701471252407,184.5592983500401,0.35551144212389546,0.9796575319900915,322319,0
ok,193.21461540690058,116.66199161141053,0.4191959217501801,1.837693554640426,487138,1
ok,193.3602009708161,160.2983697362917,0.6721077081222078,2.177800064441392,627322,2
ok,193.52416491072975,151.466465296965,0.604376931320803,2.5687865030626305,356989,3
ok,193.5245331329751,270.9676995999359,0.4551478180221489,0.29590255229475754,557977,4
ok,193.58624428301158,86.24520058468451,0.392080748380543,8.888382145325373,532196,5
ok,193.7152158745175,348.0463788263696,0.45846718538538167,0.5233793876370295,175948,6
ok,193.8920414074098,202.1008118763671,0.11863219791385843,0.49456044801497867,30484,7
ok,194.10266632030397,10.0,0.6038112445584234,0.7245018453871189,155561,8
ok,194.22860597337205,308.1405168882294,0.2814653393960095,7.187035106405494,262275,9
ok,194.22945230846008,268.03801594921936,0.2696486095188164,2.04811774217233,720625,0
ok,194.4028018088416,289.5135506352645,0.5355929210768353,4.226622279239734,231873,1
ok,194.6780303360904,255.15972756363126,0.37216636604685976,0.17268092039119293,590112,2
ok,194.68808229213926,102.4623088127318,0.41922060525514165,14.429311177709872,139887,3
ok,194.87716855193423,195.54912293313714,0.8388211533269616,3.3671989417421817,950855,4
rej,194.98593711598522,269.4403027271832,0.5421439676598525,0.6439116311582942,118238,5
ok,195.07500745077175,199.4542778904754,0.5364041848566871,9.095018855567318,193567,6
ok,195.19069137262596,101.45394122938285,0.6779753230390793,8.887308309024132,803549,7
ok,195.22573273294046,150.5717511365517,0.5520127905617771,0.1,431078,8
ok,195.30564709746173,185.91606724279148,0.588616475531855,1.9441685390672765,984818,9
ok,195.31232624575097,294.7961268958986,0.6873404330426643,11.702356509241685,763321,0
ok,195.38416870184756,226.45042305107972,0.6653715162910149,12.3548274216431,649807,1
ok,195.64982496827147,362.408186879188,0.42906600143105833,6.833750816652211,52538,2
ok,195.7183935338924,161.7897640300505,0.3468873151675651,3.9756463379300606,851158,3
ok,195.75531344453023,215.26155570108878,0.6850915009430999,6.341198772018105,104042,4
ok,196.00290427816688,145.62763977358506,0.6723084010046971,23.308982894616776,572216,5
ok,196.20502858552751,206.02127538951132,0.6199364853299691,4.0227397648001055,714412,6
ok,196.21109569948857,200.13496680994638,0.9525231531776123,8.155733130444332,278637,7
ok,196.22010652885004,38.32458472507119,0.7785372181764307,4.012229409765817,749373,8
ok,196.27559266837932,113.21873730665571,0.39219531345602765,12.854131883544728,112132,9
ok,196.2893605628868,347.644532868458,0.3817414901314219,0.7681198087056861,214270,0
ok,196.62446877390857,187.46502947430105,0.35026676884394004,4.547302632378878,274409,1
ok,196.78866516040478,173.5838440240499,0.6703005865561829,6.0610790464131785,70016,2
ok,196.79489489869178,156.05491860239434,0.6930119304665301,1.2528457521083984,662847,3
ok,196.8508833785983,172.46282570250793,0.37121078318211564,0.1,598963,4
rej,196.88738877394755,232.35424579364914,0.5887589629923468,2.4109289239130707,551946,5
ok,196.95780278779515,155.42855053868357,0.3068604473009473,2.7010015029794783,672170,6
ok,196.96640034198342,195.46821959502034,0.07570606724521611,0.1,82309,7
ok,197.03844874734267,146.54290792921685,0.36882408062577454,1.4333392349897645,896690,8
ok,197.05561618067506,100.96565294963656,0.5509597772779915,1.5117317395255512,76348,9
ok,197.1967920272735,101.67643653692036,0.5023423017581852,0.4305501628569932,832791,0
ok,197.46381352961723,116.62682653069882,0.5020267435291688,0.587379611178283,891947,1
ok,197.61277615333836,123.98022155677809,0.44465015101463734,4.0528141040262105,227940,2
ok,197.634883966374,158.17618588491922,0.6431641071991459,3.572533979515013,674484,3
ok,197.82555196938765,347.20772669946007,0.9895130772742473,9.649596601297802,878983,4
ok,197.86069828643585,213.51300772996768,0.2908945071170097,0.6870081467962537,181788,5
ok,197.9109741091125,229.7682820494978,0.47117145683525713,2.3573378405563292,536321,6
ok,197.99012428992432,104.8450923608658,0.6758426285930842,0.7151093989838873,903698,7
ok,198.04092548959417,149.6987456200638,0.30136574168683516,5.414974487461083,453079,8
ok,198.11287324859248,288.7220233062454,0.5571173278687308,4.43545740365665,22910,9
ok,198.19876344486576,234.9270343960353,0.598339567975218,19.859044217846467,619036,0
ok,198.56979281577344,199.15571530726112,0.6701594009777675,6.680905265859717,385985,1
ok,198.6844922233893,141.61298518937414,0.7796234148835539,12.101592718395386,943732,2
ok,198.94175957563473,117.2796831163561,0.677261801907581,3.4764413186606546,888804,3
ok,198.97245011720662,214.13200058854218,0.3198720823499501,3.2657485305623246,510313,4
ok,199.0079930394857,111.40181385374453,0.46733739371337696,3.6991228756152834,744780,5
ok,199.44787153382734,13.28327073911214,0.2952107137242008,2.62309260289326,846674,6
ok,199.66561016040615,121.74862603857503,0.5419910656911904,2.9415341852473684,297535,7
ok,199.68539739361026,135.77536813472386,0.5706110542347197,0.4533941470171652,230618,8
ok,199.83730223943317,320.5323169170192,0.5367724839797857,10.148656745125617,934576,9
ok,200.0377015402197,253.40864802541466,0.2883456076754223,0.1,210119,0
ok,200.2362826527151,209.54303242670775,0.6244915395096433,0.8745515574920038,627130,1
ok,200.38820473206164,121.4962083014588,0.012489883215557718,1.818989350465474,517593,2
ok,200.64243241489748,310.93767663161384,0.4722979845667054,8.220129294181485,907535,3
ok,200.744213055547,324.177073773553,0.31102501478585876,5.711306612926905,942522,4
ok,200.7693159259472,149.90353088704822,0.5988060693221203,1.958605135890873,936161,5
ok,201.02454645773025,73.58892025139868,0.5930526588959615,12.880138586263799,246647,6
ok,201.15961013652873,213.66325304074252,0.5037743787888747,9.339532123501254,446110,7
ok,201.30094764299582,182.31443369466592,0.363572452993393,3.487466826776426,474159,8
ok,201.42112680242258,308.27453888815427,0.6681945492202924,12.05301630837053,708418,9
ok,201.5261232152136,124.61511855404414,0.48376154559319273,6.782706510767751,384995,0
ok,201.73164346113722,10.0,0.6812036263289802,0.3467232700513786,570924,1
ok,201.8355834099748,175.36185957878794,0.4638433718463534,6.615834149531335,956954,2
ok,202.00563393392184,108.3160682533868,0.40634762022579857,3.5963209634546693,990626,3
ok,202.0178984492614,189.50087886032242,0.8039415416080318,16.216236285158324,197997,4
ok,202.03232767302939,276.03182431445913,0.623955315192768,6.489103321084535,836932,5
ok,202.10968805255854,375.3615269386339,0.6754930240747032,0.304620964693309,505579,6
ok,202.79004986091462,260.7774601353822,0.24031860020057816,0.6758528389064222,761075,7
ok,202.81301967019593,51.796006870348265,0.48441727286145314,3.508318299606284,76224,8
ok,202.8264930716001,72.42684880815048,0.38876549542071814,4.360199978842619,853574,9
ok,202.85004138762798,204.1376032571406,0.6081677325986892,6.052508255750254,881644,0
ok,203.18674737313924,217.48840642990768,0.06984232605901058,7.722732178071756,269023,1
ok,203.19573944467777,160.8468384496884,0.5647966262360199,2.464355988975951,427095,2
ok,203.34498931201662,213.9615239965591,0.40688638654057385,17.8624835431417,211145,3
ok,203.38085298019982,170.62094928113518,0.45714120267041886,0.4882006633472753,8682,4
ok,203.4280365675546,203.81057113330303,0.7550640873420391,2.435874216980193,783058,5
ok,203.45322527177754,247.76399812538534,0.45480817985423155,4.413444244072514,557830,6
ok,203.49174446762123,10.0,0.3472740661459114,1.8012694350324956,807752,7
ok,203.62541089125614,153.20355398860684,0.7329632861585768,2.8801461317353354,399210,8
ok,204.0376374400122,270.64225595328054,0.30629716301196364,9.523675175742014,539265,9
ok,204.20690592233274,173.78483780323117,0.21284895741446413,4.692167893529166,918627,0
ok,204.31883116153458,188.84670326366629,0.5889853942254839,3.7942272637748293,510736,1
ok,204.38234678348945,144.00232233097557,0.956889449886243,15.559813670214314,80124,2
ok,204.53643063264255,10.0,0.36794182449132407,1.4283980038345945,423355,3
ok,204.5667511100836,83.82620875938414,0.3537138216794339,1.7712835081747627,645759,4
ok,204.59700605170426,79.15481213728938,0.42030576927272256,2.8022527297913316,925574,5
ok,204.76454150292392,171.07873607518226,0.4558709981016362,5.426564728601678,534845,6
ok,204.78110951318462,379.8358618564425,0.1605761087854785,12.164491289226156,834909,7
ok,205.01079377625766,283.1263442320562,0.487154197753125,8.397453927413233,606371,8
ok,205.03785180134838,296.0745667877427,0.6889359704123087,5.285998579640538,612995,9
ok,205.10288919920075,190.18500956383056,0.40745439761351865,0.1686175486899581,446270,0
ok,205.13788709685062,192.79412804786486,0.7442185411842228,1.087926791532324,42067,1
ok,205.47659131418717,244.2065480218969,0.3295607769120322,1.4528187621137434,368916,2
ok,205.49339064398237,60.57498246322476,0.36196715310351557,4.062300850194982,892486,3
ok,205.49410462649348,66.72652324495093,0.313843411528517,1.171514284278269,480723,4
ok,205.67496467134316,153.77908665830358,0.25259458689469083,0.3171586795296104,6712,5
ok,205.87556681886403,198.5257716184685,0.6286464509210833,1.757115859685986,198978,6
ok,206.02365566471633,252.46491960244106,0.5799767222655742,1.1553868331688018,313895,7
ok,206.0872910723929,147.7775484739945,0.6359845465656462,3.2906471933602512,729804,8
ok,206.2771068216014,98.56134034029958,0.5881893585483993,3.3897182524838736,724916,9
ok,206.76783738220254,151.9309041346255,0.35610438885186124,2.6846073506428514,673268,0
ok,206.96595685368027,231.333133308983,0.6048935148296124,2.7466024926157773,5774,1
ok,207.00403380159366,304.4349250849868,0.9223113524240281,1.9505587103243984,567041,2
ok,207.0391310521131,84.70113068121371,0.7687143244654706,2.9580188704493784,125875,3
ok,207.10801957975016,147.14059001660672,0.5320484487946022,3.1254209942005744,861787,4
ok,207.45225074766307,193.53586178299395,0.2163417327884284,3.3762155144903128,317355,5
ok,207.48570303354634,291.6290726403157,0.5656401837369691,1.3904496809036957,537386,6
ok,207.57378612631712,311.32055296970606,0.4711520238178488,3.322465785223919,930287,7
ok,207.57993412357803,284.8940476555232,0.30743589642256197,3.890939380578018,783139,8
ok,207.73597354964187,165.30177448804145,0.4000845679492371,3.9724920133707196,330880,9
ok,207.8813663262861,268.73968755543547,0.4267306123114559,10.567999741886297,814291,0
ok,207.90772525727743,222.03635671397515,0.5035816642337997,0.296481815373487,569406,1
ok,207.91861497166536,287.79076600312055,0.4490190959880709,2.5423837220545105,676381,2
ok,207.91986480763902,91.91946763939268,0.6907194746605216,0.8121855921178858,599752,3
ok,207.93412085011082,424.0692010317292,0.7048695464744231,0.616207771197984,578160,4
ok,207.96202021524016,163.13529310258167,0.5975047891998659,27.069588168875562,296229,5
ok,208.04171338634026,133.79262729449033,0.5187304922821919,0.26327774166753704,551160,6
ok,208.07077182202957,185.95991336189402,0.2566940528370475,4.970559025426401,431422,7
ok,208.23275059220708,25.456047775476947,0.3441655547551791,0.33291400942822114,568370,8
ok,208.329365596533,23.600759837860608,0.27885903856926675,0.38352582529841506,985269,9
ok,208.35629589388031,260.57618209464636,0.5395605700577368,4.991835735919568,858330,0
ok,208.46404361870637,129.52212094729722,0.4238143657267771,3.5503178164799225,971809,1
ok,208.59394430613528,154.82012219851967,0.3624668569544719,15.733375771868275,999679,2
ok,208.77129620713518,248.77458672323,0.3145880817372191,8.963036437478745,543020,3
ok,208.84293936478755,160.30167098569615,0.625177255458486,7.019912294768311,428134,4
ok,208.93169131970862,87.05675480385155,0.4208527916766539,1.2529444470508229,632049,5
ok,208.9435904013087,242.63760487154627,0.20134673999991953,10.694461230836032,660566,6
ok,208.96464981980895,260.8888214403519,0.2286454910910916,0.533452430875126,609285,7
ok,209.055189222553,149.90764558662957,0.48519561751354223,7.257384417885055,322709,8
ok,209.06769372382726,271.0131017884312,0.13661865854338628,9.514125090926472,474503,9
ok,209.10547621056034,178.37436510468274,0.7648617374796506,8.790200351692782,316575,0
ok,209.42370509806275,69.51572199862267,0.41528047118485767,3.094293643994991,137304,1
ok,209.43615667114173,296.2825407909686,0.7887778376142258,3.433836638728004,530912,2
ok,209.5155531547364,170.39963068697142,0.33400397893441147,1.5639482758732823,465759,3
ok,209.61148573519844,294.6282653280051,0.44354388600943456,6.040036261019333,614746,4
ok,209.6971079220839,71.24802816899111,0.8101560054995405,1.2259876927526006,147143,5
ok,209.8665728628973,186.45121091329344,0.5599697403523228,5.002326810833369,576710,6
ok,210.02112556977232,128.26249304402498,0.6850414854658659,0.5398398978105946,810034,7
ok,210.1796031587027,349.74555595670967,0.38360468900156963,0.3010284521625907,170887,8
ok,210.3123698834993,252.91850196807792,0.42590410306942184,0.903413142281817,265021,9
ok,210.38609658809457,74.41979674250132,0.35434282080406293,0.4314882074586846,667591,0
ok,210.54073303434467,220.12960397740525,0.5064385040225895,1.2913231056829408,10072,1
ok,210.5545523232495,340.82523774710637,0.45296732250445404,1.1352453177922641,444782,2
ok,210.5814259898621,202.9883173648975,0.46813701025428234,4.417549759826142,771893,3
ok,210.6584825791472,176.0616281742844,0.5280026545135312,5.46783520243326,693683,4
ok,210.68459338613755,281.57338200442103,0.785331180996711,0.3223255950653966,593398,5
ok,210.69781491158173,313.9191892559353,0.41558839822616445,0.1,38010,6
ok,210.77594006606594,213.0830921379796,0.47508794283337413,4.560059717736383,386256,7
ok,210.92135544152669,229.38130927113158,0.7570351543402618,9.40054587761298,441312,8
ok,211.00082303294332,237.319747804572,0.2853694196465932,18.742243834024805,421673,9
ok,211.05471745500668,248.13463265700992,0.7054837333383494,3.674691248878325,295231,0
ok,211.0742164282055,179.39602055484653,0.7364147795375775,7.638111551975393,982015,1
ok,211.18616449202955,143.66093305696504,0.3923662409874124,6.697882481764639,691003,2
ok,211.20102877485766,235.72712610092285,0.4309587822976136,11.748524030612412,938822,3
ok,211.21330106370397,169.84994793795232,0.3846799759208247,3.489121562936857,787494,4
ok,211.31632530037538,196.04798225315187,0.5674197695652309,5.686334223366575,702206,5
ok,211.5915692651916,142.41118158161186,0.4209808357377519,0.8778707902801343,19221,6
ok,211.64418850414123,285.8223923428967,0.3457083122015599,14.87151402923615,942405,7
ok,211.7528397133704,130.66952823926096,0.2885360347031535,9.222456048350871,94871,8
ok,211.8627408319256,107.09874070912957,0.5297779698554805,7.40155485570031,970104,9
ok,211.9784197192736,266.64328970736295,0.19662203731585254,1.072684231038016,94404,0
ok,212.0214217677624,139.03117260898915,0.318642595620058,5.789154976036884,887455,1
ok,212.47286692841388,183.43638537688946,0.48850761559146894,8.341150924423221,5052,2
ok,212.54980342535939,308.10584433545813,0.9343574773779584,4.9850643837518165,402041,3
ok,212.70943646726954,277.5050803279408,0.4323050625072241,0.2298797365442443,281936,4
ok,212.83462827269423,234.9751774344855,0.09911445883007663,1.4465802090849391,486921,5
ok,212.8792403240369,108.62583404373515,0.7207761835885343,3.323499283681259,285168,6
ok,213.03993899658226,334.69071525201264,0.5417641786569632,3.8229390500134572,834569,7
ok,213.2322280350339,266.6759126704138,0.6521407789411245,7.382217212654188,819503,8
ok,213.50165135242662,46.378412469243386,0.06472639317021711,0.7936002343784536,390734,9
ok,213.53524090371695,273.8180018647033,0.32101752694156516,0.8540598847812532,666723,0
ok,213.69577634519138,255.40578913303813,0.5308835864352368,6.459937629201344,785764,1
ok,213.84580588814754,200.99710541820414,0.33770159666073085,7.1976862015057215,893654,2
ok,213.8889359303146,46.109568294305575,0.497235908140154,2.9909901347328938,504805,3
ok,213.92386165172192,248.95498443357533,0.5178822322916662,1.228849007387244,805972,4
ok,213.99600495655335,157.83016229817108,0.5789627850288581,12.215202486518704,352889,5
ok,214.05864742867962,263.1264958392842,0.14057083955314864,1.4255619890429547,407328,6
ok,214.26751019083457,124.19718687120712,0.4203529043521952,4.641910012873144,478306,7
ok,214.96755122953255,250.15263622700573,0.6576309478387756,2.444194888175221,842562,8
ok,215.03269684157408,116.71232777441824,0.2870188538629729,5.293119777222735,122169,9
ok,215.03814082708482,120.05269232857815,0.9488264973170081,2.4227314977164816,507221,0
ok,215.1977270289781,183.11154932460923,0.4311916958427512,0.8752781814362716,371716,1
ok,215.33726863282158,190.36767020121158,0.21812880736363682,15.23293191567123,151723,2
ok,215.53270283071063,270.6214028412739,0.583141493358708,1.7052302607882623,435362,3
ok,215.72084788100594,158.48547425607305,0.4305337856741383,0.6753798956489355,155462,4
ok,215.83163044932212,281.45053166877653,0.49127289070444435,15.7511541268935,19045,5
ok,216.41733826857939,289.20675102051763,0.1390631095445991,2.430070179510873,180432,6
ok,216.4355919407057,139.5709539996751,0.6415384760416636,5.966759884365604,853596,7
ok,216.6428290738228,205.30105301080593,0.14538912149482552,2.743442748271444,272874,8
ok,216.649855981543,262.149617581173,0.621597904454884,3.86237857486672,385630,9
ok,216.82789834158504,358.58498761072065,0.719479398168866,7.616734047862619,899556,0
ok,216.94290115727856,352.3851429575514,0.6353590367697458,1.0252409555857926,133293,1
ok,216.9629415843896,232.97884451085915,0.44314483455028514,4.928751462160669,618216,2
ok,217.09675777184475,113.50018446483318,0.32624589852324337,4.54515413455926,824345,3
ok,217.12700489989314,59.625683457859054,0.48047682132323216,1.7138606428499772,301093,4
ok,217.5337169835159,279.031774537349,0.40709563337737265,2.1124925764677527,995758,5
ok,217.69348547693352,245.192083123629,0.3080013135041676,4.2695530981763286,432968,6
ok,217.8561734660112,249.62705270030915,0.48255732270408264,22.992828601312823,270449,7
ok,217.9156068190528,182.80965281559287,0.7668730655371878,0.1,984669,8
ok,218.28224370493,175.15708723441284,0.47979571503116175,1.401446365814342,538746,9
ok,218.69415043244067,115.58297360080704,0.47965355378870694,5.505293454789011,301231,0
ok,218.69589720096167,213.23246573621995,0.7830728000588726,9.492562160101997,775442,1
ok,218.72843803951017,221.41036236126405,0.3862090387947949,8.43676962200504,441192,2
ok,218.85324205897095,249.09612114264584,0.755415315259097,11.066463622639475,724902,3
ok,219.46925141070633,215.4412142406542,0.24501469607617476,0.6391340658903659,286969,4
ok,219.65141953663914,170.09421339324814,0.4477538932167288,17.34009958305226,454560,5
ok,219.72558878113665,257.19294018469947,0.9030060717153354,1.156753308126782,352220,6
ok,219.79471772577898,176.48594942304277,0.4967032697901281,3.936683052946011,814741,7
ok,219.98535564424498,176.58996333873725,0.7817345966222098,6.097459452800701,958367,8
ok,220.1028591688046,220.34951006613474,0.6173551205152314,1.1444133673698689,509392,9
ok,220.67473847937592,275.0874093790276,0.4593527729009565,7.179798908062955,225930,0
ok,220.8144809027109,31.68021234675865,0.592646486804223,11.510136356892097,750219,1
ok,221.028108534886,189.46455119234136,0.6169248768289348,1.3303979140227786,869920,2
ok,221.18867498661743,234.79786830423723,0.8793491843950931,3.851292973354416,515245,3
ok,221.3960628058458,235.44984767863184,0.5763441451764317,1.0558419080986634,995461,4
ok,221.42399855754863,228.25081028595915,0.7949311003583919,1.5660453685281666,421427,5
ok,221.50558446119894,295.59525605023015,0.7265712181035668,8.612789837468735,750969,6
ok,221.5622845599585,247.40443010344575,0.8857215465036441,2.607876338005009,445773,7
ok,221.62571327060303,151.283823215543,0.5313408486221444,7.230216770173995,95815,8
ok,221.65897737973242,178.04547066062148,0.26037077394726194,3.1597702961346275,67571,9
ok,221.69907823178372,287.96203475572656,0.2588585976608223,0.15257424172232223,135759,0
ok,221.8321713644161,11.204445982315434,0.9755756829987583,6.373577128038296,216153,1
ok,221.9778663345539,337.7168619925749,0.5379271158437138,3.5217968255789165,156870,2
ok,222.02132508518892,243.37127200870327,0.2909164697450509,14.247490160178415,240363,3
ok,222.04293759840573,240.86271241991537,0.6362896141164923,0.21491957933302763,765633,4
ok,222.04636119258183,158.85297483791652,0.4971876001755715,0.5352844788733366,27405,5
ok,222.14992308873943,311.09819470804575,0.4310606284291597,1.6009550030922615,108281,6
ok,222.18968209285575,335.59721880041656,0.3157033482257448,19.94939878947017,265524,7
ok,222.25301203782388,250.24845744376321,0.5861271362976256,5.6197455594252945,163276,8
ok,222.4419863914584,230.9798472903533,0.7492467632485471,2.8901281685731144,503093,9
ok,222.46508951718047,149.38162963977908,0.6164044828809119,33.30747218761057,812335,0
ok,222.56286516042087,198.08033139053856,0.47100243333105085,1.3791095512304556,998421,1
ok,222.5696903703469,122.00244538234831,0.7296607557927439,8.603778268873995,103759,2
ok,222.75040385805886,212.84247230915506,0.4344470316843853,1.0843720517920832,418518,3
ok,222.93772889584477,154.46352946509913,0.2048302111970169,10.740541641685194,681218,4
ok,223.07147393445103,147.0177052082768,0.4873564750281607,1.7060190276683374,758650,5
ok,223.21311432338547,195.3562627810425,0.3753179607622852,4.25202408730693,196539,6
ok,223.24089273936448,206.55277170025306,0.360780480528417,8.248837098780513,874892,7
ok,223.44481586162104,255.10283058608476,0.932885391902019,3.1474379195683806,3141,8
ok,223.84760449664012,128.32212714208515,0.21811984395177825,4.282349011929223,93493,9
ok,223.9374332591391,288.59064649356503,0.6404927289569728,1.007156674435566,448461,0
ok,224.06134276290103,112.71791663296551,0.685940635442803,13.160865086531889,641615,1
ok,224.11428055498772,250.62717499324177,0.541044421920613,19.72034606030046,53343,2
ok,224.15002902696992,166.4060660882894,0.4475765511608447,2.2498851257651253,576293,3
ok,224.47154572535175,162.07814769083097,0.6353279471673183,1.612188194191042,228880,4
ok,224.51582292127955,187.12904126745,0.9842987986503587,2.6543425182378053,560449,5
ok,224.60645534432746,132.830404380012,0.3459542893869372,0.363681356004901,442372,6
ok,224.6440427670023,240.6572153375368,0.38202080808903954,12.645183550373737,363543,7
ok,224.80387426626112,274.73643030590273,0.21348970712566695,7.352400002718018,49319,8
ok,224.8769114799165,294.7370857912404,0.8835988645330075,11.651940731337248,992063,9
ok,225.0513994711445,130.3107801472661,0.34868762734940506,5.914359471640943,683241,0
ok,225.0845600451547,88.80778125010009,0.638303510286771,12.654916934940303,971022,1
ok,225.12960173286123,165.2768783332303,0.611939426113054,4.2442988407798845,108181,2
ok,225.15577256847615,51.473414981775534,0.26000101486693794,0.19909673303626998,770200,3
ok,225.1728861436225,158.90666943991008,0.7983197148050228,8.150408153979317,579688,4
ok,225.3114306747725,191.51094782695927,0.018815042373325208,15.034517253813904,712054,5
ok,225.68086575019026,347.4468309202548,0.4739427345470765,6.928074423152322,440013,6
ok,225.77018720309604,321.6788851831861,0.44008415944191187,2.6860803301168024,875465,7
ok,225.85685275689795,379.6517448942336,0.2947298155436996,0.3658428428116687,704272,8
ok,225.9510818157435,156.64139370949746,0.2368808293830757,4.104877022183557,777121,9
ok,226.16202912470243,271.74789782825803,0.31327440130621864,3.386793528881136,124410,0
rej,226.20737381134123,120.74632656574968,0.3395993831056371,0.3798898774623215,278223,1
ok,226.3161448687224,94.1364731958282,0.6248924439209341,4.153944333990904,717807,2
ok,226.57369578265178,169.3192036245585,0.7546973927954246,3.428122687107072,292294,3
ok,226.72688319227345,321.4227465438375,0.5928724410774899,14.994528152729327,187738,4
ok,226.75123663101127,149.4543897862475,0.7214812085794625,4.1480839730536685,503015,5
ok,226.78021079242944,231.90855265917563,0.7206459995346186,3.387424324023516,844230,6
ok,226.87289176667286,340.8602614615124,0.7309526010048335,11.925713081333027,831817,7
ok,226.91212754147745,124.7496603247974,0.76489170608147,2.2658169782888016,738368,8
ok,226.9227413210276,103.54155919126984,0.26417549362192305,0.1501350513236472,899518,9
ok,227.0224346507747,198.90972795209632,0.8758838634893269,3.746518879118901,49990,0
rej,227.03641491109576,175.5107444281585,0.891950166349373,1.302083538335973,824624,1
ok,227.27841614740348,202.3168191025079,0.3367201578836773,1.811708879717645,224625,2
ok,227.52562596805964,351.41321947216545,0.3781792818783183,17.195741943850194,709683,3
ok,227.64661074577833,159.4301710096354,0.2721382351184195,7.57192839209817,675567,4
ok,227.69662261914513,158.946111769161,0.33966655555044534,0.20588360241631615,91428,5
ok,227.87249527482567,276.94512667405337,0.3438435378656733,9.243881115171606,908483,6
ok,227.94837057464878,133.30132313849793,0.595996284867583,5.2030233009100035,408647,7
ok,228.53343773665225,263.2853091623847,0.2774211893885338,0.6920697918037355,129801,8
ok,229.32230125097482,53.35932978714902,0.30323918419730356,1.1570802251478405,701184,9
ok,229.5595726518225,301.83901301436885,0.8798687930433586,1.4254113133172452,469020,0
ok,229.57748536397622,212.68413243202147,0.3713780353867703,6.5391476561013775,308541,1
ok,229.64663672080505,34.94691007246422,0.5742596063383806,5.414629340438466,715086,2
ok,230.03124492025893,75.74161962885074,0.6649698782955081,6.342423323946081,532486,3
ok,230.11414842515256,189.37616328041202,0.5854137054545048,6.457152545329653,522150,4
ok,230.22650568746482,115.18204054190821,0.6999648413293387,3.9965898329612672,949043,5
ok,230.22740979601696,193.3391590670404,0.6215624029843706,2.201409216904848,412177,6
ok,230.24084947659998,137.37324583509314,0.2973641211679222,3.255835890177647,121799,7
ok,230.3078709616302,209.91717924366418,0.37627709419816846,0.3467760039826916,635553,8
ok,230.34873107229717,214.97771083479677,0.580095566549809,5.755228163972122,895354,9
ok,230.40378245136662,297.09553735388977,0.5726127454572304,7.548246718328047,502467,0
ok,230.57752778592078,333.1851006317993,0.5428295376075587,1.2277085855380236,110970,1
ok,230.6688974808122,152.27117370242016,0.6672452451023161,3.5026271702555922,156377,2
ok,230.80098102063187,73.15360559610731,0.8444037315464143,0.702896476493776,405132,3
ok,231.0077670719623,87.67988164031445,0.49222944416896564,0.7665328763729999,643443,4
ok,231.0354933219238,110.73604134043038,0.7046194052344071,3.3919707634481777,949369,5
ok,231.30151498166975,349.10497440188465,0.5430582625976291,0.8187935931596874,736507,6
ok,231.37320026930934,204.02731813947022,0.4880838016769907,0.29913825393409166,210973,7
ok,231.40623601730226,327.97313304084804,0.6436664220448969,2.836587307425051,175241,8
ok,231.4879577778924,216.30409559258712,0.3469896774040918,1.6447444660105424,546038,9
ok,231.8019917255397,262.76834419780124,0.33611267534343114,6.106357666998279,270123,0
ok,231.818366687688,151.90590619466863,0.3843532149613716,7.6700384959643735,436840,1
ok,231.91850034750465,335.94997438065434,0.5111881499146635,10.497729758466143,779277,2
ok,231.9275778169707,79.6043011427974,0.26473044965367326,9.298477357599696,931080,3
ok,232.1106648766455,129.706535785681,0.5139136429297191,12.958543051592638,980575,4
ok,232.2127045294763,202.97645213733904,0.4757457349197525,1.5990242520092584,562787,5
ok,232.2882725209435,189.5295405801572,0.5349906651721716,0.6031511271593308,302611,6
ok,232.40861964643437,250.21979510676417,0.4449888609559101,4.463738857937011,911140,7
ok,232.4186132875351,205.97149480600547,0.6513797326523931,3.210950815331592,516399,8
ok,232.5169016676552,366.66173579046415,0.5705411151618236,5.170425379173137,664443,9
ok,232.54063537919444,93.8532787884806,0.5062153579350338,3.133653775604018,938480,0
ok,232.55319651685542,149.8343654839109,0.366759690188879,4.159846917363479,849558,1
ok,232.5584655319644,233.39903772010177,0.46024443420638805,1.401599056138862,571259,2
ok,232.6234037588923,180.93767532937312,0.5884369485132717,7.532226735821635,957392,3
ok,232.64551903957442,101.80969860492992,0.680338018242216,6.459548000234422,225050,4
ok,232.65288622235315,164.30814264328544,0.5325877569390841,5.357728086082424,827024,5
ok,232.70667851065292,156.16678267424808,0.8147863995948688,4.053312270289781,796563,6
ok,232.73296592762821,191.01719405774796,0.14103240691683627,0.23823889534222809,653846,7
ok,232.9692201343035,93.58431256086688,0.44726863238866743,0.8102191717739906,353463,8
ok,232.98608847518068,216.44458181384533,0.4985208151023142,9.028746845608644,902874,9
ok,233.25105149435365,174.11678448446736,0.50176258270458,7.785242924354088,509581,0
ok,233.55837755074398,10.0,0.5768640354601173,15.955856563932196,107855,1
ok,234.08013707067423,166.52726616901577,0.3030827142889375,4.300220720563788,8977,2
ok,234.14870869819592,284.9607289370525,0.5044502407197174,0.31184497135795913,794585,3
ok,234.45736931036842,289.6572090264962,0.31664393843674776,1.60867960115601,764708,4
ok,234.62097234710893,226.97314550806982,0.7853172303839162,0.5881117851729438,689210,5
ok,234.63762086583017,113.00784163273735,0.6026245334482188,6.406524979418533,363728,6
ok,234.66932869296255,204.25001221355464,0.6641699448180479,4.872843463419829,970785,7
ok,234.71669695654182,206.29321484569277,0.360727637073067,2.3947413266128796,928157,8
ok,234.81842592525177,241.49126183752793,0.3871703679128462,0.6272138966770293,743231,9
ok,234.8467933894123,189.58178251607202,0.2960601859369473,11.301754087649396,280529,0
ok,234.86048803795165,213.68323002897444,0.2923176188915039,4.322305320538755,59180,1
ok,235.0506014343882,191.49975238844624,0.6268165766402792,8.550675423994763,566793,2
ok,235.24157817318448,187.09039767959024,0.5302718973446957,0.4810777189026794,655833,3
ok,235.3146936868534,171.70171355014642,0.5605998850420391,0.9907027822237136,461636,4
ok,235.33657684069303,142.40440432984485,0.2744312610842283,0.3509307331392957,314430,5
ok,235.39765363759184,139.94005758029084,0.4049630130319487,1.879099880767512,796765,6
ok,235.48411185007936,102.74666496476696,0.6993733620165812,3.335744305809978,948114,7
ok,235.6321577429933,276.88399828624074,0.4355506569000167,7.303561798630829,883305,8
ok,235.85070328460327,178.8659889491042,0.3548167961171639,1.3265052788626162,105653,9
ok,236.3706011802581,55.64540081570513,0.4709908984323001,2.7303074035883057,239662,0
ok,236.389309633601,247.8864126803087,0.6048597526500099,0.1,532691,1
ok,236.44482423857744,208.30286425118524,0.6516128634418697,0.9334210101358575,287901,2
ok,236.50819638910298,304.40264678085504,0.6294733849572048,21.161165156930295,283469,3
ok,236.983513800103,265.450209094929,0.4781315421296151,6.432430248066726,740568,4
ok,237.00455712370453,286.32454236710055,1.0061684763660836,14.02903490191889,258316,5
ok,237.15201725287935,266.25328801994334,0.5155942781522235,0.42189089474148267,431639,6
ok,237.1982956628792,23.757445709618537,0.6738857569875276,3.1287895191238446,155542,7
ok,237.2050517701311,156.9055131386166,0.4517300768609576,0.5636090214232068,136526,8
ok,237.2197981578467,288.69653139166815,0.3329788541575436,10.11805194423673,268766,9
ok,237.29461428183473,135.26251091463232,0.6250807351376082,1.0777680188888805,204797,0
ok,237.35186247214503,93.6641619622334,0.29750694079955775,3.9898774934710124,427523,1
ok,237.35345953267844,311.43088204134267,0.2880180596374291,1.1630761689354248,588093,2
ok,237.37839366444473,281.772864715385,0.40337823507365084,0.1127070811416135,660630,3
ok,237.3822421989433,151.40289508398445,0.46487928407299023,9.58822305019751,627566,4
ok,237.43872367154117,122.3911348507102,0.7570917291913095,1.680257262844103,947383,5
ok,237.4394119872629,233.90065551498088,0.16516048955521057,2.51437859505009,61268,6
rej,237.67257525187242,222.29209726887942,0.4673147611787981,0.7830246172207572,558660,7
ok,237.7552608824461,181.16157003617678,0.46380960278147026,0.4111274317549995,874979,8
ok,237.7681481132133,174.86431733060496,0.01,1.7438944783561159,638562,9
ok,237.9230254560554,213.3113709618174,0.7403643799883971,0.28375100881880716,534108,0
ok,238.01223649499158,132.81894244365682,0.39643894980367683,5.685990618087625,156085,1
ok,238.03963306895943,321.0024115637043,0.361729768793034,8.301949343740581,991810,2
ok,238.15463427801578,188.39502413353694,0.12657091085959338,0.3934352096996457,433902,3
ok,238.16553223217167,203.88583665484398,0.5374833485838378,8.655438625095574,283285,4
ok,238.35537335791687,397.4956129873163,0.5472595127722437,1.659571950079842,293382,5
ok,238.69897464394958,90.40813429867022,0.8437412815538483,0.25740519502683284,503470,6
rej,238.71281943712194,167.50802655058556,0.49043795253789607,1.7023980887326575,729203,7
ok,238.74306173738808,148.73220867459935,0.3838530626184187,9.13650555318244,320651,8
ok,238.8214919847005,383.8781444474331,0.7453785609212359,0.4954900385903356,280029,9
ok,238.82976092730007,188.21941093874153,0.5334643151267329,0.9409050247151717,515193,0
ok,238.88805140539577,180.67437995765084,0.23996978125863627,4.321762699981214,224815,1
ok,239.11415917329785,259.3533489584791,0.5308973816833924,3.281993642584595,522985,2
ok,239.23571498986033,267.6721953830197,0.4760924750901984,6.196408526973929,385545,3
ok,239.3511283727591,90.45338338581004,0.5730414771381186,2.025500378042537,628104,4
ok,239.66686202757833,297.3313887253269,0.49376618603920674,3.3821987161895932,493406,5
ok,239.67304346471633,224.55952723493047,0.511313146747696,0.8212223655062333,253401,6
ok,239.7962896116106,137.02824483014518,0.5577365467549293,1.7760659619345853,354832,7
ok,239.8579818664791,207.61504990214803,0.6126970921128464,0.45706019614847687,184715,8
ok,239.87215031494236,346.6008707139868,0.3476586541417655,1.1908345876912227,635156,9
ok,239.96393932442186,178.81167614199228,0.2083010244430697,4.251128075627339,795781,0
ok,240.0696687691298,192.31848139106143,0.5337590595348395,5.340504872306559,190005,1
ok,240.25964536088108,205.6095254704859,0.2959186959004449,2.6580643712098997,775114,2
ok,240.34686318209816,190.4819204237404,0.45511915137816383,1.4384239600295796,922652,3
ok,240.484946124861,274.8179164572217,0.43747271033444696,5.925629801292397,608747,4
ok,240.48869929276412,349.17950594422075,0.86269380581359,1.859726402186045,727891,5
ok,240.50371536910154,158.56952678094336,0.5768962578010133,4.397767976530474,473026,6
ok,240.59254718960415,20.46177756299653,0.5323017285177659,0.28538592091890147,560739,7
ok,240.64376792578372,327.07351283209675,0.40723275646754853,4.077877978374435,156688,8
ok,240.95044922421275,146.8980734295261,0.7958884929398926,0.31222563296805733,60987,9
ok,241.15844449474076,194.94822556287235,0.09990661822054264,3.8992947013059616,528426,0
ok,241.24954875006432,169.14543187345816,0.3059687607978814,2.2416741966339497,341842,1
ok,241.2799343704781,109.45738329065784,0.39159769621095886,9.978873729935257,554153,2
ok,241.36609207670767,244.0737643194316,0.6338705487223509,0.6205919950834913,723630,3
ok,241.45682118985337,299.6930695900383,0.2778216111705009,7.737426626457672,141628,4
ok,241.4987045370287,277.80852295798127,0.4593034065225773,7.2197042239351035,676398,5
ok,241.54062154714205,156.21722288969877,0.5150964246624513,0.6738391150976003,798394,6
ok,241.75538771926847,149.98554155034424,0.8712287998172241,2.518502699803182,851395,7
ok,242.016116020401,154.4569497523409,0.2194454372955067,0.7743777352520156,934814,8
ok,242.15562139223104,195.02770516230996,0.4789068199265554,1.8643921917764807,223536,9
ok,242.35551863595356,143.55917292201477,0.6111185648426944,6.745406786718963,330685,0
ok,242.41463594566528,119.34529012407222,0.3758408084267394,4.069225562529187,652788,1
ok,242.5032847003587,205.96010737524136,0.3994013161354933,7.382812526629707,517714,2
ok,243.04784360452732,177.33922397826407,0.5595362838605462,19.074273797557055,503743,3
ok,243.15583769370141,219.6294008547167,0.1807266120186381,6.473767853306943,346073,4
ok,243.16913435771167,87.83597364415772,0.5709797920423656,2.2169743183339783,124158,5
ok,243.24246752845494,225.28836134303174,0.5380817414082046,17.45762485274338,134136,6
ok,243.3025511321161,132.03285969518163,0.31582041719457443,7.231591150690196,930353,7
ok,243.5336535455663,181.32731155742323,0.5476538449037117,14.52415411889487,146923,8
ok,243.96201360114372,161.84127027695655,1.0341057937606353,2.1842248899053245,732271,9
ok,244.09664406714688,109.5970541845871,0.09855908506984867,4.750523261603379,268927,0
ok,244.10105017718521,153.72138315607518,0.7764276786310997,2.7467036012032513,235958,1
ok,244.20077574600208,297.0503498261385,0.412879056782263,2.862659084332183,92304,2
ok,244.30925990521135,179.1651081088244,0.22104263379392225,3.2193935339412985,666121,3
ok,244.35342329870866,262.74457746111693,0.40000687758872805,16.363236587081808,564999,4
ok,244.38299773143405,180.63052803273106,0.6756019570951276,5.269520162705241,869297,5
ok,244.42473272380252,236.42251516638711,0.2568222516484452,17.33607304231548,737067,6
ok,244.46659434704367,105.5831364991735,0.38972517265027123,5.091174630852839,52461,7
ok,244.74574975003225,133.35355707640272,0.4297768571518076,2.1360767690371767,590424,8
ok,244.8689288601749,253.78564598728212,0.7964166369646473,0.39633400560969867,180442,9
ok,245.2202330591351,224.85780789502803,0.23945535091257747,11.866877624238965,718029,0
ok,245.67352205605516,178.08996751377313,0.6292530477201113,4.365986693720564,121778,1
ok,245.69244166715785,10.0,0.7366549563637063,0.1,237238,2
ok,245.7345872027245,168.9889637007087,0.3112823749366634,1.5850120968814179,590621,3
ok,245.81421287221156,210.9339775605261,0.37395497223145135,31.8321322791312,209090,4
ok,245.92899545493376,66.63460080314437,0.5685010774449439,3.5702988711768624,527451,5
ok,245.96558626868986,270.2567897827695,0.8207288808763462,7.7554088618859875,595145,6
ok,246.04917685974087,147.92253317063938,0.3615843941270209,3.900479420877268,691960,7
ok,246.26534181858352,143.38468494391122,0.7751337379247494,3.968751137320491,927240,8
ok,246.28385114969475,340.9278535255284,0.8507343405826506,4.3790211105582895,322817,9
ok,246.59992780659496,72.11495013456776,0.5408433835605727,3.93986981950009,442776,0
ok,246.61695887875527,166.24598442390044,0.5452571529928136,4.077502425210779,343556,1
ok,246.71004171701293,158.6263432230315,0.5016173868434946,16.140917392122116,4442,2
ok,247.0383215078736,203.06204972820467,0.6064988266710549,0.6770365822780866,811376,3
ok,247.203052459685,165.77169144675582,0.15051273597086784,0.8635499804876028,21025,4
ok,247.3081370113957,278.80082709789133,0.4743377238084057,1.2092845967155772,861640,5
ok,247.33111984973445,484.10156237068713,0.3134762496227682,2.6060307752986804,320135,6
ok,247.3648986577459,243.87233326234454,0.5086302616054109,1.4814997538637784,862147,7
ok,247.406516681186,185.27750007045572,0.481137331192526,6.972690121993988,645266,8
ok,247.7374844716806,55.95773166624096,0.3433742201690508,5.836989462899305,230966,9
ok,247.76648535124235,174.58596724475532,1.0989123153591518,4.4258912069831275,88673,0
ok,247.99189387979976,258.3634505935373,0.5702583720509575,1.6380434960805785,779145,1
ok,248.0278467560382,104.10492132939663,0.7944866665809988,0.908364584215534,235416,2
ok,248.06534622360246,163.87010831834377,0.41091823640189074,1.2923526374868297,293782,3
ok,248.07801874346254,298.86536057485426,0.5324250300445607,2.1281359540081666,713755,4
ok,248.38267612376242,274.975492815366,0.6057352031045957,12.941629780963144,656044,5
ok,248.5413269815314,153.49682383058985,0.30536108371778903,2.0352588128075513,903057,6
ok,248.61958431760522,178.32125766459544,0.3591811677487481,0.3798605896375299,357640,7
ok,248.6684213045304,170.0534891074729,0.46220586677926173,6.202527519582409,282144,8
ok,248.8984885120764,204.6887293346059,0.547853690601637,1.2738156340523055,630339,9
ok,248.93088523610547,261.459683228333,0.4976941785444414,4.945060650406827,753680,0
ok,248.95590520940846,10.0,0.590211237789403,10.16540282924507,543613,1
ok,248.96969006102577,255.77210579730237,0.3481798923089214,18.105386921191137,397700,2
ok,249.176514661337,305.13050838749064,0.559790759564028,2.379209325026483,24248,3
ok,249.21078769333835,58.34179205987698,0.40132402844540327,5.169169424229859,127565,4
ok,249.52058986142575,287.80252595711374,0.6325997182859254,12.622543239478954,345856,5
ok,249.68517588099806,332.5733638321234,0.4402442548164659,23.32929749288375,363880,6
ok,249.8252275390885,147.10240391492107,0.582368974317455,8.500768516316729,146214,7
ok,250.15617645634856,136.49066889764444,0.666917779642483,0.17699428378199306,118909,8
ok,250.2686456155611,169.71987897562892,0.5236731918382338,1.0809163314028156,263005,9
ok,250.39108709993945,52.744523175092695,0.5467799642178082,2.5136113488128613,942260,0
ok,250.42647661300543,130.67148157354472,0.6647791354739558,0.46540996661157996,807383,1
ok,250.43911052492257,177.02915374276344,0.5793477903456633,0.28304074466427404,150238,2
ok,250.55641112343122,228.40261356231218,0.5444806406735603,3.3085058523093553,714292,3
ok,250.714883730816,192.7591834195381,0.45803176034034593,0.4559324883107724,601891,4
ok,250.77880715684458,199.44465063834204,0.21471898985478505,1.3839828201299453,43015,5
ok,250.8053438570804,162.4295183752014,0.9929535623401808,2.4025225686695313,363857,6
ok,250.87322207993287,211.07254261445925,0.611211643873509,1.1269676024446067,81133,7
ok,250.9120119273301,285.3924988008946,0.29779441350951374,3.561827047414956,96280,8
ok,250.94189207396258,280.27415155819494,0.5430305911426504,0.6752575151530972,760143,9
ok,251.55272941473868,139.13273573689952,0.5262804004187112,12.931294470483826,108223,0
ok,251.68805985240124,163.46800040284919,0.5987525131579621,12.061492856447336,314558,1
ok,251.72604734944545,147.73270178651126,0.14577999578359419,9.46962131505483,332419,2
ok,251.78505990136773,296.3975739093728,0.6762562873451751,11.253238982293304,261045,3
ok,252.13370285640633,189.16979778515648,0.7124652846684142,4.001812318793789,282420,4
ok,252.24137549711702,269.3320922741698,0.49396388335874236,7.716967052860913,555354,5
ok,252.2536222228972,143.56957337453025,0.40673175802915795,1.5293516345870841,52183,6
ok,252.31192622880556,118.72284992865855,0.9295993295358269,4.4218673206663155,379329,7
ok,252.31881899945827,153.59639230144194,0.4459300152386385,3.112963399683592,32684,8
ok,252.59700632441636,215.64960735905927,0.5337866824889076,2.5507673616685276,82122,9
ok,252.68600625936523,251.35867550160845,0.2086221416404737,2.955762613302712,145788,0
ok,252.7717544718276,386.54174573375485,0.7374196360503377,3.124276182712147,970731,1
ok,252.9719922522174,157.9180519720743,0.47907602666773363,8.961153299109876,418724,2
ok,253.05489011281202,94.7994511145047,0.4824814242040108,2.925980608954773,390130,3
ok,253.0742486366999,149.96953151534865,0.4181804974620852,5.824664500730518,979061,4
ok,253.1327854976727,317.6214428492848,0.6753102375168862,5.425165468076987,755028,5
rej,253.16495604497223,158.00898075450232,0.5895841991416014,2.596050496280349,669387,6
ok,253.16573318514702,238.886747493218,0.3157165496717712,6.934355431337157,724882,7
ok,253.4669931893697,347.8808277435747,0.23268226426654925,3.386790401191485,253819,8
ok,253.47021029727276,349.2126276176591,0.3981516191766705,5.648548099214179,98420,9
ok,253.51362786475534,225.22080693135985,0.5877526100985451,9.611215593943747,712658,0
ok,253.8595071920856,262.355105596724,0.30988255434484135,0.22473835620372346,344794,1
ok,253.90474049278276,19.16990210098021,0.44347706034577244,1.1061846052783173,286925,2
ok,254.05469009532288,139.27315251213378,0.30957906882831393,5.512695792241481,8349,3
ok,254.11578580933764,175.71538476304323,0.5398780611060102,3.0826017097111835,540266,4
ok,254.15905836807525,110.10774053697068,0.5082769186395621,2.95292905300991,931336,5
ok,254.24986739882846,255.75094758997898,0.10268198347890534,6.263903402109138,337460,6
ok,254.3861532475023,149.48002588116861,0.4569490823654684,8.968968326747019,994753,7
ok,254.7120283198834,389.8205338132881,0.41622028046560033,5.289939343076116,117662,8
ok,254.82768201170552,292.6162747009475,0.6773599079280962,9.270648240452994,369478,9
ok,254.93467590340828,122.58621265690212,0.011486458493506824,4.8256184201389525,968184,0
ok,254.97512541111374,220.80072834326924,0.6348336061970743,0.7164095868632835,842596,1
ok,255.03357881640258,177.27081273989768,0.21249136096363852,1.1550786433423712,829408,2
ok,255.04645961781452,134.94147197928754,0.4201088545355441,0.17826547285827457,672339,3
ok,255.13270206723612,99.32232467140682,0.5867639723745104,2.157955604038712,759339,4
ok,255.2082444070462,136.4008491228578,0.2573750312280694,1.5112485677500649,884290,5
ok,255.34406117564126,142.78592018196974,0.03775887414619605,1.4986072512815047,132015,6
ok,255.45217012506504,106.54700010462304,0.03975818556985283,1.1758514954393429,635605,7
ok,255.54177082917695,291.85297942980964,0.02484809284553674,3.6234780600586207,972276,8
ok,255.69750748297014,104.50285718815132,0.36370804677542595,12.563209899737016,912664,9
ok,255.7601341297418,213.4776187322093,0.5279074666570065,5.27621965233667,284247,0
ok,255.94247909073,199.70818500237183,0.6915491537536451,2.7388165554137887,424844,1
ok,256.1054726907821,142.2299651496579,0.5263539904986948,8.22688824762053,95496,2
ok,256.13368550541315,231.42542146416238,0.4401802564700103,8.309789114552906,711985,3
ok,256.3270846506711,192.57635737913148,0.28331567104717115,1.8132127389784578,604655,4
ok,256.603549391468,204.14198672994047,0.5762240761525355,1.676551049302957,650785,5
ok,256.65394632417235,170.89215269748047,0.6044182649921157,2.020631778464729,760610,6
ok,256.67654886614264,232.40122877062265,0.502200758555909,4.535130458531415,553368,7
ok,256.8130513477683,117.47373123859427,0.6143346019688078,1.378007109493491,498687,8
ok,256.89992277915974,40.619315620020416,0.4251279663180246,6.365429595679968,591858,9
ok,256.9402876225705,183.07202762524997,0.2273524066874824,10.700158311066037,439060,0
ok,256.9862240038273,97.81521572395322,0.7496854018532232,0.1,561787,1
ok,257.1086373926145,143.39473465571893,0.37865454213396993,8.273556719623528,979262,2
ok,257.22871682550084,147.1929368082105,0.6662139745653528,0.24163165177117912,412898,3
ok,257.46876735481584,117.41829947747931,0.6597104265330873,2.2288911721672906,315721,4
ok,257.6584560733834,10.0,0.3449966751079486,4.085176057863535,941956,5
ok,257.75263846952083,196.44711107898388,0.9291640072611693,5.782012482427097,230049,6
ok,257.79954014580306,209.51791477210895,0.4833086068436365,4.077735960937376,663464,7
ok,257.8032209714018,229.04017301583696,0.3487007434067616,8.269832486318352,317374,8
ok,258.02001155398193,353.8448872785548,0.18006574766846867,8.239969349519946,575797,9
ok,258.4150386797813,178.20885715296993,0.6855606717173581,16.283391873362035,139590,0
ok,258.43346321852596,203.7273936387354,0.6787209890169399,6.2743613325438385,56559,1
ok,258.6254115922978,264.3755095362423,0.4295541694077982,1.4921044475060639,629241,2
ok,258.6363209219083,231.7449474690146,0.5521012336641776,13.048800456075123,533230,3
ok,258.6948858200455,101.33028234393569,0.33992882930860274,3.1818731707327452,115205,4
ok,259.1219528910716,70.96916287985164,0.49859800246952624,1.1654316134607883,183654,5
ok,259.4486177096623,290.3304440322692,0.7072463088264589,4.444554604064402,252267,6
ok,259.5691474191579,189.33799235163752,0.4158679178739986,0.4155987966936953,225468,7
ok,259.6184206610799,168.55209621633787,0.5387227917168202,11.463583225432574,940815,8
ok,259.67310017255664,236.176070215421,0.3441064813666052,14.33583717720085,455723,9
ok,259.8517716311258,310.0019548271405,0.3893135327393846,9.037314753243509,287827,0
ok,259.8597027080712,287.86259506967554,0.32823695031704775,1.5084107547802608,572477,1
ok,260.1614328487333,260.5982503260991,0.36406061294809333,2.545328504776667,20956,2
ok,260.43504502553265,248.46575879670542,0.1639616136681432,0.1,262576,3
ok,260.63950976140023,207.43491698567223,0.43847306332683916,4.146527949570623,565007,4
ok,260.9691133736058,187.5040206450887,0.5521387291389142,1.5429310101556823,284095,5
ok,261.10302203374107,133.96782245362863,0.38912495238355926,0.9475166942862688,990729,6
ok,261.1065555083139,114.28397417146229,0.01,2.7557394395457995,555898,7
ok,261.6632854793164,268.62328404953087,0.8955536436908864,0.4521221804802686,274459,8
ok,261.73855105729945,198.15270165624005,0.3452863943832749,0.1,496221,9
ok,261.7576260097581,322.65008571394253,0.7070187801007863,4.6282319122386895,132197,0
ok,261.79374880864384,215.40441492847114,0.40575860629476895,7.312414477562051,422877,1
ok,261.80962504163864,267.97099643506215,0.6490110723551803,0.5825147953960581,743306,2
ok,261.8929307512393,317.4060882816594,0.4272031085032087,20.538756485373156,108793,3
ok,261.95014104874724,200.72762516888065,0.3909403959963825,2.1731775792939003,781100,4
ok,261.9743485452178,118.78220118808909,0.5945504958690593,7.958915112625773,391619,5
ok,262.01166708221956,275.27887414149717,0.7913699080542149,6.2903448006358795,72430,6
ok,262.0477656923897,28.28570367668965,0.5109434970963501,0.9940810731207311,686210,7
ok,262.12843105542714,211.0381666583326,0.6673886565231515,4.983301425001149,570633,8
ok,262.2280362634288,229.54276178832546,0.38278052651635014,3.00518916758636,380782,9
ok,262.3828889591853,233.83261081437865,0.6553875354077788,9.617420628112905,571214,0
ok,262.4663409450574,181.72835113479354,0.3464182028465726,1.0623642451405853,582470,1
ok,262.64657527818883,256.04180998704953,0.8441770051068941,7.323250802825363,884807,2
ok,262.7042036039794,315.022642717105,0.31210153155502274,3.0101660082716366,843538,3
ok,262.9130617574584,223.3925831554238,0.2752098731545076,2.338577928406698,758291,4
ok,262.9485360614045,268.35830253513336,0.3277560145427675,1.9939216145788827,532000,5
ok,262.9808687666257,185.93443198313884,0.6702863022083481,3.8221029644945554,717843,6
ok,263.03903270739835,172.12423397937505,0.4533583044632676,0.2838153951060119,609036,7
ok,263.2968527264642,212.2274006832561,0.2433532320191094,19.250916535321704,31891,8
ok,263.3197424257642,317.7236930145791,0.6121238716757655,0.4162942378527713,649116,9
ok,263.3950934163816,253.9461331385374,0.6774623730526304,5.674793644243308,323095,0
ok,263.5770164431953,53.07734431576523,0.7410556754804105,2.9628315880126834,467126,1
ok,263.61815349100266,264.5330807913948,0.43178414893481415,3.843124862682743,715561,2
ok,263.6277290820694,295.3287893767611,0.6786902846775511,2.517674231083345,138633,3
ok,263.68110361475175,209.15381031952958,0.30738738591304715,1.524632299530169,163339,4
ok,263.9937585404397,233.1776083266406,0.6893388218565617,10.430828027024726,77958,5
ok,264.42761906600504,223.83376731634144,0.511266667304656,3.9843481560250176,957845,6
ok,264.4710649869441,10.0,0.45265581652624765,4.578651878211339,607422,7
ok,264.552973573736,267.94907843212525,0.21056865908521877,8.184064332894593,148820,8
ok,264.5632262435097,349.5101149507998,0.30312212618117096,0.1,709485,9
rej,264.82384743135094,285.51255712457015,0.6660659407009145,3.7042911141031536,921825,0
ok,265.28731334207373,300.02395629472477,0.443360779775901,1.699198900220043,867008,1
ok,265.37701748714966,37.33798414428185,0.4174899971780242,3.7441640132264107,226773,2
ok,265.38750970254256,146.45804110621322,0.27249947244995354,17.348585707495218,507585,3
ok,265.460155517721,206.57302634369998,0.6029714036951116,0.23868550372319317,882470,4
ok,265.5945348135444,283.351140226652,0.012363352303709663,7.775495595422207,839903,5
ok,265.8895551217992,281.2152844325273,0.29556935336353307,1.8231308807972957,889433,6
ok,265.9910090970848,187.23708303290948,0.5529071137215399,0.5930246327999267,804657,7
ok,266.08108437161195,202.30044728222555,0.43398301292887165,9.667546881323686,351760,8
ok,266.1550262147482,278.29868615461146,0.5640051355187014,0.6854794662643224,382825,9
rej,266.22778025705253,224.17434494442347,0.6817159909199163,7.096398665110604,931756,0
ok,266.3684633461866,231.49550051120968,0.7051965092554592,0.943044917161709,306544,1
ok,266.4998769610526,144.82720102647818,0.48603638401058125,3.837875552045496,167528,2
ok,266.572196370664,228.48444562143902,0.6660287284304649,1.510853429390174,163163,3
ok,266.6027367558795,194.3509430981838,0.3156959276637872,2.1523740184234095,890355,4
ok,266.7103878266008,12.343292620112464,0.5464996265380179,4.929570247573634,833739,5
ok,266.76878277288444,75.30724080132899,0.4534522760206702,1.7804410937247053,400277,6
ok,266.7840938960134,255.1984899833781,0.6279271465672077,0.2246513435859152,873600,7
ok,266.80603119835047,316.59966407900095,0.2824957574402793,1.053566301522705,461077,8
ok,267.0622493767875,156.4625373605271,0.6413761840812574,4.49286137017351,425344,9
ok,267.2286129685782,193.15366421800957,0.7035759121621074,0.7229374150885292,123584,0
ok,267.2430947695411,149.10616363629813,0.5083778297659054,4.8497223691719284,630199,1
ok,267.2473318003499,91.25331530621514,0.19658057232726883,7.282943328928372,152194,2
ok,267.48113890570266,246.3133438640322,0.5684282002304197,4.2771835072925,282859,3
ok,267.8325744879612,191.03940286162293,0.6767286879895337,3.2669993911180617,309636,4
ok,268.07539083959665,248.70463942065533,0.47201303056733895,1.735829762756866,699273,5
ok,268.1128614248072,176.85234392152893,0.4105340613151161,3.858286431637726,720324,6
ok,268.6033568135573,218.3991642469095,0.21408280896750514,10.534702398257812,838219,7
ok,268.7147035377979,160.32314309632378,0.6275600912399413,0.37943860435047166,669905,8
ok,269.0968151776763,212.75940615226875,0.4591060274570236,5.26363252177931,633008,9
ok,269.3472309740198,84.67458254996376,0.6853544739905009,13.403289496748503,999409,0
ok,269.49456055502634,213.60011648407664,0.5405897711321064,0.7309259841158743,8582,1
ok,269.6448125737207,289.27834220662163,0.6579375530467392,8.038462482690933,563378,2
ok,269.99953846080643,201.18328335416297,0.3506816884245041,3.462306869080675,998595,3
ok,270.15035389113706,118.9344118381189,0.2493772268823719,8.578736181286107,10169,4
ok,270.20645534982935,151.59764544534588,0.11786421246766027,1.622564372886689,964355,5
ok,270.3792457576323,101.37990220442182,0.46528235339265256,23.261708527923926,854827,6
ok,270.4308064600474,119.04320209718904,0.3539272451333268,2.7733984217715415,674166,7
ok,270.57928630189025,103.46042035848339,0.5775908358981986,1.5364434763043653,139017,8
ok,270.69327699496324,179.11009108183052,0.7147229585491927,1.2157631026575282,397941,9
ok,270.7421092371386,288.77676178797145,0.7117163354373747,1.2638311206415955,783274,0
ok,270.8052344887937,285.5922985230546,0.6933708435358733,0.699275277270469,589209,1
ok,270.92273508620184,216.22892694082475,0.6901816582680417,1.8351341857936307,988064,2
ok,271.0936154067592,74.65252542143345,0.6091088446921801,8.383388119877846,925695,3
ok,271.1862707458117,204.68396293930607,0.6942533082593287,11.088240085627223,106056,4
ok,271.26093707397246,305.4340898493449,0.5518760060862878,2.580629549175627,481850,5
ok,271.3660467794499,197.06511924989556,0.6901229902483021,4.46518034104581,31841,6
ok,271.71039899170285,225.15482282549743,0.5935186759447527,6.21064100443297,817069,7
ok,271.9241910794006,179.58243934481297,0.33098526827649,3.9459835545337474,452936,8
ok,272.16863132569136,236.1489176899152,0.35070313665931796,4.469798932598253,627634,9
ok,272.2859227993864,257.1391213630824,0.45624062823734024,6.257158817913117,712244,0
ok,272.4238631199917,250.2759643978192,0.38810555543411873,3.424449932540137,442791,1
ok,272.51261696243796,190.01929256047802,0.3348265348967088,9.946221898219425,289472,2
ok,272.65513862413974,227.75790402692985,0.2436487648852721,14.412598379428651,978873,3
ok,272.74366114011286,192.62541690983207,0.5644362050208016,1.7177282839285382,388124,4
ok,272.9726171271093,177.28120338081033,0.570388532763811,6.355052005043223,428270,5
ok,273.0847107924179,261.6043746859548,0.7132558001698033,7.924111499990078,425862,6
ok,273.16018981699824,139.85510549586746,0.30913910730974103,1.814204707030479,635205,7
ok,273.38947137577946,391.1821965497362,0.7793107853979866,1.6715481949017659,484429,8
ok,273.6140615808807,254.58842524521125,0.5739597786044526,0.7050920419341153,55862,9
ok,273.8508668910424,235.5875891422989,0.43996092480236393,2.3846170504956192,104004,0
ok,274.08223978622897,387.2550765032182,0.788963281243138,20.68249255496488,493631,1
ok,274.49689575064286,176.16005716448515,0.33079967565634616,1.4420534121733737,816987,2
ok,274.5712386089629,202.67010142183892,0.2843933755337541,10.034011719275973,39231,3
ok,274.62553988736806,161.98406266315183,0.33019572962759136,6.790955982148822,677467,4
ok,274.6375041698708,256.04914666691457,0.7897631333904604,6.740346648993622,738336,5
ok,274.63864053528016,124.10572208617211,0.7331541707175921,5.0115856489432105,731239,6
ok,274.6455580456678,254.07957119321404,0.5172778092241755,1.9289426590941117,618,7
ok,274.7380189070132,316.6342795052374,0.11365694374446572,0.3538220599069641,851640,8
ok,274.7941725799668,131.32772834314295,0.5085427602438135,3.152240778057945,44108,9
ok,274.9790997698675,32.100316798673475,0.2806595750980262,1.593294445368595,872168,0
ok,274.98575531072487,193.0281790107537,0.8208919722435708,0.8797894468944953,116523,1
ok,274.9943006802513,240.40726815205232,0.7946721992229295,4.090885851777053,615924,2
ok,275.02318581477306,253.71132019913117,0.5291744067253359,6.4636385677988,146354,3
ok,275.13360280705416,182.22322430445627,0.5505773949422459,5.931713861755869,556210,4
ok,275.17751598530725,261.3975991480063,0.6519311839747761,1.8420951229897398,532758,5
ok,275.343697540735,153.59919343878795,0.6375422094465896,0.3244194651973038,800276,6
ok,275.4653197500714,186.9379939521426,0.5951613896030903,2.842505545497669,373595,7
ok,275.5059022256126,124.9967733218335,0.6138267559594835,6.585941820520793,577795,8
ok,275.67933679279713,328.1688461713391,0.443328924474814,0.8421571531742806,284062,9
ok,275.8143789159594,161.77509248824325,0.143452255782398,8.915905306492194,820957,0
ok,276.1028434116272,123.18937963241397,0.39126350860753945,3.0692900657643456,595826,1
ok,276.2448752566946,149.9061509826879,0.47583336843642976,9.621668408521588,953155,2
ok,276.51590597249566,195.29735870786072,0.7001616701602331,7.5698890290638765,686672,3
ok,276.5795966397944,127.09181317534262,0.3138834392654571,5.209116414606882,373731,4
ok,276.5847326492519,323.7872107141665,0.3044571475905392,5.914911761458771,841049,5
ok,276.8398434415586,152.72739597860854,0.6028394772847541,1.3756328610673125,496934,6
ok,277.19842184077953,102.66109170955558,0.6709367733290256,0.9323977933746354,859526,7
ok,277.2184479817444,209.56597815377623,0.5355025825060293,1.6988630546146235,731352,8
ok,277.39036836568255,225.08018986821705,0.6999806242904317,14.025277070280595,257082,9
ok,277.5066699667778,190.44068471924456,0.2979366649544998,8.899554835612912,972591,0
ok,277.65478958730455,255.6086975259787,0.8450923374224162,0.43777133231554965,847549,1
ok,277.6937416516376,239.06261182488367,0.5687374169632894,3.4579736984958025,651996,2
ok,277.8017752826822,88.95327785485371,0.8070939617730492,3.665350869260707,251460,3
ok,277.86393506750613,235.710714498068,0.18611484124105027,13.17821344917367,110667,4
ok,277.8868364549906,164.47449244258652,0.799059230574219,4.466297287385822,589673,5
ok,278.00081449292543,325.26832553901556,0.4500891738526138,9.97698060374102,998211,6
ok,278.15465863284976,218.06032186107652,0.554827042079114,0.20665520633702486,375093,7
ok,278.36953755545795,374.87166162551625,0.5639147240294977,3.7278137452555256,914354,8
ok,278.5533239384053,124.20756455489355,0.4722800732010288,7.238657073611038,166366,9
ok,278.69796670145814,245.56728605173004,0.6006326691991515,5.461970131873072,122057,0
ok,278.77304357991756,68.99530977681212,0.1512682366358556,4.73611964271543,814590,1
ok,278.81648711751654,225.5552687813359,0.6271627784283752,2.7847674989142357,42549,2
rej,278.89471233910456,146.96910349160711,0.49841024212184803,1.6576595471971023,960853,3
ok,278.9061824761886,300.1542876719926,0.4424104428871611,15.89156731670684,738254,4
ok,279.0022987671691,294.4195349405029,0.38985530869673274,15.399701359353525,328936,5
ok,279.0874391948723,231.25505576724834,0.22070180400162198,0.7502666222945288,442912,6
ok,279.286375512683,287.01184650125566,0.6340066800523118,5.439074492852489,922497,7
ok,279.2953532668157,141.24812232170936,0.45897177231009195,12.030621477888966,762605,8
ok,279.70047568168724,168.2695750533079,0.6405619991150004,1.813969783305738,363075,9
ok,279.8252633528302,233.37151729461885,0.6472820523227188,1.5826377342109166,265804,0
ok,279.9120840781914,236.42257912571017,0.7580673763567085,2.4378306809480415,689496,1
ok,280.0831215298403,152.65114433776387,0.2356562263438352,0.7912403562064574,656171,2
ok,280.14157667412775,99.92669949944614,0.23990542683834987,5.353863581117664,942001,3
ok,280.6330118903189,10.0,0.487653931340244,0.6157105007660284,809574,4
ok,280.66319686398725,284.32211860343483,0.36301699381849983,7.868342782676355,960058,5
ok,280.8497219834671,171.67021506603564,0.5275180571103876,0.28484170050707347,58371,6
ok,280.91662653524486,102.63296691502403,0.3292805411039582,0.10057454094150071,646921,7
ok,280.9205985704401,195.48721772375987,0.32672724839829476,0.3991465537727391,455997,8
ok,281.02849678520437,287.6036301214455,0.7395378230542485,0.11472501835974792,435091,9
ok,281.3570948512958,312.81038596012445,0.6075625704160399,1.319215627828547,394582,0
ok,281.55972406370137,199.2171316880474,0.6238811525170159,4.136706670753988,376170,1
ok,281.620804236072,130.89379856988774,0.3748975599590868,4.060024191487189,308209,2
ok,281.8212163548425,203.64775902192085,0.01,18.385683841201764,790528,3
ok,281.8643519898172,213.10627861740963,0.5324946255166535,2.5090971160775943,855780,4
ok,281.9882290431152,264.75161628634476,0.466694102567242,11.141022604710589,357811,5
ok,281.99606555226865,217.9594838839277,0.7094643366973163,8.636603028818387,462443,6
ok,282.116104906193,352.41685721426256,0.5259993496807629,2.0239703938058238,836964,7
ok,282.2891755501957,160.99606118582443,0.3040373563369613,4.869079565999349,733206,8
ok,282.52559289203333,327.45142020242565,0.7542109547288083,1.0621155434184482,249623,9
ok,282.86265131901723,165.27485596887564,0.5307271149774223,14.418543767513283,665773,0
ok,282.8760931806474,95.92560553646314,0.5697958705384412,0.1,639259,1
ok,282.89625765341316,298.84272983786997,0.754964137433141,4.6177520828485745,544206,2
ok,283.02973421964475,180.13295231343514,0.5822656882470618,12.40216914903522,151386,3
ok,283.0678416696357,408.989629307016,0.7487317739703174,5.509429633139289,58752,4
ok,283.09712210434265,251.50601147814007,0.5657071902200224,5.780883101970683,358085,5
ok,283.2370381806013,268.4539021878868,0.5304583502997258,4.631352898142959,705728,6
ok,283.3109522045334,144.7799391382634,0.4675611392405903,14.797702314909255,119014,7
ok,283.3236369974815,111.7285679675431,0.7430983559918881,1.5104779014464444,934682,8
ok,283.5481765412409,274.2610017121229,0.17328131143202896,7.884942576178313,537965,9
ok,283.85097523144714,272.9888161217224,0.3337718030464125,7.0913373950166285,180564,0
ok,283.9379165947779,175.12265711634538,0.28907948474968714,0.7409963454691658,569412,1
ok,284.0485606317494,255.69245336785897,0.28388133648353525,3.189583655759357,673966,2
ok,284.35475692027467,210.7592235823487,0.24353539324671253,9.923661324123172,656308,3
ok,285.006522086395,122.3968747810006,0.6738525289648551,2.1447955668319034,511117,4
ok,285.07481830237157,253.61552857546724,0.5387282076841444,8.149674762259036,937864,5
ok,285.07714097141104,162.32041126348835,0.0767685490457044,1.1976592161100545,357548,6
ok,285.080039356838,265.7410596962543,0.7163140952668398,0.5984050147771265,794270,7
ok,285.09738336168283,123.21507821284638,0.3269151973888559,3.113627396695,744936,8
ok,285.16573894930985,343.60809047224984,0.6972218227778435,1.1078308359234181,127383,9
ok,285.25495061577055,39.98882656389827,0.7400390870090551,9.43927689696957,611090,0
ok,285.37168457368097,337.63613434229575,0.52966168386885,2.8546510145176214,22717,1
ok,285.4928507435017,266.3973476814103,0.43782572109302037,14.065489032256572,503584,2
ok,285.51391629964525,283.37683920772264,0.9232597094901343,0.42355430645949843,940893,3
ok,285.91188366522204,169.6400135060453,1.4675532026699267,3.9308871446002525,219376,4
ok,286.0574385417271,109.18295096250752,0.7658086705888676,1.1983338774049836,401854,5
ok,286.17439974855114,245.26516387005165,0.7643998775736283,3.142561667995519,662283,6
ok,286.2146431456293,180.84558326837444,0.3274046345064234,5.892229671676437,874353,7
ok,286.2208376860771,147.97068382518515,0.5190628931847744,0.7600804109777957,999391,8
ok,286.3089170368382,119.61906219678289,0.4348318854353004,12.295739838629807,183198,9
ok,286.36816342692515,224.40350351160524,0.853915569727887,2.8560330411067576,416541,0
ok,286.3825944996589,254.43611224895932,0.7596140441175627,3.064488881077145,751400,1
ok,286.3892073678901,223.29186509470665,0.11615273959668726,3.1626697497279777,238870,2
ok,286.512539610088,250.98760094096787,0.43877805879439385,15.442179138859286,104539,3
rej,286.5806746641902,248.28755799943158,0.8418161137433321,4.243374471149965,260417,4
ok,286.61626605234744,120.52144842258339,0.7370371787837727,11.671366254229714,351912,5
ok,286.93878322971983,206.1229963306552,0.4271281261015449,1.5277325404404158,345032,6
ok,287.0161204816835,258.1246596927706,0.4377376207633759,1.1722776361006075,688511,7
ok,287.0410625102376,203.55462722588368,0.2092075076568719,1.334423342593729,257081,8
ok,287.0924094210264,50.75020723428102,0.30610613167501255,17.796041265631317,822632,9
ok,287.0925808281973,193.72589042315641,0.5480444397515558,1.034390689138951,709673,0
ok,287.1292566480343,122.8235175310604,0.425544388139889,6.490729259857809,483713,1
ok,287.1902256382789,100.22381754885238,0.3764531814722035,1.5057224703238126,779077,2
ok,287.28895258886166,189.3549347176152,0.4922599360678723,1.7982764668211417,494054,3
ok,287.45538443963113,284.6618442633836,0.8101944979511442,0.9365428713745955,387501,4
ok,287.60854541650326,161.19686175095472,0.7450367885184987,2.9932115310676375,516554,5
ok,287.901158036057,266.2307256160272,0.4844854472650905,19.672072849820683,683072,6
ok,287.9655979331024,251.28007339437323,0.5891308640922484,5.765799860989596,810712,7
ok,287.987270092126,125.44323808114075,0.7276565574277184,3.8232057868744547,695392,8
ok,288.04136734238483,230.22934121956897,0.8379180230042859,2.480961442869956,758382,9
ok,288.28404846134464,86.06779884232341,0.29157499261231823,9.577283749434526,982273,0
ok,288.3241538678395,181.94383700051407,0.6188546139238451,1.4758074280861178,203180,1
ok,288.47056347660174,229.31258059000677,0.6717918011841748,0.1397177261166871,452975,2
ok,288.4999131933922,119.61660772945325,0.3105826546986843,12.776739986726868,462007,3
ok,288.72526558880304,120.57953776726758,0.7884353773410719,0.3659807998877803,418232,4
rej,288.74235294843896,272.63248446395625,0.6622952776915849,0.6727581374397019,568353,5
ok,288.76177749856754,261.76529740983574,0.37009337747924065,1.2215885963449915,126259,6
ok,288.76647137729844,364.35378037401597,0.40924382853058755,1.659152667185879,599186,7
ok,288.8436186123456,39.94746121754858,0.4285703094267088,8.320167504167276,511996,8
ok,289.1898827529345,10.0,0.6994480868312435,3.6267789883610617,971789,9
ok,289.3669581994083,55.34793940395937,0.9849373556309771,0.8777022380567333,279400,0
ok,289.4095733270155,224.76856421181938,0.5800956843320247,13.262577410843395,880538,1
ok,289.41185491574885,453.3087956878801,0.30654359651523,0.17118341231588763,131297,2
ok,289.57268600732465,281.6160247488348,0.7686109635197422,11.308070221749285,157161,3
ok,289.6765054816649,172.3279894944241,0.5932860491245069,9.844736227149026,12522,4
ok,289.7332398146123,182.60884621724523,0.8355824765637492,14.073934714593658,394391,5
ok,289.8136422961701,172.72020964135498,0.6111293035020101,5.8033306943821605,434757,6
ok,290.0407440137844,166.74508582214708,0.6659690920114043,2.857263160230723,114265,7
ok,290.1296761483438,85.38859604846468,0.33635670589782046,1.7830875910727548,837821,8
ok,290.22217189679026,236.33472509509318,0.11302113413368886,0.9882477116504349,27497,9
ok,290.2776480339168,146.46424574298396,0.48607219454741024,2.8546648958667826,684092,0
ok,290.3200011900929,172.07864462455805,0.23508771180351123,1.1603459398616758,78209,1
ok,290.42632763294296,164.87224951687978,0.750338226399827,1.4296673152772041,987076,2
ok,290.632433167613,267.7301784767758,0.7945051921408959,2.112890689721808,191853,3
ok,290.7646414951114,287.75308071820086,0.5090618235299279,2.179738139259859,481083,4
ok,290.7923351282777,265.32842236049487,0.5391990067396089,4.881760239669085,803290,5
ok,290.99417453118343,246.09523538378312,0.6573225381039836,0.18948344370111453,395331,6
ok,291.0206531548232,229.7559716776119,0.42685832743637786,3.4138140453009225,699632,7
ok,291.21544159845524,268.9681328007928,0.6098980784895731,1.377757724384263,526427,8
ok,291.3235898113354,336.79465431653557,0.6316912872113709,4.624543649320022,836628,9
ok,291.362581555404,254.897705624322,0.04096030237893672,8.234423838663448,854529,0
ok,291.4752451898121,183.85171787327084,0.038987385096124594,1.4978067487879454,302517,1
ok,291.5656405162097,250.0320171776682,0.46641162023143634,3.751887154600984,962549,2
ok,291.63972121274384,340.82842001175425,0.7734894319596994,8.193745534261298,163065,3
ok,291.7344578651403,103.15720614639987,1.0260604132884046,12.93253107572392,161783,4
rej,291.86393038478985,230.1538296184688,0.6458503624369877,2.891711680096216,550086,5
ok,291.9900825563901,169.5388861841864,0.414042145553301,5.82456288197807,866149,6
ok,291.9937196422954,281.59874332876467,0.7291633287125373,1.6216942564584191,110871,7
ok,292.00871061135393,252.97854500233697,0.2798097208952075,9.332530538505878,992772,8
ok,292.0229296461134,187.31509954616007,0.3797197427270407,4.197863369586589,266955,9
ok,292.1494650284355,236.68191407651813,0.4191318443759704,0.6975240472938744,19699,0
ok,292.4871880454216,237.74658059633452,0.3735728046061616,4.134930154991546,486991,1
ok,292.5594720038235,219.71890245071776,0.11792085379215156,2.280175023290543,415810,2
rej,292.67475653435895,338.99995323758975,0.4268266925556856,1.4368860877815468,850260,3
ok,292.6857291461827,213.80010683491895,0.4747727524133666,4.926024703962318,664585,4
rej,292.7837859389147,128.80572551334626,0.6771869353527727,4.6263704490825575,738913,5
ok,292.86983130434976,219.40469093682165,0.5275332122141994,5.273967400763522,771830,6
ok,293.2029916707727,121.45450991667026,0.47747688123695314,15.84298397617955,831455,7
ok,293.21678754321766,198.13624014243317,0.449979620444873,0.848383033375798,956983,8
ok,293.60768933077856,196.08871086238645,0.48147827690647654,5.675998821492568,239459,9
ok,293.86499634613125,222.003169971989,0.379734319252957,29.37214028229034,563852,0
ok,294.09228682681555,87.4121822658828,0.25843886874685196,2.984675170705514,729292,1
ok,294.09660903830314,161.33801036546424,0.3447076390264529,0.8682869408291588,409775,2
ok,294.34666673345066,56.41440862356771,0.6432873345487691,4.4293185345068515,5582,3
ok,294.445427297974,57.06774156023448,0.41701688231015294,5.889876256981003,570554,4
ok,294.62667120555193,79.4828395821936,0.520234049390588,9.378290837465975,842911,5
ok,294.88056161323215,108.11812530920884,0.6389800163528632,0.5605643987653302,261592,6
ok,294.9041479681791,147.24770524246472,0.5417635722574449,4.470284219002333,443516,7
ok,295.10070417220527,134.24750859929594,0.304617172005604,0.7007135516813994,951316,8
ok,295.15333066567234,243.16733755986894,0.4687396528167282,6.771373127443394,166623,9
ok,295.2141156928851,201.498487338054,0.5645438498700016,1.7302637322767471,694438,0
ok,295.22986721643105,226.37951711405034,0.3925794797203357,1.6746643893421025,187750,1
ok,295.3488668568781,174.62460876464002,0.4860384160302564,3.502347712725065,359111,2
ok,295.35790238869095,121.51656702651891,0.29824158186951555,18.912468927571066,694580,3
ok,295.47517441869996,167.3921330966969,1.125576210753758,0.6142839506031122,250767,4
ok,295.6665187748235,163.20944278023015,0.8149810409549421,5.445586004228216,79751,5
ok,295.86514518012126,281.7503239914554,0.3305680257450928,9.581059497209981,812667,6
ok,295.94147330830884,72.66220764568105,0.42384656959764416,3.5699715330350172,562412,7
ok,295.94726304144996,340.3729874047375,0.4943463885871811,3.6884622210817715,980868,8
ok,296.1018547596639,46.25698538141705,0.5258322323268078,2.2941678817612874,584954,9
ok,296.13034307723615,223.20506805205707,0.4745975968944749,1.7959275405725146,168766,0
ok,296.1919541416166,153.99181192025534,0.30136858926583077,5.569633452974367,184137,1
ok,296.25630944516666,199.97491255095923,0.8294477315325356,2.325610456447828,393932,2
ok,296.2589359048664,193.7104201374923,0.552467514667102,3.431725681284844,613786,3
ok,296.37909109017943,235.7481172847782,0.4681001892720057,0.1416315186343407,22621,4
ok,296.5672528261357,309.75278632083507,0.22202568607181777,2.676034134914546,538043,5
ok,296.6842683154371,290.9562220982879,0.6308498413391406,1.2566623069821223,227397,6
ok,296.8573993508222,240.09460434709197,0.28415798928063485,5.1200984729267525,448187,7
ok,296.8669988255702,290.2047963865737,0.4646090660081334,8.38594225187968,247110,8
ok,296.9025767643607,106.0730017114922,0.7194658067932995,0.16925324210646836,832989,9
ok,296.9730341177474,56.372519766848455,0.6060621623605679,3.921327317420525,42420,0
ok,297.0511831458717,257.3504850938557,0.6939461713269333,9.759314268044758,981238,1
ok,297.12386509599094,284.4488062138321,0.7150348054908299,2.970797690903533,540710,2
rej,297.7012184341149,177.92983160477343,0.49592786881670675,4.123108911172661,759824,3
ok,297.8119324498301,54.85613139539015,0.3687602471542959,2.642818930133547,199480,4
ok,297.83274116417124,47.54641974404447,0.3824760103734712,6.578710289723547,734323,5
ok,297.8936234760739,362.2162982786205,0.8129169806344794,3.5635679434966114,528513,6
ok,297.987147452456,227.7464403313469,0.18218710085841427,4.06017797927637,724161,7
ok,297.9964303944344,171.36872923561197,0.9888485709455435,0.8622363988586448,641589,8
ok,298.03623450654607,211.47364171923772,0.3528393530956947,3.739642950653695,685303,9
ok,298.1873736812537,346.1910941083959,0.6229654561299666,0.10218848591855578,562827,0
ok,298.27633297336416,208.48242718263518,0.7758419392317866,4.163095243418601,80971,1
ok,298.7145158076722,345.19841308916574,0.6726835145866301,2.6990790039584382,259958,2
ok,299.26269167566,260.7332724278354,0.33593925897655486,23.771906791433025,417504,3
ok,299.3176920280632,257.4538718583881,0.4751003457768123,3.071362062090442,817340,4
ok,299.5366191418856,155.02920934357576,0.5737623542935238,3.406896290616317,487532,5
ok,299.6720667048558,201.92906824537693,0.8733808739289708,4.585781194239177,124878,6
ok,299.95498517139345,311.93738935191766,0.5078065260688929,6.837033390479536,594555,7
ok,299.9551246372116,130.54015070453283,0.807600568779929,7.464027416455339,675165,8
ok,299.9859712041177,307.1867994526228,0.3959675141966746,1.8684635930146418,50695,9
