status,arrival,req_ram,req_cpu,dur,client,vm
ok,0.09948431352038875,259.3273392647329,0.8105827443825633,3.9360057615863537,885440,0
ok,0.16836537490732617,132.58207569365703,0.8939848895739789,11.117622065163284,403958,1
ok,0.5827293976640529,301.2894823886223,0.39882469204789767,3.763370547682942,794772,2
ok,0.6876585035064057,238.7449723296532,0.6158280957413457,10.201571404727755,933488,3
ok,1.1683112332772618,185.47339418150432,0.7820409262262429,7.582679884400758,441001,4
ok,1.1840455347560797,123.13963106129695,0.5753853949990566,14.472102248457631,42450,5
ok,1.276273944544962,74.92026479200463,0.3866604759136085,7.441274193633674,271493,6
ok,1.3524092465828477,173.35540788469405,0.5094729634580599,4.8069046459742975,536110,7
ok,1.47078383131332,245.31520304234544,0.5298530183424669,5.725694793251881,509532,8
ok,1.5264736429047248,342.9987236450402,0.38609654722185144,0.3105764796265785,424604,9
ok,1.6638377029119797,113.13595236194976,0.6279471989870946,0.6901434381622515,962838,0
ok,1.7112079486790392,279.6569078917646,0.11335904411857678,2.8866215546479808,821872,1
ok,2.2680201212551707,188.84208300082622,0.4618688041574717,0.8795677671730145,870163,2
ok,2.4003629618684728,181.92482754468568,0.16908584669755455,1.401385068514319,318046,3
ok,2.422003893465124,224.90908026214325,0.3447959066152918,0.7435613569414551,499748,4
ok,2.449363968803254,289.5769569751168,0.40841551591921943,0.5107244333228212,375441,5
ok,2.67684133435263,234.031471877572,0.49440576330604397,4.6423925064171785,611720,6
ok,2.84487199243847,170.85325504525503,0.3642445221090438,0.6319432085955144,934973,7
ok,2.8927096121631726,145.99825347500783,0.47344314877599225,5.895947635651707,952225,8
ok,2.997221805317001,213.68003505326357,0.1548657296825271,0.4932515684012525,229053,9
ok,3.104458760565181,183.48632461396167,0.5976852934905227,5.5042296063008065,529202,0
ok,3.122125099817585,120.72773742739331,0.7035760099434569,1.011752183900275,146039,1
ok,3.2325162306037853,274.0200601400265,0.31904276836627277,16.375715915212474,295528,2
ok,3.2682688527947157,347.4953224022367,0.8051014477325128,4.246104108023092,146534,3
ok,3.299821352225635,194.35542166531002,0.620831941423275,9.36729960631571,792518,4
ok,3.450101172232582,272.6015693685471,0.38283542506812923,2.5250937553900283,99437,5
ok,3.7162885928229734,277.8878969824918,0.5414565544869528,5.89691464486534,648406,6
ok,3.8777772506931334,248.5111200593429,0.5003521681428542,5.163985091276148,838234,7
ok,3.9467017504602,180.7141127632071,0.5106689814038405,1.7946360825398522,262674,8
ok,4.081616774968055,267.01758121159423,0.20197771752699506,2.799805370974768,953938,9
ok,4.099813521644229,248.3657821464067,0.15138835381540355,4.468645370636513,558433,0
ok,4.206573486553672,303.3102336444526,0.7601392543004899,2.823052513958459,739426,1
ok,4.490152732692092,122.87493129267342,0.10184423599995146,11.124573138889417,849574,2
ok,4.695264928158642,153.13478540642438,0.5597544076723838,12.59641069775272,631140,3
ok,4.851840869283468,196.34015207203024,0.5099796828475196,4.7798320782443495,945989,4
ok,4.868363833049401,228.83418136912155,0.5816296238593196,4.20940474241238,154100,5
ok,4.933722586715363,215.42886905676278,0.4158270359155424,3.0214953814842094,325213,6
ok,5.093764359638933,307.5163535667946,0.33635580773426166,0.9414748744947767,103560,7
ok,5.185780747967633,147.11166145473203,0.2639617968748167,13.16109436881733,765284,8
ok,5.338130349477788,295.78575845142086,0.8766707715830621,1.3583403941111325,77324,9
ok,5.678298874190463,257.137905630374,0.956866670894069,4.456892867594094,942500,0
ok,5.842022047105741,129.810934256645,0.17578250070575852,1.177622834853615,891786,1
ok,5.867776053237645,75.51810578437541,0.4891070312437491,1.467538252948841,717209,2
ok,5.875248673317987,55.09769672655631,0.37376495645043195,5.959290569052608,346236,3
ok,5.934550710019565,215.63994682202622,0.40567913329043476,3.0229061378470283,495077,4
ok,6.03069068581136,252.09674766738826,0.27390071009955425,1.5280245002078274,587007,5
ok,6.033299087464083,137.81226753903056,0.7231876908246158,2.4181919613626595,105592,6
ok,6.144236827350295,233.95299670626517,0.7178618090209228,10.304106121944407,370977,7
ok,6.1841836594743915,156.02752792961417,0.6042251479017874,15.265923214708499,455262,8
ok,6.329572821343189,126.81957359209125,0.6716475570709514,1.1996176129242877,331556,9
ok,6.420851280168347,47.953259100535945,0.27248416059377245,3.1141465637471417,640561,0
ok,6.461503282051437,283.8385779754696,0.5499915081638076,0.6251629411680761,671532,1
ok,6.55256876135966,232.25485452439648,0.363188149596799,2.5213996582016045,957361,2
ok,6.656741042638744,173.43756828274363,0.4407799194192912,3.3477029156355504,214410,3
ok,6.71167296699714,231.38464445246996,0.5483269613109882,0.435542920072317,579363,4
ok,6.812096936902507,239.42075131326376,0.5180225581967616,1.727597890883117,500181,5
ok,6.846537929479774,216.56604592436864,0.6046926054378563,7.689143613013771,464197,6
ok,6.887901664890645,146.17721724490934,0.5266648994995564,3.3240387716900868,907343,7
ok,7.362154662608262,171.82013552618483,0.6638933216745807,16.294604478949804,546678,8
ok,7.395101801868874,241.75901836843178,0.7394519729715943,10.368807185302519,273145,9
ok,7.438445964925855,228.31080091801732,0.7095170674835628,0.1,65304,0
ok,7.491762942616117,166.08830131193997,0.01,5.100935438557653,844132,1
ok,7.549236857943558,218.28656088183234,0.4484672481226447,1.052666429289596,963080,2
ok,7.6387425227440415,179.0662346406121,0.4641240614233467,9.909451825625172,575352,3
ok,8.089860142988474,144.57835387399447,0.7275653731260902,0.4228974457079073,960489,4
ok,8.155231100471553,160.15415179137392,0.4274217772272567,0.27453688549785366,14723,5
ok,8.31687458106532,221.11682471646338,0.3740716181821975,1.4076200935785481,97802,6
ok,8.385081796469407,288.60997424599447,0.5352477504632253,6.49222815708061,754665,7
ok,8.424476800345923,114.97640633755766,0.32271874640656983,3.0453223018485973,880899,8
ok,8.568194474471166,112.87724518103064,0.6968234586205526,2.3895899740904603,418196,9
ok,8.593176416544166,280.7395624731645,0.6426779141039076,7.512064056435634,744754,0
ok,8.630717051371898,299.1216783205149,0.14303922264965618,1.5929192770898812,864912,1
ok,8.688640804641892,185.2519538687176,0.2217613769386857,0.22819026805322828,823182,2
ok,8.88969303660714,202.90077933548727,0.33711888772836673,1.8322564535018235,700609,3
ok,8.997401473030989,209.26845583144595,0.5731302891418726,0.1800141464258402,655638,4
ok,9.067754623248208,448.12244672773204,0.6717508305983836,5.7189768728772075,1198,5
ok,9.108400982633581,177.4291886716865,0.3048690668655256,15.664146970149456,641620,6
ok,9.134299130241018,207.85493526681998,0.6810979906379022,3.0524142231394693,517553,7
ok,9.401476836523504,339.443097605546,0.43562416182326885,2.546012389760037,868287,8
ok,9.694460539088233,289.4398885915921,0.7128499365880364,1.9854047794015424,909747,9
ok,9.871183453469753,96.50925767247672,0.6354053623059698,0.874975241524331,349317,0
ok,10.070127968656687,195.86422103243493,0.6134112744068404,4.47000704049376,255759,1
ok,10.313875083220509,249.54414130429444,0.4882748009668472,4.2871755696420575,765752,2
ok,10.528758747850773,231.88685814662773,0.2893651240105837,2.541097269059306,341001,3
ok,10.536854459821358,74.03342825432757,0.4008623605026336,9.453645862780519,737822,4
ok,10.541088441751457,190.59401656132718,0.5746240321478551,2.2057740582389758,912755,5
ok,10.543146351983834,169.1176983176938,0.25388137666389576,13.245941587231453,66043,6
ok,10.556262945965349,43.33827123958147,0.3964074627734944,1.3246746693568276,200348,7
ok,10.675403263162883,142.43786675367608,0.4762767765124571,1.4513670570019979,961564,8
ok,10.706647115788366,154.11648627791462,0.423264562831109,0.1,595078,9
ok,10.721986492308826,223.33072321072441,0.514571396567488,23.201397623842848,232473,0
ok,10.787740342021259,234.2464760845581,0.29204242928921553,3.369717256452031,250206,1
ok,11.356218353127128,121.3840255745883,0.33916805681162954,5.431016570216467,842368,2
ok,11.39152419240317,217.40204356282766,0.9168883381696431,2.7590106201694127,149416,3
ok,11.492646653555635,280.4858337425302,0.2925770260950492,2.6794939693534676,842194,4
ok,11.548539141608101,286.2863281170921,0.39625318689878825,21.16507803614877,569366,5
ok,11.982646108887229,177.47789195546798,0.6120738664402761,24.14860076325072,469730,6
ok,12.018509745473008,260.41671850524096,0.2878218286658166,0.3006418819172262,95646,7
ok,12.182505128948788,171.8712253139541,0.617959827756724,2.3825791066925643,84353,8
ok,12.241114898466504,133.8831103461256,0.6568417252468333,0.9428236186210794,335601,9
ok,12.315683638207174,268.5546540415153,0.4012011308236137,1.3573498483793944,917595,0
ok,12.40292583209016,212.9591612147054,0.6070076634898501,10.097922512838075,532614,1
ok,12.755039789652367,266.4470887892484,0.7087259177602336,17.204719555422344,978147,2
ok,13.403181002114598,139.1242163718946,0.4829137364821809,1.7321666399458442,513054,3
ok,13.423842629077715,117.355702914218,0.453762658084005,4.633192984431422,114355,4
ok,13.484164531101458,61.96914227553495,0.5718499177284261,4.485265079888126,316089,5
ok,13.768003296470338,296.9090805808156,0.06611536143149577,1.5848868846217607,578045,6
ok,13.843976392681967,83.05075755665337,0.3857795829218213,3.5247466014019864,305230,7
ok,13.890428362115161,235.89751056862045,0.043687265399868114,6.943386448782217,740883,8
ok,13.941144154729335,124.70223179736936,0.47435406060103247,2.1422051409883127,130873,9
ok,14.109575256837235,281.7842562466699,0.8015751831136213,6.19849048179235,574033,0
ok,14.138239904048362,302.8778048881289,0.2689865938972361,10.569534041671409,348914,1
ok,14.236309491083043,243.19619457333943,0.049747762524002814,12.762382356489027,854030,2
ok,14.24802891466491,172.51061949900932,0.486411293634393,2.0973966332790948,967048,3
ok,14.369712981794185,128.5062550110335,0.36395127450887976,0.614812818880587,566528,4
ok,14.477302319426288,285.46077522216603,0.7426175212094804,14.866041343277722,213072,5
ok,14.47764067869804,291.5775041906043,0.8356808897413484,4.442643563558801,838260,6
ok,14.888971801455817,203.41227814926353,0.7728503474459917,2.0320643073987696,632485,7
ok,15.084553870212998,189.65465441046655,0.32029211744156816,3.6693498017902835,573812,8
ok,15.23255733761902,188.335419792535,0.4561771097643105,2.6407199797698313,616161,9
ok,15.354593840520412,221.58614355848468,0.6757397191731114,0.7162435282524602,301630,0
ok,15.847276172245222,200.6373018919858,0.7177145838217105,12.777588693483255,466604,1
ok,15.944718050904227,241.52839351586408,0.47454311003945565,1.7835812916460114,96083,2
ok,15.96658183353974,189.03839961060424,0.6974848990254441,11.923076900503933,625252,3
ok,15.9884103072218,142.51602545389613,0.8876069961353248,0.3978507623074141,836695,4
ok,16.137441837400768,219.09231913241635,0.5811284872237061,11.416969989391282,403598,5
ok,16.277006660863165,47.53302336592927,0.5564088653813296,30.97954836509791,332447,6
ok,16.333220832135407,16.98880592339276,0.38970517496146767,19.44322441260423,603613,7
ok,16.35721556964105,296.6096532023094,0.26964038678384117,0.32646799515843405,253867,8
ok,16.474038120639527,54.658186711462264,0.4623970201880081,1.3617561692256492,304432,9
ok,16.564363400561835,143.39875299865756,0.07017910872499572,2.058502904856593,192800,0
ok,17.004757308321302,281.0172014950615,0.1515325760021362,5.381952242056229,198591,1
ok,17.068040302816037,268.1545581760575,0.7741964329799179,8.384673711875774,861370,2
ok,17.535433874873974,221.92596255883132,0.5807618057890209,5.990756872522562,195800,3
ok,17.586523580673294,167.82201462851867,0.19339689749994515,3.6906837538394655,34574,4
ok,17.771920256772734,216.523987851761,0.3190010907261209,6.840270139364426,642539,5
ok,18.007528330803748,67.63270188233437,0.22291397615484904,0.7997210974755703,688557,6
ok,18.151900147134935,271.4621086171182,0.5773522329391286,0.5115923745052473,272688,7
ok,18.23798900354586,80.47411851534932,0.5937478536659182,0.9257802877666542,499678,8
ok,18.48337941654173,196.2845181584291,0.360423251659325,0.6155522631968062,72441,9
ok,18.559723689164713,195.7652972367406,0.5666011483812079,9.728922897357373,94187,0
ok,18.57532212911266,148.08145896791393,0.19138871325764767,2.552562863935566,711693,1
ok,18.714430103700987,303.38679701654934,0.3122476185764035,5.0969759055098285,794405,2
ok,18.77810866731893,358.03134273950934,0.26459758920721754,0.3630802980541088,136550,3
ok,18.994141091110905,302.8902969098577,0.6743546980881214,3.849309671826258,919360,4
ok,19.008774846081415,70.42869235323306,0.17491478237798613,1.9359873359405109,156814,5
ok,19.012575845751112,158.84436016658256,0.5625574144789882,4.660933696108281,968235,6
ok,19.164420310724587,232.171985245193,0.5236111116652615,0.5451593178843457,40518,7
ok,19.416753282801814,202.8354217711387,0.4044197808650138,2.5896172520574927,883383,8
ok,19.509593752889348,108.07009958025515,0.3998058427876038,0.1,84146,9
ok,19.60085900666926,168.92643376240858,0.7100283913863608,1.2606983879093105,941802,0
ok,19.61135401177449,197.43444902283895,0.49045322688589216,0.5268806951302145,733293,1
ok,19.649846360850518,185.17362906453616,0.5390840451519743,4.1012950374951265,967922,2
ok,19.83544812104672,104.9486141269327,0.4701171435520305,1.1131942817214373,869647,3
ok,19.906369136141603,28.958612051393857,0.5801874197663532,7.604379530170479,566860,4
ok,20.080167802328553,181.32615344834767,0.6719490627563407,10.53396072858878,716700,5
ok,20.226882518234454,201.43507641515748,0.04290401761517493,2.361143756528252,410303,6
ok,20.283631449336394,197.68435773720057,0.15651350570878741,5.724432238016865,878565,7
ok,20.324233550042823,117.71784550857788,0.51310716196111,0.8708461089390964,739543,8
ok,20.3302257001046,232.83762323498968,0.2662139288670652,0.42435706275658797,550055,9
ok,20.59724994342179,46.847389927165494,0.5146471138315909,3.9869923670009704,289023,0
ok,20.931128060188005,61.02120582471261,0.5309867554881765,10.494091896490618,547136,1
ok,20.98926377762968,266.5903013135927,0.4156588243106292,3.0670903062484562,851054,2
ok,21.062769254632553,263.656492494197,0.4314830941346138,14.504545328814771,246941,3
ok,21.664606504375797,229.4773525923137,0.48051399204288014,7.848191873364901,890750,4
ok,21.805363104661897,138.11305840189624,0.36079691247988815,0.9078961090912442,225654,5
ok,22.12546234667764,167.01148480104303,0.1379386059449692,3.4056764056276645,938516,6
ok,22.313693740236424,194.24143697604686,0.513730595659151,2.783513327845139,712480,7
ok,22.54501694263842,161.64136594421944,0.33170866573986135,0.3917489981247805,618451,8
ok,22.614116858619347,213.0711841077532,0.3120389132517989,1.4155091543632878,865351,9
ok,22.72754347360666,186.8596447291823,0.6313273353743093,1.3865376670212382,995900,0
ok,22.763570119097576,154.0136765758686,0.4958496830904512,5.10416216530376,439797,1
ok,22.829165174664883,294.9134654166305,0.40597055173312413,6.172769377678462,607854,2
ok,23.214964824405158,260.78589724563824,0.44340113019684096,7.3476665587862335,288579,3
ok,23.270248723818437,82.51548311150711,0.6690134105941219,10.373261823580549,472449,4
ok,23.28515683192932,153.26476231288683,0.39399952629285145,2.5794086082707395,516586,5
ok,23.45608254694625,87.97904742786385,1.1114648667255458,0.1,692317,6
ok,23.52534306383972,226.04320245350377,0.5770259482863331,0.8666875936065421,672343,7
ok,23.64167725932344,227.36460102153634,0.384622575302595,5.073133738400134,734239,8
ok,23.8505505805764,268.8129586154774,0.4914513354446048,0.25304104970717534,961482,9
ok,23.893871456683115,149.84160735150897,0.8293011599345671,0.9494588188358677,831861,0
ok,23.908047047067836,190.93796464473763,0.7676896099586177,10.69738774038367,374727,1
ok,24.07324581049339,59.21382242315917,0.24880614387548217,3.6246171681546615,86374,2
ok,24.348091478295004,240.6779191132584,0.5470667337643125,6.197235883670913,340079,3
ok,24.37244224121008,108.41547466147246,0.48950825897547956,2.2235922800188956,642549,4
ok,24.718252252339703,183.71917146594512,0.5793385203587438,2.074782880833804,120952,5
ok,24.832855132821614,245.477297004677,0.4260167852363317,3.385308557981219,510073,6
ok,25.119386334177392,211.19193973465053,0.23065374026101076,1.9746264827588023,615592,7
ok,25.16696019571978,33.42962008060556,0.16944160902715166,2.2107508551948656,660757,8
ok,25.475055221090376,273.63221655394443,0.6874759796543594,1.7118420719652878,351556,9
ok,25.582812925331716,252.89741975223853,0.624901495795864,2.1120172317682067,886128,0
ok,25.766997648028134,147.74987954036078,0.5859533299038862,10.047543054084429,199626,1
ok,25.83977027953727,10.0,0.34771973368907394,4.194866380999549,254841,2
ok,25.96110349661382,289.0558684952937,0.4988950012548162,4.940743289036315,16996,3
ok,26.02525454358575,302.58979348779894,0.4312619552511104,2.140025755562294,767022,4
ok,26.054950236690807,119.82534234362444,0.39779829566056935,0.615916843351867,284203,5
ok,26.34260691295053,42.27105881421596,0.6985489536897338,2.0953540614630453,122824,6
ok,26.519631099376255,287.88373363159155,0.2410357333300615,3.6420698723888814,739595,7
ok,26.602571308390303,209.92090223323171,0.6820791657640298,8.768320109611107,231169,8
ok,26.764205300604548,215.94715029777856,0.47200101308018155,0.2193633750091277,390133,9
ok,26.814839455180962,195.4252239846277,0.31246764823105866,8.57461539790722,833180,0
ok,26.85910055576669,164.79109640783807,0.3189774214097798,8.40682207264101,178763,1
ok,26.878009237264948,136.16603007241326,0.8133457884226272,1.861408905759636,348689,2
ok,27.036518227390765,298.65829831493846,0.32238567302876053,8.442389238356068,446830,3
ok,27.0672019130008,130.65683453987205,0.38676186512881616,2.1194616796259726,855546,4
ok,27.148957358778983,293.7213012753358,0.5146939747288638,11.011342278368303,65213,5
ok,27.180031674155448,130.99400844849865,0.5545710327144637,3.0714014518945576,105494,6
ok,27.22866918116888,184.89824823390865,0.1022050625628031,6.54347568368689,821159,7
ok,27.23763070833062,228.48044756435698,0.6149743704218242,0.9709549363746504,153467,8
ok,27.587571052576514,202.78568080246387,0.5000879528786253,1.098618741938292,896870,9
ok,27.68326111133255,118.63623370220999,0.2821258327255032,4.470999955286956,731560,0
ok,28.001692513347805,249.91203551238297,0.6700929406340261,4.095522724607421,229400,1
ok,28.32105260884465,286.23259808612124,0.49559497693789656,8.978284588412858,47431,2
ok,28.35112623710097,111.62508003205907,0.355255727051469,3.5348408444824186,856812,3
ok,28.518006622351216,202.76040068412073,0.31393925051389726,13.93644292432366,601742,4
ok,28.550457694992556,271.11840896036534,0.8390923665669106,0.1,665013,5
ok,28.63119919028778,204.42774867839688,0.7092015936137187,0.15570466462998878,954220,6
ok,28.662966178531434,208.13135853919647,0.6120326685776961,0.5684901470359993,982012,7
ok,28.705345907047825,168.6376458950699,0.4929137020479922,2.6518732818170716,560147,8
ok,28.78938135918632,240.89754807313818,0.20433594740005107,6.996697796452925,631421,9
ok,28.823002675336113,320.96579602010837,0.7609964939737023,14.834781619263184,713649,0
ok,29.011293008879495,197.35703897079205,0.7402542205990021,1.0249748566108312,77591,1
ok,29.695832831353652,193.31164573239857,0.2828690297008639,0.35261180588372687,27993,2
ok,30.055800814710075,98.51864072253932,0.34505456653935457,1.5414877569637462,130488,3
ok,30.072820387053767,108.18926775895478,0.5165386178590082,1.904330791374618,665845,4
ok,30.19599416718877,352.08411104827985,0.3253364552330175,9.594987004731772,197678,5
ok,30.276616147264725,199.125209490598,0.4345149223944846,1.4793360307142878,635791,6
ok,30.493574701385253,139.82930299730145,0.28772788457717857,7.832549031083302,870408,7
ok,30.65054580935577,342.2013748074984,0.6006958248896408,2.711898488503699,603930,8
ok,30.651211333858964,200.55356446451995,0.4397385588415884,0.43482587057044564,125509,9
ok,30.657764586367442,192.23138880659698,0.538695725685303,1.028345629366551,410212,0
ok,30.804772051048154,175.09576100562535,0.3965377297526576,18.463369261140016,95978,1
ok,30.932292059394044,10.0,0.5994626542153215,7.447196772840562,388119,2
ok,30.95128416623883,162.79839624097542,0.523939442807584,6.034145221621895,874349,3
ok,31.256924266098817,25.83871357480419,0.5734071078198973,0.6407429296706464,121683,4
ok,31.432685952761748,207.52914849900841,0.5764076640634246,4.019712847573687,38159,5
ok,31.47654916104378,188.5593143532763,0.5524509731834994,8.805567840464274,634917,6
ok,32.0024212537439,208.04451369725297,0.8001313526080265,0.34179177766501584,22687,7
ok,32.08235162801072,89.33205018460002,0.44252189818378096,2.754659829721857,204043,8
ok,32.137700367859,183.02691891228247,0.2565786399112938,1.5244799697066955,193957,9
ok,32.22998476063641,217.4816306614956,0.7629528237266424,9.546252405694572,752996,0
ok,32.64006228832365,222.5758059806738,0.3319832686306012,31.058065279362555,129913,1
ok,33.19176917961572,121.6023205064572,0.5544404389282582,4.37565794286103,502512,2
ok,33.1920275258498,291.95524985077213,0.21833464135091957,1.6484926129749675,220805,3
ok,33.56116404651818,128.32583571524782,0.7404148411948109,7.8453542152118585,762477,4
ok,33.575473387665426,92.92731541120668,0.3966064393575655,5.7557388334853945,839643,5
ok,33.58898367606942,77.61047993567387,0.3589327989423198,3.529570857562565,64052,6
ok,33.642811865303344,97.9097746167462,0.6269236951305578,1.5647192647758847,982483,7
ok,33.84415145876748,191.99837957660404,0.5496768811518626,8.766693563497197,712347,8
ok,33.857877038840094,305.97824326122645,0.6414075025530985,0.8478831655509251,23889,9
ok,33.92726829413688,204.12776055372174,0.44510198929955863,2.859353851737164,570672,0
ok,34.12763148655399,182.55864930608786,0.5919314235043259,2.4584176837512843,446293,1
ok,34.210889174618714,220.21882967226202,0.5092089762164085,5.975565023093031,650746,2
ok,34.272583730081166,233.15942877878237,0.3628361405293965,12.977740444539235,106430,3
ok,34.409162104571855,93.07094402289009,0.43166554461325773,2.290180214695437,876507,4
ok,34.56255526146352,247.27242420602414,0.541292283485772,10.081804676144557,272545,5
ok,34.774260156836405,180.44740831983202,0.5899225224554514,2.306397299718517,73404,6
ok,34.83399324341854,352.71215542773035,0.6371958872090995,1.6893828925219392,231556,7
ok,34.83645003778661,70.41975061117358,0.32949483606028357,14.252510806974122,75467,8
ok,35.11040324347971,230.93839238668033,0.6821478850494614,2.110176935324014,678350,9
ok,35.209897465566115,239.4211281330594,0.6013909459337096,0.26177091006389547,315685,0
ok,35.333223442317866,96.93737725750267,0.5019142580717064,0.8030680681057192,367309,1
ok,35.51871687207542,224.98679161176932,0.5087548014403088,20.156222738543008,457251,2
ok,36.133138081899666,179.03846679678227,0.17967802334502858,7.081841530050694,189077,3
ok,36.16159808071332,95.82112298267639,0.5549700577677117,0.5531837564889152,64007,4
ok,36.17708937203829,346.8241007515872,0.33201202848373873,2.5682161558477374,528101,5
ok,36.18830187289664,189.90974633656606,0.4502826870195364,0.9275091859060809,489822,6
ok,36.60769242618121,228.97212477722732,0.41730078560216594,4.410750339979208,41291,7
ok,36.71298156595374,238.4551436243142,0.5024618589788779,2.26156340549771,625459,8
ok,36.90682802621525,30.1639441652095,0.7249512105449898,15.557504194993657,105823,9
ok,37.020839212823056,183.12441566807115,0.30502859061433796,7.606716870747796,733293,0
ok,37.168757187464955,184.18788870967535,0.5683977647585114,7.098091770911045,410282,1
ok,37.2457515710531,245.03359993207846,0.5182119331618602,19.38480463450618,209039,2
ok,37.49294431459993,265.95090709000357,0.4400783154208498,5.0889764791884815,272769,3
ok,37.563208473333994,319.50834235825226,0.5021981531622566,6.892083345740499,375972,4
ok,37.76043111800029,276.16320627404895,0.37381052498471684,3.9797363120410307,948330,5
ok,37.84057785528403,175.62108153320736,0.38337307520778646,20.36980168450471,767136,6
ok,37.85939377121483,169.63483924274348,0.47135535318449934,2.0118660669193984,493057,7
ok,37.907661574848944,177.34512993907606,0.48602804897031865,8.890203437451351,879049,8
ok,38.042710062065645,156.01584335331546,0.15005744507673202,7.9348737154546924,946134,9
ok,38.18416981870826,213.20645495391227,0.6193375557445834,0.5146515853588569,963098,0
ok,38.453829381581194,260.86260798369204,0.6932962706096476,0.276155435864501,597445,1
ok,38.51689812303331,230.924133798415,0.4201294318974006,6.028682173338044,177654,2
ok,38.78517872167896,282.42737851395236,0.3994118892218659,10.05460627867584,731588,3
ok,39.190103496190986,179.51957370796808,0.608541688727785,4.082084459513197,705314,4
ok,39.69540472177305,333.6849485168276,0.2994148984663538,2.56146319346511,213295,5
ok,39.8781368880847,72.81692223331783,0.5335729030625254,1.5825076356986303,804623,6
ok,39.91544761811767,348.90017789374826,0.5592121405188684,14.907164990484347,60870,7
ok,40.063504587779015,154.25548275706024,0.5971311202393639,2.3425247641708626,826957,8
ok,40.13026215131438,109.03436546488427,0.7076620456393568,1.8069439075988658,709048,9
ok,40.18524770726012,225.94173107304027,0.7593685980484695,0.39130674194324877,165893,0
ok,40.195432333567474,304.31259630456594,0.3740918628958225,5.834724816215269,886491,1
ok,40.34929996472533,138.4750400433357,0.6930972299075644,3.9732012769985374,169821,2
ok,40.4472804431988,270.6809406024098,0.36623883298319493,5.393615215664966,358940,3
ok,40.55578882911697,179.48156662970717,0.5315863961499845,3.6296299248761565,555193,4
ok,40.586824189584604,275.5354524283388,0.2888347783785219,0.1532898128187971,262864,5
ok,40.84508500723877,210.21320795730225,0.01,3.883165319173531,122906,6
ok,40.974731493521936,141.20063366230085,0.4428271139326688,1.9164070058300764,625781,7
ok,40.99774320198228,49.784182879455386,0.6158436552852926,15.858432086301777,966177,8
ok,41.419444424798165,316.8280756961092,0.7986042940978896,21.126333233278153,463799,9
ok,41.69230397080964,139.38695723291045,0.715475952080481,2.2748975187794196,697938,0
ok,41.72039500374822,222.1092332244266,0.49855136980390424,12.16067656288107,183311,1
ok,41.73613993939477,87.29310863792392,0.5349331911088296,5.59897436297803,13845,2
ok,41.86532139552152,171.51193460266882,0.38804013722982494,0.30979173958323736,494535,3
ok,41.8947646122417,178.69400920426352,0.43615532317675326,5.783333718962429,714374,4
ok,41.90111046824126,107.8292460154092,0.2899432381977953,1.472283410713404,429816,5
ok,42.07466587850717,200.44108281479745,0.5161626483902811,14.43015059458157,943821,6
ok,42.13781484237914,183.284756914331,0.31983244300001995,1.7557921781211783,596757,7
ok,42.222820752963834,159.0888328560019,0.9123797345854042,13.67920239853195,917299,8
ok,42.492918279882495,192.23602544788778,0.8800619452756199,0.7060167739886002,533305,9
ok,42.55615087327641,116.21863646178537,0.6990223964051885,0.5490077989129397,962080,0
ok,42.854258821760986,266.4299009312193,0.8011722559200513,7.863093325756982,326574,1
ok,43.07997543045344,283.11780460309126,0.49098311823044943,12.40969592740937,680456,2
ok,43.1195801546607,247.13386144017787,0.9766986337122012,3.860365168218051,374500,3
ok,43.4664803592059,192.46720604923206,0.6834655745364964,8.50374524490752,407520,4
ok,43.64967298767742,106.08328625697322,0.7318320421191487,1.093585511434052,878351,5
ok,43.78883583235809,135.4748168910148,0.9032426834882668,11.418215901943483,689560,6
ok,43.83731469547443,333.4611538160259,0.01,0.7566704586887741,263121,7
ok,43.993301930685895,209.20795412891707,0.5628681406630976,16.649095511290657,160864,8
ok,44.088077801265676,159.99282479617636,0.7405703423914612,2.183378395468215,587831,9
ok,44.147483532902,101.27549119373639,0.777218267868305,11.531331883269702,724380,0
ok,44.65883885843329,176.44599127756723,0.19868487086852665,9.069729856319205,13040,1
ok,44.690189183247696,262.2933504553036,0.497805203333091,5.501288810386336,480199,2
ok,44.89017403887587,229.44539437904356,0.5078129156335286,4.441701970376194,777597,3
ok,44.89599639644651,167.48401291289696,0.24218309304201424,4.597443857953314,82914,4
ok,45.080759706805125,331.2579582133068,0.36422653399240446,7.800132637480905,352234,5
ok,45.12846488859195,211.87725509559553,0.7022433914979624,6.766292658646411,774914,6
ok,45.31247042078291,38.70989168586729,0.8281326667746576,12.8300860133198,47916,7
ok,45.32635009202479,198.6456613510573,0.3402678294974869,6.321436854002629,570760,8
ok,45.49384876217952,198.69385119573047,0.10556026853906125,6.049715672253232,294527,9
ok,45.51247462634175,193.0812943464594,0.2207989181633812,1.7708603843800206,141387,0
ok,45.76054492162469,57.271601657678104,0.7034268345457431,9.446851312020701,251794,1
ok,45.96481149335807,119.17038929107717,0.45359446823137,9.18297592105636,799189,2
ok,45.972513731206774,251.12389706553057,0.45440775117978244,16.191118142312156,999428,3
ok,46.10041633045209,185.03749760041325,0.5154227876025077,3.612677499894903,505232,4
ok,46.19936285542931,156.72558487053251,0.4599009276672221,1.2997353394208475,369335,5
ok,46.25475559982178,359.47428725057654,0.21561756425018236,6.4077174928820755,639773,6
ok,46.302528848760126,258.7497425671033,0.7749963064251968,7.343795445610223,301861,7
ok,46.48565245729619,235.32272072374911,0.6429168373364927,19.318764644504913,706114,8
ok,46.772015676767694,334.82276913232204,0.8315493823845739,0.1743396113701223,376649,9
ok,47.58703661357249,231.2868929569566,0.3801021761983816,8.602271828536367,618951,0
ok,47.64539857741249,175.2993155105412,0.8242447857866353,6.253885490728934,992902,1
ok,47.95413750596464,65.72446575823122,0.34765801166917876,14.32898449704645,935270,2
ok,48.53820750340106,245.98818893882853,0.27927270579270913,0.5630184979812598,664532,3
ok,48.66976212588205,241.9969607230716,0.6862638084421301,2.700698415834818,895247,4
ok,48.730136352485566,316.2106428786122,0.15388303586769791,10.667050797674422,651246,5
ok,49.060887306091466,189.45003266022414,0.4666491447436247,2.12788866840439,138773,6
ok,49.149174383843054,311.07791996698,0.654865020523213,11.041447201232746,750381,7
ok,49.71391591476759,275.14390098967135,0.5885851791277613,7.526264492845062,325370,8
ok,49.759852578268934,372.4290231127882,0.3819140431423428,0.5366470774845858,406865,9
ok,49.899580840629646,157.27452223651787,0.6024448405975896,2.681787827494273,784844,0
ok,49.99132307870946,311.5511917381321,0.45517471729590125,16.16010904449662,434548,1
ok,50.19185025160723,169.73828304085689,0.4132351517252361,3.7572207921972818,869167,2
ok,50.33107482176848,245.71171868860938,0.4926219378774265,1.3741077565505737,682447,3
ok,50.51111069699382,214.16744758701682,0.7112479962041511,3.0460756337636443,84644,4
ok,50.624460329082076,328.34421619024107,0.08614732899006006,2.6972740469471552,1598,5
ok,50.68841142668754,153.9644027625956,0.5552187039336685,0.9108602762222661,623459,6
ok,50.92655416242546,139.59424331320366,0.687313103677111,2.36820263506683,201651,7
rej,51.25206021837899,233.869408663124,0.7355364259220696,1.2518683612437411,732517,8
ok,51.257717839503044,347.8936661052535,0.3527675154345544,8.815291304663406,350645,9
ok,51.49711900447223,115.25028268973622,0.3904746281147289,8.122132875645912,167855,0
ok,51.67945873062812,229.54379037697447,0.5025744696091545,0.7777664715192676,251045,1
ok,51.96684725284712,147.52015187518683,0.5659372083725652,4.171769427826154,233935,2
ok,52.03498849104929,239.48244930818205,0.5562844349299535,7.34558747080984,668361,3
ok,52.271870319634004,10.0,0.5960211571960644,1.3149795139128637,469903,4
ok,52.317868744702665,190.7958114018694,0.5497989527937206,2.1840367498045214,397041,5
ok,52.318333328706,182.4172851284956,0.54394638641315,1.1416868010551091,744855,6
rej,52.35517410122468,182.40721149211686,0.5576273806175246,7.98572789017475,917947,7
ok,52.561488716328185,256.5104441179587,0.33556192699200443,1.0907847398186696,706504,8
ok,52.60365546300726,170.7537704999519,0.42555412809306603,3.2845907924696216,595749,9
ok,52.618177684215084,140.5424808359516,0.13894626422466594,0.12427222560813127,917019,0
ok,52.67962362601106,198.84445581753826,0.31740569469013546,8.735982235872351,434536,1
ok,52.89288248334958,214.3945760411317,0.35084956228891406,8.996530829357486,33077,2
ok,52.926854069730894,232.8159339674493,0.5549907072007666,8.202686403282778,421807,3
ok,52.94104230176817,258.9067548027436,0.20907025789983086,2.4247594005567183,914031,4
ok,53.09296662098629,121.21125749708995,0.41625513037871276,1.874848117768289,735921,5
ok,53.36258712803815,144.9947846291564,0.6750185010412538,10.90766119762375,595037,6
ok,53.38520927756405,150.59959550683635,0.5492947885389651,18.227821054597413,438542,7
rej,53.53597005065702,218.4205053173597,0.7361062335934785,3.238970428701073,809695,8
ok,53.657538800391684,16.404661160288356,0.9308914285689368,7.124141780909088,694362,9
ok,53.68207122345954,179.51228707940197,0.25289045341827465,1.9338148132837572,743446,0
ok,53.69169816370532,235.8376218701303,0.6136310353616184,3.9254516736446368,49052,1
ok,54.17654912081955,138.0689908748593,0.22471844594148283,1.2376896033747267,173722,2
ok,54.37105871357212,213.93842805310507,0.46354051304553096,5.417303010505419,466985,3
ok,54.37866331887613,238.3037296561753,0.7330964228642729,11.76846147498095,66989,4
ok,54.55131289418035,296.99781827147126,0.544039862408811,1.6289986232245826,271819,5
ok,54.650282009283,202.36744476696217,0.0892648234308619,0.143864666871833,735593,6
ok,54.75269120937384,230.59016331165108,0.639809120435577,4.877130355668558,165346,7
rej,55.143028299449206,177.67969534475048,0.9913658109245949,0.1,468047,8
ok,55.259536965366095,124.79489068835308,0.41387237613087957,7.663741356987544,553200,9
ok,55.42982883734583,126.23227189114053,0.5257458187672684,3.3034063256299313,927932,0
ok,55.476882990141476,46.59333148957734,0.5239984745875191,9.89609874447893,510935,1
ok,55.70938270456721,270.83163732136353,0.171853576582308,2.812181313027847,952148,2
ok,56.009122154607105,246.94622994748374,0.3144269250178814,17.59573872911616,588675,3
ok,56.03321039354865,250.93412112962727,0.30410106831499084,7.551446555949626,633316,4
ok,56.11751310745083,95.79410907014017,0.5994541943667229,3.237182370688869,792183,5
ok,56.132371168225525,106.14174597798736,0.3053038364405958,2.940561830606796,72,6
ok,56.46500452361733,169.92131015267066,0.25694958241730814,4.780321837729994,926810,7
ok,56.83114717664007,196.91929572110678,0.3324580712420371,3.031086150706269,40800,8
ok,56.86054962477523,150.75467220956978,0.09027257419136836,10.020240602743664,518607,9
ok,57.24836453213546,287.452615526651,0.511180093456148,4.68465626790811,341776,0
ok,57.30203700859225,170.57935400511954,0.24106428585877726,3.699352381571661,327216,1
ok,57.3077196671882,224.10631194472185,0.28695632029890406,1.2744715363942904,878430,2
ok,57.534720841278165,143.6976300383244,0.43835776238232527,0.4361329383033818,489571,3
ok,57.880542737335894,167.36451796529897,0.6204233807632054,5.4823440990148615,52278,4
ok,58.092639146149395,238.83291530405148,0.5227444860642955,6.170148423583495,848346,5
ok,58.10759291980393,337.7774163372024,0.5922098936392306,8.096361569466193,862684,6
ok,58.110927162653375,265.37191554876597,0.6098355586286932,6.868545660642347,917521,7
ok,58.200696611603796,374.28278404482876,0.12988500803343955,6.097864254294415,851878,8
ok,58.52105128254199,270.27057484074413,0.5530131772455192,6.040855481597588,435303,9
ok,58.52989921372232,52.410341767537716,0.5014311998123588,1.678587104759253,197133,0
ok,58.58489222135899,259.6184871874304,0.14872933938264477,5.753763925258526,575209,1
ok,58.624017101640334,97.14484493026833,0.5620605246732417,0.1,663841,2
ok,58.952475298302225,128.68683455124403,0.5162470189221845,9.255035646521504,87521,3
ok,59.463292723216874,154.32050481521884,0.48717025965890615,0.625242745218388,878128,4
ok,59.52338106045612,368.1249181106365,0.3759667005859266,0.31139594755574435,760798,5
ok,59.642618048246426,256.4734083790994,0.7971508408599477,1.0235499219007216,136861,6
ok,59.643395890225484,201.34568677682296,0.44855875242990983,14.304207363323044,15444,7
ok,59.77260385789421,195.78695097574212,0.867941084578111,4.360040971344712,421335,8
ok,59.78949079555635,226.88190531284462,0.597104510673106,31.59693515119006,995672,9
ok,59.83366920695798,164.4953297332577,0.43535784020687235,16.65039976946644,711474,0
ok,60.02343913388833,215.6264599811697,0.25258520068169343,2.670200091204535,437764,1
ok,60.043972721880635,227.5396943235315,0.46958116957036655,0.39310973293281604,331535,2
ok,60.121182017085026,120.94006327648846,0.5275231642280243,6.401112049767889,3557,3
ok,60.27089622782209,122.71455237224559,0.7113975783636541,6.176178235923697,223896,4
ok,60.43545974962231,105.40511308167046,0.20009625623484262,2.2244599722641283,14985,5
ok,60.555300318969266,124.22160965111713,0.8550152144725516,7.8338453754718875,752168,6
ok,60.714957047916535,376.2236879112635,0.43908353217772667,3.483498724251687,791416,7
ok,60.923551455951426,383.19492474626804,0.026980665447714325,1.4418821434209452,2472,8
ok,61.03967375886756,254.14736517347748,0.15477384417719903,0.9297092040499335,862696,9
ok,61.061388953100845,70.01525234681912,0.13156611458066236,1.5606202258437663,708587,0
ok,61.079026354856616,176.88312721656598,0.15389781001005276,6.4775772748932,554010,1
ok,61.159540438188365,158.2407403445418,0.29355150421771586,4.3077840494726924,641793,2
ok,61.398981620282456,96.43748734096113,0.33283722520247405,0.31943590035990355,102534,3
ok,61.6142399100454,292.2608309837292,0.11208792371963378,20.538796140681626,199711,4
ok,61.614439390456035,231.70573472991913,0.3993118864143313,8.177048522579923,124679,5
ok,61.7977403805117,231.99652534080764,0.5061805298959224,2.5224334532366948,637911,6
ok,61.91288560822109,189.04632613150318,0.3673569385342249,6.40967330573384,680804,7
ok,61.94698295834351,212.04091828194692,0.5715279390067163,1.69540586469227,208159,8
ok,62.130149571451035,266.997952234885,0.3394420498343095,0.1,916092,9
ok,62.16681851719352,217.0892478070994,0.8291171343492115,0.6105678361459523,317106,0
ok,62.229351579570874,286.2584183798168,0.10627338764486544,5.512756267976679,293583,1
ok,62.45907457813569,10.0,0.4873082809637228,0.7772874488808089,721986,2
ok,62.663305610690344,144.8469342510865,0.8221555143717626,3.653542379947334,191072,3
ok,62.80007694823747,269.9029642353843,0.16634331306825828,3.3335593760366877,105047,4
ok,62.947509180219,196.13691770497473,0.7671391894346102,0.7208937972112852,498708,5
ok,63.18517361007327,326.6365109397987,0.5989477901622762,6.098219004218248,895419,6
ok,63.61625601324503,283.6493568889772,0.29150211882073135,2.2759796961969565,967594,7
ok,63.67915675437559,144.812865147892,0.26171987213540193,14.811173344234943,415966,8
ok,63.72242147831399,239.38949115380362,0.19913567291011125,1.4922724810481804,658127,9
ok,63.80258234400825,160.79456594778068,0.621490545830612,2.7816557978005427,85296,0
ok,63.920440476479456,234.6300481032767,0.5083213319274408,5.702959990333395,22906,1
ok,64.08879883997778,193.43285165801584,0.589600812383645,2.195469980963036,288058,2
ok,64.09440552427348,154.6440131918599,0.3637494268261148,1.013669187931927,958273,3
ok,64.27010744785422,361.8712789334121,0.5866237003004875,8.586846450731965,474982,4
ok,64.30290374637396,295.9482719820855,0.29959834227123716,2.4941472151976556,838676,5
ok,64.30661723158113,268.8990263330041,0.4725580608530995,2.629878304363955,830830,6
ok,64.35709720711793,136.65540733506657,0.44667891329838294,7.752295455055707,121403,7
ok,64.51100447351546,227.33120232194716,0.3825761833858937,1.1369869428146138,903201,8
ok,64.535218320234,278.1979161730428,0.3888133465675881,3.8776095818473033,268947,9
ok,64.54108516515342,355.4976715100838,0.4237103777710606,3.864940959625419,139901,0
ok,64.64729573373197,243.45447052370383,0.4140185306624087,4.120822595668889,685314,1
ok,64.80343706112116,196.20022184099597,0.5637514936389737,10.64595856495686,546167,2
ok,64.80435051735779,206.84881057886318,0.41150842266021936,1.865832319693954,856973,3
ok,64.84002386710408,124.50162439281102,0.2691934093956486,6.527217367821745,682395,4
ok,64.94528661513324,243.4906509116472,0.5951733251580459,9.255473253878488,676269,5
ok,65.01222853071776,259.45132348220136,0.47254999168180833,5.420051018674796,363911,6
ok,65.02271472404158,31.542137386422553,0.6233868474649357,21.88419644775914,120700,7
ok,65.02443341142771,319.0036830906047,0.6492459567246759,1.7047586725403532,914215,8
ok,65.4789290574267,203.9033482322451,0.4328557710068491,1.7453074424466286,161942,9
ok,65.71526219436242,250.92654230717156,0.9350626926840808,0.6085119860714917,291933,0
ok,65.81238885249607,235.08678683234535,0.5253781953842874,4.397998414951682,892589,1
ok,66.2403215336505,208.5142022417587,0.5654160958178871,3.5251675608616018,19476,2
ok,66.31874655360379,140.02180863759997,0.7402652712247253,5.080120889749267,44352,3
ok,66.43447067801966,251.16800585989677,0.037347431310380375,5.180139005407508,42638,4
ok,66.78814271836654,351.79958556445547,0.750972079774444,0.3513388711354797,215729,5
ok,67.16827528673537,312.9035895174318,0.5263095767211526,0.2579986179629687,714076,6
ok,67.2365624876693,130.36468259762603,0.3184405503204575,7.83797171855483,272283,7
ok,67.35878895570981,181.2931951794817,0.494242236168576,16.751752804383564,585478,8
ok,67.76763661033173,250.4829570867759,0.5084432688452166,12.061767979227016,330000,9
ok,67.87746969937926,115.27901628778125,0.25529844260330836,11.409676451008377,992479,0
ok,67.96207579875961,169.67420175798526,0.38883319109527253,1.6203120998352265,384716,1
ok,67.97855977862704,267.5918080658747,0.48499043613721926,5.524900747516845,984024,2
ok,67.98796407498683,299.452332003769,0.37664386481137785,17.057075616782626,595033,3
ok,68.04925357667098,258.9086832290271,0.7656572230870731,0.4064562273286504,954048,4
ok,68.09805381808803,238.3890914069688,0.6679639634831073,2.2810904069306264,890700,5
ok,68.19221222469082,342.83121092498885,0.5714084519140437,3.6340983554558015,44044,6
ok,68.21006271885508,161.59868981652892,0.7800943510602733,16.4968908236473,887472,7
ok,68.25173725228994,132.01105679019344,0.2581270438867693,4.24686524669964,785524,8
ok,68.53330664331253,155.49363609595792,0.33651678811034447,4.357541070725156,735392,9
ok,68.60902522528976,303.61457348688043,0.45745608425303086,12.877109683183974,637111,0
ok,68.69108060373699,279.6320089165991,0.6238894549395768,3.6528582077291354,687196,1
ok,68.73465414289578,289.0731414634628,0.8612900636539415,11.591683490579417,518505,2
ok,68.7413829219722,205.9050941887714,0.675843872684728,0.1,746961,3
ok,68.794216104195,192.6302732321952,0.8573289615753742,19.60003331111633,675433,4
ok,68.86287078654374,278.87091051240367,0.3937315022958241,3.969333515507738,946560,5
ok,69.00621221180492,246.6461716280853,0.7079572981347123,2.744433335976138,480944,6
ok,69.02287456039254,271.8023554392692,0.5362451195708822,2.714096934884556,671236,7
ok,69.32487911240011,390.5607999109118,0.5139079664746159,8.948462316456647,456592,8
ok,69.42881454887561,265.78705480223044,0.3014322723813587,3.5171335580069103,390541,9
ok,69.51026066572058,265.3642213215464,0.31164695815641513,0.5983580791832254,913740,0
ok,70.0917057550385,209.6108205398239,0.7404683455783064,2.7630403626553024,564059,1
ok,70.13389616431495,284.05063076840804,0.5008813783616302,1.607962263595506,186948,2
ok,70.220673998853,142.42952957943072,0.26539754625980455,1.0552134949994343,217940,3
ok,70.80324871014946,329.71947563079993,0.5995920185858405,0.5170893161035655,393823,4
ok,70.86023517914288,232.56660369709067,0.28284399012645356,4.8747527538499416,615645,5
ok,71.0879303586125,161.69879596506934,0.18236658840634656,0.1,305172,6
ok,71.09697673842876,191.45071271701482,0.19066829997032814,1.4485722694933219,9329,7
ok,71.35860024093998,242.9409306306569,0.4555730047615724,18.402029428998933,145182,8
ok,71.43329840042864,140.46494202594235,0.30505567850937426,7.487999940122721,158359,9
ok,71.47321214365121,166.37737124086075,0.03147272015592506,4.279637973797375,284555,0
ok,72.16657359739787,146.03975080454194,0.25354084078221256,1.5250987049541114,349604,1
ok,72.22257714271008,178.334524820526,0.34576743221033357,10.94026028498874,353906,2
ok,72.26690995111665,242.8948772540326,0.46910201796637874,6.516737765879843,827979,3
ok,72.35780967717761,166.74267201987885,0.5611610377079819,3.1226818736484407,385038,4
ok,72.37353854948684,156.7432261077447,0.4195632067768332,2.2455275340129273,753401,5
ok,72.43362397046332,309.22707836670065,0.4758211635472655,8.45371671769665,98259,6
ok,72.60708247700605,196.4906273907061,0.1298160159931816,1.030274458589875,354687,7
ok,72.63317586238543,329.7290438619331,0.41278783072276365,3.7389066680611247,817277,8
ok,72.90537186576165,357.87614209480273,0.747380208476367,16.295253724671245,650681,9
ok,72.90831072245157,85.10614585334459,0.5302625890129616,0.27578218779405783,37397,0
ok,73.01899712929685,257.4642728554362,0.6424787922181161,0.15378290876844888,43204,1
ok,73.08430594138045,154.218074878714,0.37658310513253235,2.0709029947624202,282719,2
ok,73.12492149494592,191.5847573440887,0.5658940598798226,11.229725067276465,171820,3
ok,73.14988675462111,185.50439527275796,0.4972709307634422,8.31131355459995,156674,4
ok,73.52557432323904,148.99376492284665,0.74742121682257,11.977700559096949,611792,5
ok,73.56949212720555,131.9070003202848,0.4617125790040793,5.3492344700208685,303595,6
ok,73.5732480991273,359.51466193660804,0.4671405971344732,8.608488672470116,378438,7
ok,73.59355434643838,265.9961826836167,0.6913595725031071,4.100024846434163,413969,8
ok,73.70338193823491,215.84994999733334,0.33880085176963537,2.4024699625831474,575127,9
ok,73.95610481556089,257.76407240751547,0.14762194582007437,2.7806092416723587,135938,0
ok,74.21730335967295,178.3013541785872,0.46830659420671544,6.904658250628114,307659,1
ok,74.28387265386688,169.82238059072708,0.5141929677251094,15.194221043837235,120477,2
ok,74.5464490366432,191.79759930806875,0.5052591973686708,2.373886818897905,501287,3
ok,75.0281478862168,127.67828310344923,0.5967083577034195,3.086459202935185,766007,4
ok,75.45356438291529,165.10300120651996,0.5063696262935846,4.834922139178319,251350,5
ok,75.49311170987666,183.51641095544704,0.32973651893410316,4.088147880607332,979112,6
ok,75.49526015761647,243.41181106255257,1.0720109128805748,7.897172334110221,50600,7
ok,75.5641184520568,330.88510247863235,0.5722685538075286,11.372217627240016,322835,8
ok,75.62387989834158,328.6639628761203,0.6679835006525172,0.22117383016563522,188310,9
ok,75.82553586120522,321.01387529357,0.28217897510227585,3.190114796707093,898667,0
ok,75.97701092411594,132.6648147434189,0.6224379736189992,5.426125012311593,548457,1
ok,76.2152586811802,261.4528077924343,0.34264931825358086,5.023221133986682,764056,2
ok,76.6032458667743,145.37085521354973,0.4052886711081951,1.870711754124036,74305,3
ok,76.64053967707036,265.03061177322405,0.6791218889741867,5.538541171020216,317373,4
ok,76.67101841956374,370.4905687680697,0.5901853685578753,3.4726616874406995,422753,5
ok,76.71270061786281,120.84146943566856,0.27317653482811577,1.0588548508278697,876147,6
ok,77.00295172347425,190.25866753067078,0.7275298000871373,2.288410559868652,344478,7
ok,77.35272257023529,222.8764311676434,0.20345200826348092,0.2801972005522423,313760,8
ok,77.37924836119417,331.51410143140833,0.7108876021954258,4.349371899048241,434867,9
ok,77.63389329724902,300.42135277318823,0.4737558676902818,0.6413684453931136,113929,0
ok,77.77760677248884,94.20346636792371,0.515065771723373,18.047314055929707,104228,1
ok,77.82925060953792,273.9866090689436,0.5563914183576024,3.5330757789196756,588072,2
ok,77.84454103566515,160.17584406969695,0.7161904890837639,20.39241577784274,952796,3
ok,78.11362371652527,168.65964105461808,0.6926517189463931,7.076140216815058,504545,4
ok,78.65018410233202,10.332183110024175,0.926437500625493,0.1,497029,5
ok,78.8007656353599,166.6172201306743,0.6184648414169923,1.8918616018153873,353454,6
rej,78.88757840295445,74.05363333433203,0.39597359799334,2.604693802340694,881693,7
ok,78.96330891036882,201.21610250606827,0.3328486167707183,0.8950944835821164,836631,8
ok,79.0202509380288,161.0721096023849,0.8136890450022893,8.22406362960156,851788,9
ok,79.17884406202954,204.23441356135723,0.6372499872917854,8.10117884987468,360344,0
ok,79.22758741225459,113.18702668200666,0.16350074800645492,2.6459301992782214,130364,1
ok,79.24121013151249,126.05585099896393,0.5087566101914103,11.025574230883212,502358,2
ok,79.24919011493222,59.260657076764176,0.41779171264636883,0.8413206293883725,121643,3
ok,79.44065525193876,140.65086644507073,0.5900718516781044,5.00877527320638,733578,4
ok,79.63726648210289,181.9515588644628,0.5302487958753068,5.78405822888191,521912,5
ok,79.79462464120684,202.0169593194716,0.7270151219909697,3.091070604382618,447254,6
ok,80.21409168144989,222.0542495313326,0.7783605038567756,2.006994964685765,39661,7
ok,80.44732503147162,129.03545636110846,0.48058972922371757,3.0339692667277856,316568,8
ok,80.70425979902932,175.6208554495999,0.49350955006652303,4.727121668055785,351358,9
ok,81.38923980668594,234.67640434724154,0.7345878722741915,12.290284956106976,770442,0
ok,81.59921007008032,408.6660810767506,0.49221881048180205,6.570665011430108,720487,1
ok,81.83340679647804,358.345363331675,0.370760862928027,7.233046637298221,937846,2
ok,81.9303376219273,175.84862318265226,0.27210545790639107,0.3999422618856319,163225,3
ok,82.07645383281425,310.0513542171102,0.14026165152535047,1.8134699379411765,964363,4
ok,82.1738043852258,284.67812252843873,0.3229928804370045,1.5010781719887567,174646,5
ok,82.58940474796744,157.1046156976826,0.5402742128769601,0.1,657186,6
ok,83.31749370088764,143.9252322805645,0.29096224667956805,1.1685838452565112,591907,7
ok,83.64655665919427,205.03471006154513,0.9362085150966506,4.078278481698889,393815,8
ok,83.69437405889506,95.95997669390583,0.8693664056630641,1.1108959974058457,845276,9
ok,83.82798333155374,300.5677985721283,0.38873138724735956,2.6840940040127617,669912,0
ok,83.91671186779881,179.075783043447,0.788506854174304,16.93959985802973,91144,1
ok,84.11360874082037,306.4213698280521,0.13072460940176328,5.914184429255355,69032,2
ok,84.25350851360432,199.30946512484743,0.5036943849999107,1.7220489796794536,847010,3
ok,84.5661447281747,153.42259245418168,0.6174885568549778,4.220395475289512,88782,4
ok,84.73733113612352,130.5495853780504,0.11113098941433136,4.2829987483578,207660,5
ok,84.81601082965585,47.950284897978406,0.34701406529878875,4.697336897483612,786295,6
ok,85.00300129428332,297.0919630092744,0.6680781756726302,4.436108998953772,231796,7
ok,85.5108813719781,109.73732510943934,0.4996658894052224,5.796448334044762,64126,8
ok,85.6260680027233,291.411788839474,0.9506506811076378,13.992258280006677,403504,9
ok,85.64335461251441,242.82612734181163,0.20625297993956482,4.739232716179026,8232,0
ok,85.67644830597557,10.0,0.1330848955085075,3.01754497422402,102840,1
ok,85.87986372881373,328.64897888226426,0.46476253879882046,0.9104946987036368,412937,2
ok,85.97476587979841,166.19651292728352,0.5849863122107648,3.1267153179869704,583505,3
ok,86.09217220403413,245.95863763811226,0.3589440061690754,0.41145584340592484,544214,4
ok,86.45798415379251,35.48157247629484,0.420242734557092,0.6210576866264526,303899,5
ok,86.52881975882794,144.84674041719728,0.5543368472925276,1.8283556943321235,470332,6
ok,86.75481926744472,107.00018812925819,0.6157489640659715,0.8771853217036596,964850,7
ok,87.04837829870452,131.80900265144948,0.38671364137756525,51.16253412246419,512353,8
ok,87.09461493654146,191.38851971477246,0.2887459345719498,2.84885561038073,826580,9
ok,87.42143914671716,106.58674384128913,0.46615856956573853,4.50491865009571,613300,0
ok,87.51786108078281,234.71277098975037,0.24598877765724037,2.0793293018800094,749109,1
ok,87.55189800747472,50.593240307664416,0.5186455011457375,1.2560430950023262,712300,2
ok,87.81664212541311,161.27124731654106,0.3480939262562043,2.4399287529192994,227806,3
ok,87.85660552454266,252.69588682539347,0.3594451533314565,1.995051119278418,443587,4
ok,87.87152569428812,115.37775598215008,0.5231010288804444,2.2120949004810737,87727,5
ok,88.13847614613925,313.1491620000229,0.22069248120109264,3.6141729762474823,386223,6
ok,88.15699875299168,275.0827086566684,0.578591636193681,0.4892355827933417,230831,7
ok,88.33213927014312,262.07218426267787,0.5805024491341755,0.5495873704938345,273590,8
ok,88.37774483016712,252.91698836924581,0.5865036390623586,3.0193124277049534,613656,9
ok,88.44896286003683,168.02564851336018,0.6257384093532299,16.586421852415846,814848,0
ok,88.50626426836145,135.39817937783738,0.40584215951457764,11.594134881395723,174672,1
ok,89.0490428281154,296.70087247818583,0.2948995591175011,2.0421229889757018,452168,2
ok,89.06290797981741,283.02179594714835,0.06811691971065637,0.656336982289379,201268,3
ok,89.27606403966173,72.7581558125674,0.49684205256620145,4.491757759164604,375935,4
ok,89.47310028431639,296.82675963809083,0.2928965627666257,2.791850645284439,120599,5
ok,89.88880762287064,147.5981479503298,0.7470910465458659,0.1,66959,6
ok,90.02275033682928,177.45797972982174,0.4549709280290407,13.424827431468337,861909,7
ok,91.25813797113862,126.26940873753827,0.2860299979989475,0.901551538988299,905528,8
ok,91.33462645268575,232.74304508006813,0.6486164378055188,9.364789860366972,894287,9
ok,91.36705080643335,229.88200350622805,0.5411353098411155,1.6523641450529014,736104,0
ok,91.51371248293692,73.32389961124795,0.3500246647245995,17.47042483606297,28960,1
ok,91.56729778301128,180.24323086076015,0.326147375653434,2.968122981193603,946875,2
ok,91.74169490765865,196.4561449170611,0.6530875616838289,6.352639110337641,551357,3
ok,91.78790580967471,184.66201779982455,0.37731661585091436,5.985238000483587,473549,4
ok,91.8280386262591,227.47351634448435,0.5853681041875487,1.0786216421029777,788988,5
ok,91.87825453205431,157.0039148188775,0.636556064120989,2.014358462101729,709803,6
ok,91.9307761747445,210.95321671061382,0.351232905912202,2.530119112742493,211485,7
ok,92.05603629963383,233.68122229331152,0.45198851108972615,7.155243033545493,124686,8
ok,92.06480507536077,216.28386824187422,0.29858010339896013,1.6720010256927265,521233,9
ok,92.50401524161549,261.4926516736574,0.8018485700144116,5.938661041620343,417284,0
ok,92.5760422782358,247.71239915575416,0.4651672741339614,2.0167901587128862,268938,1
ok,92.58133216388035,305.8148782955071,0.40965269790090375,5.227277760037381,217298,2
ok,92.99066633132608,164.27017984794935,0.04937877570749949,2.7972978524708143,672134,3
ok,93.00614257850945,266.27247868602507,0.3275266670205201,0.11638173180426686,44146,4
ok,93.0241101770142,110.07245780639818,0.5799125233686058,7.321760034496906,994009,5
ok,93.44976310185798,234.02088719977587,0.17981705067199028,1.9138501719190315,836169,6
ok,93.47061833180253,179.1430053509756,0.01,22.909957910568046,226381,7
ok,93.47603239086484,264.2477471613411,0.4092387471114447,5.389572342148945,653698,8
ok,93.6951115377433,295.6938216825358,0.6477524534857342,3.395449740218672,153463,9
ok,93.72376895408692,223.05686301121307,0.7634786035200212,0.7512384956329821,109712,0
ok,93.92804550609826,190.73626509902746,0.569038046775906,1.7372470947809258,207586,1
ok,93.9387096329023,223.9190779097685,0.5214314133380359,0.7308702477800553,480675,2
ok,94.02169693166404,267.9008659453708,0.575946106760601,2.059205982071242,396395,3
ok,94.28239465035313,175.30745709722748,0.40978517224160455,11.593914200669664,379209,4
ok,94.37118383400085,164.3441798008093,0.5208757599072538,0.6870654986857692,572932,5
ok,94.37835977655817,167.16169909935226,0.6927069835825062,8.062149328473037,867158,6
ok,94.43513463419731,164.31390666059838,0.4489930639984072,1.647429623169789,158685,7
ok,94.51484389612779,184.2478300084314,0.763317248076671,17.77796607176766,109834,8
ok,94.6123545373007,194.70839973307443,0.42574389574670357,5.8381900293270625,625203,9
ok,94.64572377742203,202.86077785126614,0.8842231950619401,0.1303739366331572,511601,0
ok,94.83182168040138,134.7170117235102,0.5236006854227953,3.2238239115050753,155610,1
ok,94.8741572700059,170.9041473486699,0.6284117593793375,14.209657215229969,591296,2
ok,94.9729010853985,280.0087424334865,0.3874767218603282,5.976723640056169,425624,3
ok,95.03969752176526,301.2255408673185,0.6177442922300765,9.537797917932698,669372,4
ok,95.25158065301552,228.69235071867166,0.4270604590338409,0.3020900911221736,712957,5
ok,95.27950026876742,129.79896803691585,0.5559915338683654,4.623474680571115,443798,6
ok,95.32551523697231,56.06420523456026,0.36269454022457115,0.3637867118278795,920289,7
ok,95.41234846684506,208.159375586723,0.5845985124545426,1.7836023792845102,546547,8
ok,95.80322056401587,324.2010501280566,0.3258782976958212,5.027151016289499,519470,9
ok,96.18518464198881,198.7258033680097,0.6835853234248138,5.868208618891694,712316,0
ok,96.1942275248666,158.92956013297152,0.41794797976156445,4.5959820407037135,961593,1
ok,96.22173666700057,187.64030080773995,0.43123903633297606,5.6538042369906485,930906,2
ok,96.32954005309892,276.88430085961625,0.4024331552634473,1.6166782592092588,338124,3
ok,96.3672707304243,121.58444925308346,1.0394706568884051,2.95270622177829,874023,4
ok,96.388439331757,63.34907025461257,0.5065866830628898,2.489381501808981,522653,5
ok,96.55377000854463,329.44312266441386,0.17175558511258232,6.861914200565403,522868,6
ok,96.62062160594009,125.76117068211725,0.4288908677361964,6.6639727424675606,665913,7
ok,96.84853452238877,284.1680545322912,0.3638685146814628,4.710774962823528,702617,8
ok,97.0401421998033,320.7457831226404,0.3918956059912084,2.625545052779614,917188,9
ok,97.05176054465912,48.62331724256302,0.9191074738730478,1.4576465660151738,211803,0
ok,97.33009479474684,165.2632909445556,0.477926224812555,2.4074324499527915,569176,1
ok,97.39916143141734,225.6505252021713,0.5775126852172028,1.115508922856788,639390,2
ok,97.62747798868867,138.7588748110588,0.2558419482772586,0.3996468628590865,976552,3
ok,97.6345964228794,242.2887324901097,0.5451665663146762,3.3963875950807876,229400,4
ok,97.86690894411927,249.18800817634246,0.7193519383532462,19.135866530395937,10176,5
ok,98.06946366840666,270.3859538663979,0.3629151305791372,5.899030044626202,356746,6
ok,98.13321700433097,148.3162158084891,0.6526986128503754,30.730036906900835,739868,7
ok,98.28123343177765,410.4061441759658,0.3298993751806669,4.719244000193954,783327,8
ok,98.7152321390114,159.6502637805547,0.3500834592454871,6.182325849806599,942678,9
ok,98.74951338887065,171.4153911455233,0.6728949131807836,0.9973756072694464,333719,0
ok,98.75561238425357,295.68072712873663,0.5702974468110896,1.5996016694219664,857859,1
ok,99.0675418494456,338.49559668890095,0.8728947937727621,1.1305666896915805,337457,2
ok,99.11845226545401,150.41645689780262,0.48855621401495947,0.8112795809492606,37191,3
ok,99.14084375495945,311.08133378497035,0.36442036617481377,8.898274898157068,550615,4
ok,99.16306261414942,263.2524569214083,0.7333442618287402,11.06771768711409,155573,5
ok,99.59644472679686,161.82234104301781,0.5846803437790188,1.0819229994846573,916962,6
ok,99.863616617928,186.15741514215327,0.5836838329236846,9.231123695749066,269360,7
ok,100.10836425260324,300.25712439888696,0.8996971794547051,4.288203930422317,631857,8
ok,100.15317904492568,90.3608586246535,0.627061986839348,0.977838241381447,822258,9
ok,100.21975980217402,269.8725400478148,0.7960280550435526,16.74521859339677,163478,0
ok,100.34972818731143,187.32114339805062,0.46644058280132566,0.48843427974269127,883250,1
ok,100.37624958416825,290.98229335130804,0.5658598424547001,11.215341991391545,397415,2
ok,100.44011193053278,306.9660431254576,0.5506662599285164,1.870344740198099,611265,3
ok,100.55330211059739,192.507955344352,0.23978859506401035,0.950189821367688,308682,4
ok,100.63088830810692,97.0611939514321,0.10211172374560601,1.3966666096721714,753015,5
ok,100.6491673926352,125.78817960917593,0.3401784914690484,6.6268656710063105,740685,6
ok,100.80694493062028,133.3785765960214,0.5344313847877842,4.17657138923385,846258,7
ok,100.81726400974587,242.24445728704413,0.21049108339052164,13.20026328882306,493283,8
ok,100.97631867764079,286.84135883534043,0.8745179030883816,4.604858049961996,69582,9
ok,101.22737658074891,301.41346194483015,0.40393775586014563,5.281456953995907,838803,0
ok,101.27277997445694,254.3683231242859,0.8411033854436144,1.6051237279926267,88754,1
ok,101.34399194263082,133.07102820641663,0.5723057142495195,2.8306310062470086,541618,2
ok,101.41135740876382,312.0837431527597,1.04473755088073,2.292167589918092,911102,3
ok,101.591178888754,272.1628995797095,0.4637358162709418,1.62566925247431,959986,4
ok,101.61481836062252,313.2075748892498,0.34532707749484537,1.5117726655718813,41330,5
ok,101.64746453121957,305.9564862690474,0.40567025108817273,12.09465941811237,69577,6
ok,101.65143860610158,296.55022694412673,0.9356629718610352,8.39779136302358,236024,7
ok,101.65651314219825,242.53192938543626,0.6412264992683993,0.8462415473839291,136833,8
ok,101.7374402402258,231.23170681455733,0.4863085888385667,2.2923267321954244,42605,9
ok,101.78081393485748,290.9454136224713,0.31893238538838,1.1136733866365909,315042,0
ok,102.03025452080797,232.8901854436221,0.5158484932519626,21.746791897289455,16027,1
ok,102.05585333395308,176.02370650321797,0.01,9.840618545281087,795762,2
ok,102.1794332070686,193.2943299256094,0.8088527072763052,5.226500425196176,884950,3
ok,102.34562963234039,178.84769116710547,0.34482002042248916,0.31575047845099613,470379,4
ok,102.40598832801219,257.9849942825862,0.461905315188375,4.185917556946616,346653,5
ok,102.55915971023357,188.3023974655524,0.6956645548197291,0.1,903771,6
ok,102.60115256164197,93.16537881465322,0.30748490197269496,12.918458229435636,168495,7
ok,102.65520708457923,95.92691933251635,0.6803060058485507,0.5152536972889818,839537,8
ok,102.7421599428435,215.50306399597758,0.6382617279218928,1.171190751910398,156048,9
ok,102.88554190147875,141.19779913640178,0.7200998015253623,4.095926747406107,910893,0
ok,103.02873646669615,230.36279399701152,0.49228561322427883,1.0509753905164467,687953,1
ok,103.11138768495016,157.715436346721,0.2137813996981131,2.8205231939291076,483115,2
ok,103.38338741776423,123.76408712991497,0.8944379659885417,22.113284741919035,389359,3
ok,103.50244982382415,294.6488577017613,0.2806613548826906,3.4229189829199624,529530,4
ok,103.76870507052018,178.53202990500088,0.6604281491252394,4.131553785444302,400799,5
ok,103.80732227535213,165.5907461619815,0.714164873731206,0.5012035103489898,944861,6
ok,104.23252941391786,77.1307671813903,0.3358497218642439,1.9014391106051023,555543,7
ok,104.31667870180029,122.06740064599431,0.23257530727558345,3.5852177918238013,526834,8
ok,104.31770632536828,327.9503389724852,0.39033019940672,1.5658762680590723,35251,9
ok,104.36336054266452,259.09221276111384,0.42287323802624505,1.2815475979072202,601748,0
ok,104.46666731774874,293.58064029767945,0.3557742233909772,15.386415556194866,95050,1
ok,104.52512567438364,165.80091466482813,0.5419251864841826,11.283129745448264,711533,2
ok,104.53777691767593,258.2423500987469,0.0646986076546956,1.529757347393681,832721,3
ok,104.66874400024523,339.11035985682855,0.5871560130388567,2.1858576697850154,844219,4
ok,104.7674550846649,240.19405540006503,0.6009667270911274,6.263014466448364,543160,5
ok,104.86504835037209,151.09550786368274,0.5512759736315546,3.186833251207373,794659,6
ok,105.11094064839995,247.99828469257594,0.5291686913719301,1.5202669120817955,629294,7
ok,105.12359812667786,139.8301007748547,0.5465583021278406,7.619406710956957,80067,8
ok,105.16068720202269,308.3770937777904,0.5337196810701241,7.756679258601804,783249,9
ok,105.24632838485923,199.822939200687,0.5889938089742056,1.6341344314854223,447077,0
ok,105.29134765936239,166.86180091951996,0.8209373889357178,2.7132026732810717,949779,1
ok,105.293935078914,262.85268419127647,0.4150987451077108,8.135578698380233,791274,2
ok,105.46548936604361,178.88203718698958,0.11037319431582626,12.02537466417368,216116,3
ok,105.52618077442682,245.832189244207,0.15945334677751993,12.307569992303034,303734,4
ok,105.69391222212374,177.2705527620035,0.5637725563413286,0.6714552358094361,561424,5
ok,105.79208953169474,213.2325471950433,0.5143504800663204,2.322369996989821,944912,6
ok,105.84527699996829,358.69041720447353,0.5340103982082981,4.1738276618125,627692,7
ok,106.00575807311694,279.02828647183674,0.43471447182414985,1.010431556770411,438137,8
ok,106.05321531811778,144.82724451302732,0.7297170014057208,5.5154304415634945,865805,9
ok,106.09563946203332,153.0417417849095,0.31566186410227415,10.901540718901025,505637,0
ok,106.1728673247448,143.26922675950954,0.28190401588294933,0.1,886562,1
ok,106.34909253177986,239.53895166089143,0.22308234477010064,0.12715080572010837,829465,2
ok,106.57393935799607,238.89753362710198,0.45402175498878666,1.523220373434935,407444,3
ok,106.66145550478184,69.91455440634584,0.35336569218789504,13.110755741437025,636936,4
ok,106.85593963145065,212.71229727055922,0.8188325016934319,8.710895907295003,614872,5
ok,106.93259969054608,154.15264392032248,0.01,1.3518979718148634,244917,6
ok,107.25415614068086,136.55021983256958,0.37321767091040553,1.3969282049372411,892670,7
ok,107.466680529919,167.91395007600357,0.7955203550170423,0.1,906784,8
ok,107.9315207382251,144.1277938165901,0.7264650959606027,1.3192681472976788,836826,9
ok,107.99081051778028,252.37149233830849,0.32295587113125757,8.758425386295182,21476,0
ok,108.12077288579017,111.38311083658236,0.9771968153832861,1.1138676501466014,688898,1
ok,108.17814771708092,372.70030484938997,0.634693623378748,3.237464665425037,928257,2
ok,108.62240991762793,210.48879275761547,0.4247898358356895,12.015227158976646,252,3
ok,108.6561506999854,254.3571279198733,0.35163893917335487,3.331297519848295,776727,4
ok,109.26249469231722,259.5208766916126,0.5313190286912604,0.1,190808,5
ok,109.28347893883601,137.2293064366974,0.8464506250694199,9.038364172120199,317133,6
ok,109.3535023905073,242.64357326529228,0.8432186323986908,0.6386189746625347,531478,7
ok,109.51171179015101,147.91559575299132,0.5699275307987596,4.1266711895578485,597967,8
ok,109.56283006344597,13.582950350553233,0.25171632496732976,0.5533976508911719,266820,9
ok,109.58433038403919,308.3808153400912,0.4384306912745925,0.5282372536954101,348846,0
ok,109.61663035910874,268.1281552284973,0.7625346026039199,4.139383158166047,68808,1
ok,109.6401689118983,166.2213890213166,0.5693616843550988,0.7239607581131711,517482,2
ok,109.83828344468307,83.89616358631464,0.2974244896900206,1.6333069627978456,901653,3
ok,109.88740860281602,302.54795557146406,0.2918774794050373,1.373909533716534,274734,4
ok,109.93659939530038,210.35810182576648,0.5173122531770583,4.744534131061316,988751,5
ok,109.95048235397434,374.4024185519873,0.6418948446343092,1.884772360006369,865096,6
ok,110.17051522526818,230.27075438840973,0.7834654033644208,0.7833602172984432,317513,7
ok,110.3199255039289,177.91045395958542,0.5873660593692425,15.932756642271206,810004,8
ok,110.50434483631892,270.9309548999536,0.1969002506706668,1.8397479808888888,427895,9
ok,110.51744101651792,241.03682337727636,0.7005649480221321,4.759597983872429,402820,0
ok,110.53661010307658,273.4307991193965,0.44023211630341075,0.89147513544127,849385,1
ok,110.54274613306866,151.7351101866317,0.35082719192783735,7.6541162835357754,402317,2
ok,110.67331189443843,357.28393876294564,0.6973430305408204,0.6700682925690027,65283,3
ok,110.79116117542279,140.45889311361054,0.26329217045985515,2.6282716410222107,171751,4
ok,110.80660100021753,69.59861994586274,0.42607356308294614,15.921701326231968,672121,5
ok,111.01960900112846,176.15952168294868,0.8499585885138552,2.6430703666535313,980968,6
ok,111.20850578177644,368.70798493990117,0.5515154437042211,4.175777509276761,133505,7
ok,111.3641856294001,181.23819639529958,0.34443148003136537,0.9141435579352352,250559,8
ok,111.39882685572701,201.27315805428532,0.21337773396205367,0.1,301033,9
ok,111.8142439558549,146.93487510895622,0.5056227858126118,5.729366099250541,764884,0
ok,111.85339254144455,190.95062639890216,0.4827085611058212,0.29294899682062514,870255,1
ok,112.016393272144,257.5717118193005,0.30414936799909664,0.8252037961598325,350250,2
ok,112.1238675356739,179.50509901456925,0.2104921209956736,10.102960682149941,58224,3
ok,112.16891641340766,151.22287505699296,0.8674408493695905,0.5054883741158258,987613,4
ok,112.22482638500058,179.1083778281046,0.5533593979188076,2.119489503417876,37679,5
ok,112.44719770360643,319.0640368878096,0.5580865090461382,7.52051048428437,504711,6
ok,112.45641534900541,177.40055958663856,0.075574474344204,14.522581552723988,438164,7
ok,112.74204386557253,130.66896195970926,0.46700579494751426,2.5921245171124467,147749,8
ok,112.83800166727625,177.37268849356485,0.6115248211941238,1.8470943456966824,515722,9
ok,112.96133519546068,87.21884055676206,0.5048129713959119,0.7816742685784696,933192,0
ok,113.04538009243329,254.9559797328182,0.6376657355635352,18.60777513024113,905262,1
ok,113.10568379621658,237.0814791169205,0.7085854481639355,7.346687065833121,631207,2
ok,113.18519064787174,177.36633244859206,0.32441904663284793,0.4447348348898856,752026,3
ok,113.1966896928745,85.65664894204409,0.567339198337794,4.924657753798895,85584,4
ok,113.52803001978664,156.3056315660995,0.6406353142411159,0.46970168594866213,706261,5
ok,113.90297865300452,107.63889792338077,0.47439923738488654,6.192489868910429,732636,6
ok,113.97146534979468,227.0928322793165,0.7655203034246053,0.21863004152377913,158726,7
ok,114.02245283485941,247.44673893352976,0.6945880048558293,5.005594478756637,849649,8
ok,114.16198800973669,331.1798510241015,0.7440883515534497,4.8434640542187894,369908,9
ok,114.2572808597503,146.4703801216649,0.7642973078991481,3.224055489163744,431111,0
ok,114.3214364191289,148.29940359193336,0.2889800760074263,0.2829315337921548,36888,1
ok,114.37066449083714,135.96288056115355,0.4569203792451595,1.245225146157766,641488,2
ok,114.40654839779074,146.89446265276962,0.25842893824634117,0.7825445709619008,488928,3
ok,114.57091207509954,133.8441634745268,0.43108884160394184,4.502084223220743,405466,4
ok,114.59566482210037,337.9457792399435,0.3574177480610846,5.129145434633537,481173,5
ok,114.59631726931111,150.7293715125454,0.7198651847629935,5.692731059383033,49317,6
ok,114.60046962667899,180.14749849871495,0.48902677377578374,8.473495976255556,106410,7
ok,114.62634260191402,104.99800256184187,0.6859565159078126,0.727158834920605,493763,8
ok,114.95927861339024,272.604470086983,0.5441542724401518,1.830736914053368,815947,9
rej,115.18065219905593,188.51629849958945,0.6209772289750802,11.723865683926892,158720,0
ok,115.23166434693078,163.202726664552,0.6969015488103905,19.374448784595447,21210,1
ok,115.46865246132029,212.6357944785347,0.6736199676223608,1.741772222649568,34042,2
ok,115.49615928445247,362.35931039363095,0.5659599257308512,6.769883928754448,627363,3
ok,115.51950820778895,10.0,0.7714646980134717,1.1673851095776286,647391,4
ok,115.62014725612782,221.98604371716323,0.14863550455203223,1.1164012089101136,139148,5
ok,115.90789858452646,287.2171561526932,0.18005931821175003,0.6501618206821634,660567,6
ok,116.03218592711605,324.7704902617213,0.1926066591641129,1.2155411648059467,339645,7
ok,116.27927507058195,150.62073697886603,0.6476987169908601,12.09832045805683,110407,8
ok,116.28439800668761,178.46472965860616,0.822755377190852,9.022989485759403,734086,9
ok,116.36269766859186,232.0704866529501,0.4109460518346225,0.2305852943051171,575818,0
ok,116.37128724008551,186.62954693637934,0.4850460037259851,27.260471788717823,680517,1
ok,116.51814113960546,311.9632220051497,0.517965289577903,5.430753300681634,363507,2
ok,116.54192501642854,235.57966044762685,0.4321764397975643,2.0546097991977748,204444,3
ok,116.61611950288577,155.69868707818986,0.47308509018859124,6.0966796976534745,402038,4
ok,116.71320573384271,105.53904384652229,0.6875644226669727,2.6120785531746864,821472,5
ok,116.73995544699264,345.9525216281167,0.3090687561109796,14.47392128064017,814135,6
ok,116.87608419023861,10.0,0.6522143720486641,0.5577296087351054,815226,7
ok,116.95712367575761,221.7458179341406,0.27186355791419786,6.551244206034367,514137,8
ok,117.32312262624815,135.80199446393883,0.18374535916797835,1.0102868015095008,116388,9
ok,117.58602846739414,241.7285046448108,0.6229566404746615,0.29498306850179545,924085,0
ok,117.6877225168403,163.87052430192605,0.4370664710639187,7.607435097175435,63083,1
ok,117.71743827688081,474.78460422421284,0.5213671830932054,1.1994271132810943,639756,2
ok,117.80216178569778,182.68175385654953,0.695071897633847,11.898399858911366,734860,3
ok,117.88788541540652,60.88609840431661,0.3826021062895596,0.42609548909888745,489882,4
ok,117.9342130706545,311.1292361679047,0.614676978494914,3.8916250266225285,644172,5
ok,118.11169748533179,222.38068419655403,0.26994954857195363,10.710979297040472,663027,6
ok,118.142428692127,259.5356945951027,0.3368428239085411,8.358077044228262,979281,7
ok,118.17806376282275,290.8581179659031,0.2096584915049603,2.541076112393235,354277,8
ok,118.30033817680943,324.2001748252749,0.4959493100983138,9.35039932933856,682069,9
ok,118.54956701179174,321.8469316905018,0.8017519343861406,2.9859760230215104,130362,0
ok,118.55306732182315,170.85993534547976,0.4664687669713857,2.879356913054324,715684,1
ok,118.7897790950971,333.94834268783484,0.6846732454288528,1.041323781640513,748281,2
ok,118.82774759179824,222.7359412046809,0.4441256293813397,1.6446945087969342,652253,3
ok,118.93103279749492,94.54805851203078,0.26314574913183875,1.9938371918702527,310783,4
ok,119.04586097533172,286.4327382098127,0.3520436187802134,0.4752402961611463,826871,5
ok,119.09495164915997,280.0282500236534,0.8288631197599656,0.6364154463456606,890378,6
ok,119.16731149242557,279.73976334335606,0.2115988183563432,0.695564872545445,133283,7
ok,119.30610886927676,60.01003122106329,0.44377101698458365,6.880611237956663,956074,8
ok,119.33212686044652,198.07399437869694,0.7278702692350106,3.635749990140502,406475,9
ok,119.34736429047533,175.01292028742265,0.35259400621904713,3.6307351153699563,838170,0
rej,119.49822484495347,302.5498442278829,0.49943580965724055,2.369193522751493,308075,1
ok,119.5017860956187,134.9077380944169,0.4710424945149364,1.9434413530584382,961426,2
ok,120.0280449487411,167.2776518898172,0.6109250985890531,2.3577235309769917,782011,3
ok,120.09856558618254,103.80789199248474,0.861128201916731,9.449915193324811,914918,4
ok,120.140335082128,350.02513747909006,0.48050559664453274,3.9395007469907957,714087,5
ok,120.18795603262183,211.09896244399638,0.2625560302121468,0.7666679985033316,849609,6
ok,120.5381916644524,96.70710739096688,0.5316872542715383,6.376315616715309,127456,7
ok,120.55185536822464,180.7837148551761,0.8055429115457573,0.7116323841187671,544218,8
ok,120.55659549770726,200.205820498771,0.6267224511240608,3.4959810346848874,902228,9
ok,120.56853135841041,116.36504679924263,0.5103115952213396,0.9659615666435535,823645,0
ok,120.63927226118528,268.36211965934626,0.09508936211198549,0.39707771851145,198314,1
ok,120.64442007322067,161.34009254371946,0.5022759573758793,0.3069943630352468,40039,2
ok,120.70343910684873,187.28009299656458,0.37832639248323574,1.3837140640429133,820106,3
ok,120.72943561853515,123.38867802667748,0.4519686979901404,2.151141250657784,411069,4
ok,120.80077385703603,111.18317894365924,0.29476587528857445,4.179528194158413,466175,5
ok,120.81925147193984,163.18396275822693,0.469039812864796,2.3826696770403077,389631,6
ok,120.83440261719845,358.91112216303674,0.6734320946578662,21.74936055580706,793369,7
ok,120.86153827565526,225.09491254108178,0.6971200055998639,9.207077998822353,199730,8
ok,120.89095486555584,204.39985849839255,0.16910639271112787,13.28020211948299,477595,9
ok,121.03305255841093,257.7829799536957,0.8879918947565013,1.5655571405906856,373873,0
ok,121.51252429111976,50.722339309720155,0.3961065854838084,6.520452285159869,827912,1
ok,121.62949187801698,96.7143076191678,0.2923863739791537,1.2072166601622887,662714,2
rej,121.63970910093008,208.50292362628744,0.9693441215161327,1.338406544536258,78999,3
ok,121.64679686758949,152.06239915312415,0.3398973048811723,0.1,46809,4
ok,121.66720574777416,172.02493563323787,0.6015272636108812,15.39102783254033,945739,5
ok,121.68964845158071,246.30010392147284,0.42232995373495097,2.7809313408876952,979673,6
ok,121.72861608941768,177.5159883725223,0.5241505195594347,11.063958540080094,41922,7
ok,121.95891472189925,199.21854291952116,0.6136089533895335,4.198423654504666,509781,8
ok,122.10126463415426,266.36583640818435,0.24139330329023462,3.2205233373843907,267791,9
ok,122.16627774468803,208.949233330254,0.4037720060558362,5.9806330239912375,944841,0
ok,122.30292766868934,157.48351526646837,0.17407366610006758,0.19905595528995482,27950,1
ok,122.31528015269437,362.4821580833323,0.7982615487633314,1.1234067319737313,990677,2
ok,122.38960197185861,176.68424698969332,0.4966692822114415,0.7687916866161018,545325,3
ok,122.51197253171753,207.2397273540352,0.4786155640100176,2.824101600576726,698887,4
ok,122.52289899238457,89.03666496034022,0.6018267122668195,2.6959690070861875,596908,5
ok,122.57079363809324,125.46797938890718,0.8859618228929347,0.5489744047872038,599572,6
ok,122.60116020378348,318.3936934454714,0.5004557440004422,0.1,918423,7
ok,122.71964167798006,219.98608736746178,0.31554389124612253,9.064128117826565,226470,8
ok,122.75206624410183,324.0378739125416,0.4949248802491639,0.9653605629916047,240810,9
ok,122.77275831749073,222.63976423911348,0.6177793569436351,6.6699018369182,98016,0
rej,123.00497059085329,128.64276092311036,1.1066054328480055,4.062552526391037,814054,1
ok,123.16276707558012,135.16785936389903,0.45633514470406666,0.7285802510881855,859197,2
ok,123.61850873883442,206.33185733170797,0.46646738619686906,14.383663528288075,927660,3
ok,123.6358101556074,123.37818050243993,0.7155260675173296,1.3522570059395924,931945,4
ok,123.87515499198217,179.44787394178547,0.6375141662526642,5.007167506847203,657905,5
ok,123.89934362516335,226.4777259567074,0.5503106521317466,1.9185598052530044,817255,6
ok,124.03163554482592,217.99026917652225,0.721862002416833,2.6723087181613705,526818,7
rej,124.12406476478814,244.41763210597685,0.6620008130703444,3.478400435126903,732432,8
ok,124.20765874397438,182.3110517405286,0.5659652840039477,0.5029799525510095,549151,9
ok,124.34955717331836,247.289871546544,0.8495804018726318,1.522693723221412,440518,0
ok,124.39342095450404,83.44967544548217,0.6502084072568262,3.461949460885352,531739,1
ok,124.44386825623685,74.81300104023639,0.512070857725657,1.103610416648647,320142,2
ok,124.60939984735124,91.69228815093703,0.38430231568557277,9.774465931833152,991413,3
ok,124.67360781923166,227.99869919606434,0.37076134396720084,1.6423258194890202,118955,4
ok,124.77772860534351,232.15239555951072,0.5214939899776524,1.060407316079679,152767,5
ok,124.81951803588716,212.91836514206133,0.5639458893409546,2.983106853986161,446662,6
ok,124.98541437508648,64.25003029489633,0.17320273003606762,0.8504834548184124,935164,7
ok,125.0776950608214,261.1721064919687,0.22831154415995336,2.5425264461221375,593507,8
ok,125.31797502903072,156.53541748094042,0.5837530182255383,4.471324985431078,442558,9
ok,125.47433214875343,118.79710519862255,0.5075938063092512,3.498315758569076,967710,0
ok,125.54523437904926,266.8612114956809,0.14711368415307668,1.964267348395095,88113,1
ok,125.57881030473503,132.58209809335483,0.638715641386199,8.181175235332354,981209,2
ok,126.06267647302181,305.82809708880546,0.45023410381375467,0.9218245855059406,109853,3
ok,126.26218216095029,201.63695552319953,0.6111761499946092,1.4766885390018059,435831,4
ok,126.28409935144515,180.28611969477708,0.6170474021421595,3.435862630862312,65979,5
ok,126.35511902372339,320.89083805873344,0.42618655860229765,13.67903330977205,104030,6
rej,126.48171051289802,346.29915186978724,0.6260595298408642,6.275915241094824,435328,7
ok,126.6579557689773,262.46360423009787,0.4318276175520367,0.7061220403833881,811407,8
ok,126.69876481924364,393.8783394757244,0.33516838647360886,1.7498032598163324,163742,9
ok,126.99677398573334,126.03927018943091,0.47772219056432225,8.54772143720474,769947,0
ok,127.4174565472362,256.73714836497743,0.1010999743676757,4.3741919137985645,32192,1
ok,127.61965348813585,217.80975322901827,0.45457435471179874,6.3936523958107365,829783,2
ok,127.62409653550306,165.38349321303488,0.5122697839329905,3.430261517503983,468418,3
ok,127.73844961071717,250.72153279174773,0.5400658659815619,1.7623974918548657,452026,4
ok,127.97114125726405,358.19274053265735,0.3868116755505199,8.249826390418757,719761,5
ok,128.13207920429315,243.872455423276,0.738193271212489,8.066742968572825,437276,6
ok,128.43170968927393,177.50300562567503,0.6321555151112626,17.872903938963013,31598,7
ok,128.4391342592458,192.08424802289318,0.9823714711445801,1.3099161413918394,520748,8
ok,128.53488879776236,207.18949574123968,0.3547604921315869,9.636708538388952,963937,9
ok,128.55388307798168,287.42998745723503,0.20887211705069936,2.2259797305246183,906030,0
ok,128.62090165377856,181.9061828710318,0.07832915497183474,2.335606565382381,340261,1
ok,128.64037353405064,296.3130213874788,0.47745360419146216,0.4745822452508006,757641,2
ok,128.77475705066405,282.00714057172127,0.4559598490859584,2.2573898362275076,264855,3
ok,128.92295957698963,275.75569915913604,0.04451085455169346,7.457066561835105,82353,4
ok,129.3526549741891,207.09109279081295,0.27755081517933283,0.7093655403003302,369626,5
ok,129.35652730437448,143.22080347210772,0.5316729148010974,0.3185768542892026,73745,6
ok,129.40373678887124,191.07039603441945,0.7434754820753128,27.254641921920197,127274,7
ok,129.67316586045206,387.267927152055,0.5028604536642968,1.8884131940229254,376704,8
ok,129.71835097407538,210.57484699588707,0.2846636944490245,0.42599926713104,725378,9
ok,129.7923689151849,284.409157659733,0.37051321043637253,2.401850792867897,30804,0
ok,130.08207529455822,122.96868399829708,0.5473063468862871,3.4872839731030805,362225,1
ok,130.12105817023405,261.0462221583043,0.7511862022379638,0.32395415852156106,364776,2
ok,130.18862135074704,182.294666114116,0.6859106025712208,6.805678781295736,186549,3
ok,130.2036640631071,200.58987590384643,0.7225085695675739,14.741588440065794,10448,4
ok,130.3000043307842,243.5169817010717,0.822895648885634,2.284119441167671,870601,5
ok,130.30543630070196,44.29433390595955,0.19998085461555615,8.659786731739631,241689,6
ok,130.3316611596638,226.3981135343232,0.6518274105679334,2.7447475163183954,858790,7
ok,130.37023313427383,227.30552658376251,0.24845051849231037,2.6401867888511985,383571,8
ok,130.54007916853124,177.99892010312942,0.6094879754948708,5.247687356557361,73943,9
ok,130.60875812597143,209.46920258652423,0.4062246199881804,2.260445805842336,625568,0
ok,130.61048576578077,128.56896275189501,0.4878770579238363,4.9465879895402844,936834,1
ok,130.70393522707772,258.77707258301893,0.5001172984534312,10.619156913516349,150251,2
ok,130.86037680318253,76.34033633608544,0.5968040184305318,0.1,218080,3
ok,130.87630410189786,118.62292109023436,0.3794487852610032,4.219894799099136,3389,4
ok,130.9720053468793,300.31320061287,0.4080388099451166,6.568141277025424,214738,5
ok,131.11755243836652,151.76613280801956,0.5007065829677605,2.79332383090847,691030,6
ok,131.20399146174077,190.61110326075158,0.4975296243184741,5.283929560050151,706487,7
ok,131.24118996279108,200.37274018780195,0.3776714694841445,12.66297221661336,767664,8
ok,131.2449252560965,203.09246378261278,0.45715756986332046,3.9152088662122866,983839,9
ok,131.24690413111426,116.27715813537185,0.47360816405931694,0.8475428787216,944666,0
ok,131.36506203751415,175.0898014989859,0.5181132734991816,0.5842420730261886,129172,1
ok,131.38667304881082,233.1171885996105,0.3870861407521635,0.49052040292370247,784310,2
ok,131.40678830847273,110.73338027326534,0.46714693850329647,6.87056483277696,7533,3
ok,131.49040510743396,189.98733993415496,0.5256830824367007,12.993831631735432,307508,4
ok,131.53972837783604,164.84846164772793,0.5019894796697373,6.530745869406438,387061,5
ok,131.5697918207631,219.40186843733764,0.6249040550729614,1.6677166689556022,722958,6
rej,131.6075835295704,236.21820314467362,0.4011608400135822,2.885510484623901,25847,7
ok,131.64811738374894,304.75480653812065,0.5747288423885702,0.6398870455365513,978099,8
ok,131.787522522998,295.19229303002743,0.2768184829510365,16.305933363829535,634229,9
ok,131.97699296963583,327.16802611535115,0.584886561657026,3.1586770905571493,244174,0
ok,132.0180464607743,207.14579725297162,0.45368962183361156,0.7692036745574886,900910,1
ok,132.0949188842647,259.19000208211423,0.563061288899431,4.699890851433283,148779,2
ok,132.12561245026464,364.40165960443903,0.4363845084095085,1.0865375855259594,196075,3
ok,132.29028864182592,210.85424749770843,0.8177646670750789,9.787933661381429,476103,4
ok,132.3221082184728,276.92647115588204,0.5184124555928736,6.089539083801656,117850,5
ok,132.52765997809834,230.17495011280909,0.21194826145691287,1.9581269675167516,499849,6
rej,132.66211344906662,384.06649799138347,0.582909358338187,4.807356163049764,361181,7
ok,132.82879574608344,190.3237407512712,0.6159373250025533,0.9322323358727018,741847,8
ok,133.14764469565083,168.61107788712414,0.7798057369391732,4.5803852043971,270762,9
ok,133.17969948285477,61.076046555922375,0.19543019237265224,7.012940722186091,136480,0
ok,133.25034276974154,261.0997478242452,0.6342095469355801,2.435707122557252,29293,1
ok,133.3228342189114,187.43648997447255,0.501310529723178,1.0849066355427177,218229,2
ok,133.55761098723224,189.22887143541752,0.5166171931622822,5.037887975253091,379836,3
ok,133.56023015590026,101.23179008557142,0.5249486841300669,9.602023135886359,351286,4
ok,133.67948417050215,214.54668417039966,0.387744442950948,11.137305129780092,496364,5
ok,133.8448786489872,226.57149154502275,0.3451685978187359,4.71705954859243,306846,6
ok,133.96961773035937,148.08313002706234,0.6958767067374799,2.196158125639557,310741,7
ok,133.99779476834564,16.542631478942837,0.2821468486539573,0.43925051539532356,982648,8
ok,134.03252881391217,211.6722012543304,0.296532187638031,1.0367602688049493,921079,9
ok,134.08177070555877,223.20175607886068,0.7559594291219546,3.6655070534343515,580076,0
ok,134.44288348498074,279.2287752899923,0.4676548421085549,4.312020326689635,666805,1
ok,134.5078532183716,257.2674806483696,0.44536721839443805,4.164867239525283,342867,2
ok,134.54409939824924,67.57000780776008,0.5257590047987948,1.376586802608661,192985,3
ok,134.5613838485276,282.7696585602906,0.6393828383494339,1.954941815474289,621825,4
ok,134.62718901537588,100.8567635291063,0.2846518137407505,3.9203038439474387,84734,5
ok,134.9087578112833,367.6485059100558,0.7731187136401347,15.728781680825286,107563,6
ok,134.9259191326751,126.4874678723867,0.347938440641268,3.1634595279100997,559129,7
ok,135.03430607699067,260.9058368207564,0.47348914891766075,3.104995685295737,609064,8
ok,135.24701579773952,173.06924655892362,0.37578738337131457,6.64762135351924,322712,9
ok,135.3684100694246,354.0176630265787,0.3704149145525827,7.369474358223834,164000,0
ok,135.65315725096767,359.92995208070545,0.33277778202885633,2.4019693481180617,394882,1
ok,135.9804046448971,10.0,0.39001557820005184,14.023184742955095,941280,2
ok,135.9806500458646,275.9098435409847,0.40571527076695896,3.0023691823780094,154063,3
rej,136.0341879843996,63.2680969192015,0.8149071160595283,1.9986848466726066,991615,4
ok,136.0728392196346,240.28902431386928,0.4556053171138112,16.053661796551843,131319,5
ok,136.08584697238547,267.11770562680704,0.7503830266887292,4.984368604714987,843464,6
ok,136.09002132192836,274.63459687229926,0.32824077107972227,3.4239790426153034,233641,7
ok,136.093043609266,295.7313837239408,0.5182456522452822,10.535924424211881,331236,8
ok,136.3791608825472,10.0,0.8996549558669322,1.400849321164051,533025,9
ok,136.63047270061213,230.02399837366866,0.5619054851702056,1.28056152081925,254634,0
ok,136.6433518444498,242.54038451713825,0.5510825696609283,12.419142086489654,248153,1
ok,136.73736622593037,134.36699448945785,0.5601078914795998,1.60990324148713,791526,2
ok,136.8338226663596,196.53010251462092,0.7082607750343166,4.491127526610048,192879,3
ok,136.84096493750317,199.29467253558573,0.6081945276132263,0.8733768895589246,305198,4
ok,136.89270962817199,109.02900179479414,0.508372267734421,1.0948042085430763,390554,5
ok,137.20217361667065,267.8031694806977,0.22370256241659175,1.5038611985725894,440176,6
ok,137.20243437330316,125.58897319737387,0.6219577816189044,1.9648836426914198,695410,7
ok,137.2441826656459,214.108083286573,0.5181811532340351,4.237788657865996,48502,8
ok,137.29443070462787,195.01939985732955,0.24857671051247748,3.4001530052830087,902797,9
ok,137.48226727679184,88.54227909885086,0.5259692250914837,8.415172075095152,138657,0
ok,137.50227604953557,152.96276105678157,0.5074313861932769,2.303681076243808,630412,1
ok,137.64157043360245,206.24293359647749,0.273360178208379,3.870042111535517,21547,2
ok,137.94167115125404,134.75783465849196,0.4870913288010618,0.7887533077895637,412930,3
ok,137.98197408629596,148.5399145797786,0.6570510666032455,4.700731275554652,81706,4
ok,137.99217710145757,239.5861825175961,0.25258842268812004,0.5164729991590918,736278,5
ok,138.14932356876622,61.16564544706776,0.4198520065549035,10.353410182629945,76767,6
ok,138.28910842561513,214.99991092946925,0.40397640755595043,1.1055982326536045,138433,7
ok,138.60522971309598,228.61400600168741,0.2877248991801976,1.3880416117980767,440644,8
ok,138.9615030600917,270.2078922537959,0.1562845618069718,0.6934914549101898,313929,9
ok,139.04309301145062,308.95593738493596,0.6095172410056502,4.071689384074599,577531,0
ok,139.195098200537,165.49816859759966,0.6537525980904512,2.078842030758364,436993,1
ok,139.19885069744407,236.26230939337518,0.5104322883616086,6.660976320120483,776867,2
ok,139.81189076007416,330.3763394972423,0.4398783374504856,0.8789642101137893,971397,3
rej,139.8804148344008,142.90878609794035,0.912529177285749,0.15086420184980337,149195,4
ok,139.92804358515056,122.70221019982242,0.8246381931680571,2.974705485914023,619788,5
ok,140.1704419643463,258.4374174954235,0.20939324056973102,9.346569473472941,442696,6
ok,140.37617269501075,135.39761236298457,0.3886155028219131,0.1405096798491999,312505,7
ok,140.42153836456043,373.061297096943,0.5599000568524556,2.3732338234196493,667907,8
ok,140.45010231286847,324.1389129340694,0.5852290442531597,5.936425570972138,371787,9
ok,140.69320264553278,201.76619695905566,0.15358754861680118,3.3514266162847974,88663,0
ok,140.74170171065916,136.7041707624993,0.5806504537250432,8.177603980825822,260108,1
ok,140.74636502160698,319.90274351335114,0.1876747177707404,2.76139956871094,466418,2
ok,140.879642408665,182.96871019468463,0.4152777475955373,1.7362327693917523,663516,3
ok,140.88112790524968,258.8167702365488,0.6704094852224945,5.844576211091335,387193,4
ok,140.89080961189225,230.2473852874296,0.6726089980134159,7.500087393962566,667989,5
ok,140.93553313851484,265.5822978945834,0.25801724109828705,4.140876788564167,995027,6
ok,141.0236004296935,157.30206656781402,0.3720952433131829,3.9894851051604627,554914,7
ok,141.0895371595173,204.8530877251421,0.6062340323920521,2.8256317767477004,60667,8
ok,141.46550986466428,179.8710352235822,0.40995024378801825,2.1262561106759796,394717,9
ok,141.70560332967597,139.09685864794244,0.7077125503342548,10.300679798454368,428475,0
ok,141.7136782003971,373.08448314506666,0.4817245228971772,1.8712445731280412,8836,1
ok,141.722638171624,190.94760242125557,0.1613491182646663,1.9144079324202543,437492,2
ok,141.78979974216668,279.3152293125353,0.2495789443925679,9.305690192785342,763552,3
rej,141.83823988876915,168.7525974730387,0.9262617679866265,0.26180106972954975,945042,4
ok,141.90384764041747,141.70416214330257,0.7377643869275062,1.337700977680105,336247,5
ok,141.9677690221305,117.71820029239619,0.20732072875674806,12.54893381143274,462733,6
ok,142.03256853634767,145.20052343101156,0.5963655861637549,3.8144274687222977,213899,7
ok,142.11765515934368,335.96196895473304,0.6723865722243199,9.86710612401907,389647,8
ok,142.15032043788537,154.4393823529756,0.4695281769651219,4.893241896070113,307559,9
ok,142.49153058640712,229.03115950486995,0.48403014633777225,4.55496450930566,998601,0
ok,142.5211932980424,375.0991344955853,0.5923004502732251,5.487157416060031,493761,1
ok,142.64822161885755,156.12822371468158,0.38329036064707656,1.381818839606702,95479,2
ok,142.81328209792702,365.61574780593844,0.49843945276623125,8.031300096964717,996428,3
ok,142.91706616027804,10.0,0.35669658479852756,3.842187088387719,194467,4
ok,142.93731905365203,237.8412879587671,0.5918022528240199,8.842209622033032,835208,5
ok,142.96146392981035,275.7087340168001,0.46142948533623485,4.365572828828887,113891,6
ok,143.5933757026634,144.14922421972898,0.765653761715009,6.784886198705038,290424,7
ok,143.7570932910999,257.03548777329866,0.43059051525667813,0.7585636157766357,117606,8
ok,143.81391342920688,172.51932554697967,0.9487953693534101,5.66844002335815,585295,9
ok,144.5557366403066,208.28098959941735,0.466264230811697,8.502957698571016,634960,0
ok,144.5971824288354,169.1309963477917,0.1777889525736443,2.5031947361811406,721630,1
ok,144.68579603898982,197.45005917755248,0.2034275922417021,8.376617977789232,161353,2
ok,144.95386918814282,101.19709924986525,0.6944191172381521,10.327500615917328,834306,3
ok,145.02222500158808,159.5926779828435,0.425856093203422,16.30746302323106,736727,4
ok,145.0337365556159,85.95372226045909,0.5284906919910883,10.135399118856267,467837,5
ok,145.06077720761215,141.76372786173744,0.6028094677831219,13.91216498827141,973359,6
ok,145.19685685811098,239.00633548599603,0.48210297715516476,3.7122214123618895,418147,7
ok,145.25743535974263,240.60023060805003,0.34504483728092317,4.53582429542098,194385,8
ok,145.2889574887483,136.0602717190626,0.35706052824201556,3.424326500831858,804929,9
ok,145.29501298908585,280.69214955619236,0.3203259441106456,4.8541293152921385,442189,0
ok,145.5083916750131,62.419707085428,0.8885528225500963,2.241602434740903,452687,1
ok,146.11804006601105,101.46477748451694,0.6553290604625169,3.805696251202086,183225,2
ok,146.13054964698637,137.4427069734908,0.7517854880061272,0.9249257420661906,260002,3
ok,146.15270467750295,190.76727897468234,0.8525288820643899,1.8261626788235075,475473,4
ok,146.21482241148476,180.68206375984687,0.5020291990681003,0.5505518593921089,356922,5
ok,146.3644321579639,250.69447355721033,0.4853282575136398,12.082497534779193,982625,6
ok,146.40488172549792,256.98404804713886,0.4583410307612863,4.328672482509619,548770,7
ok,146.46258099309122,110.2202602606775,0.6447080015562205,8.553492992943006,149492,8
ok,146.53078533834443,189.4290029469259,0.8835356442155016,14.13965348467675,372629,9
ok,146.53963848383836,169.40652818817225,0.41380746902841176,1.2487244175445305,484898,0
ok,146.57319330629974,237.29663217434722,0.3322143571026651,1.230498624279993,662193,1
ok,146.6067523571213,165.96148735630044,0.24582541730962038,15.921539087467716,668261,2
ok,146.66386957119636,168.22518269899092,0.46273499872897195,2.1733950310929613,90701,3
ok,146.6968971770761,166.48168069703792,0.5567296900496768,0.775561788522362,506764,4
ok,146.73770182431377,262.2649935062875,0.4047190301352369,7.8338957837760645,791711,5
ok,146.84573399184984,120.34043704044889,0.26754664965132036,4.485116177187586,213531,6
ok,147.0140540598632,215.88749192479833,0.018566801560429502,10.94776156680931,309045,7
ok,147.14520715370074,138.19383902559534,0.512810939149789,0.9680160506929643,1932,8
ok,147.173255128685,132.32869644825237,0.553163285592134,0.14711763736331906,870500,9
ok,147.22910950356342,277.6752369090773,0.7199223200744286,7.867226248746862,732945,0
ok,147.37805257152175,176.42060854334943,0.9825884668822252,1.1691163886385947,470903,1
ok,147.4831274645179,129.0747957755603,0.564385158460857,4.163740073504713,648791,2
ok,147.495985240673,103.19293208899232,0.5334038376643626,0.6335651512257714,484453,3
ok,147.5109881288926,215.23447605202824,0.6595964556818442,1.439468622256686,8154,4
ok,147.52025435901754,107.62640752196151,0.5235236174213267,7.534472830471247,229359,5
ok,147.60592893491827,144.1720983317099,0.8031014125765266,6.058727075112115,313062,6
ok,147.75017382534085,293.6483147842575,0.5415885526165796,4.367037199668041,120017,7
ok,147.8580502798531,234.89751638740734,0.46117719958929726,3.640138175545635,805971,8
ok,147.92018917909155,107.84233695135313,0.5270441947411258,1.5402759246426492,659470,9
ok,147.96597246806482,354.33178784344557,0.5299149656274238,1.692789284974825,315788,0
ok,147.984211431616,290.6204178983436,0.5378286974606064,2.7084184230521964,571692,1
ok,148.06494022019987,271.2374835909856,0.3784440090747344,0.6429463844459983,638751,2
ok,148.08839548861192,313.23909834405583,0.5460967866443718,28.85354670240517,163809,3
ok,148.11487061027668,151.1276861443427,0.7255644948779164,6.569546368269373,444815,4
ok,148.26860021509128,342.95708899390786,0.6287779037285813,7.002474259094667,740602,5
rej,148.35363070143737,299.0115703857519,0.3686574627075181,2.3912269263443213,787850,6
ok,148.47530193421414,224.6652017381311,0.7744906454743156,14.608773163469511,494335,7
ok,148.5745262589399,270.4546544664504,0.3448410699306348,5.3581537213126325,97048,8
ok,148.7893515210785,154.88584585950488,0.894326381252888,1.6223020256129586,711121,9
ok,148.79650226681633,182.1516433349606,0.4811124721058707,2.81083205914391,521854,0
ok,148.82849288269526,121.52930875140902,0.6427728937055776,0.42469582152889784,797011,1
ok,149.05662945340492,62.23491410889963,0.9257094102403359,8.015044581844467,243649,2
ok,149.1787274694695,277.8247992161227,0.49154221318910757,11.788542793166608,570153,3
ok,149.1954613268996,146.59835056924706,0.4648421456678094,3.178689004411599,799009,4
ok,149.20136573245028,203.21705470966978,0.4370098020229282,1.1862518043028545,424993,5
ok,149.3229444657189,132.22851300717656,0.4237960774380354,20.803017445114023,293693,6
ok,149.35889496107038,190.11358649657953,0.4510489139094663,1.4497569329938456,662768,7
ok,149.40341618505292,290.653952708006,0.39281459482164066,0.30823053274453793,22669,8
ok,149.45813877030378,194.53295241035045,0.2678966898790187,3.2700499756664714,126701,9
ok,149.64807597257695,274.649169703144,0.32116282989244493,0.13345816209589714,283197,0
ok,149.97549581681093,196.4216849690353,0.31285525299852085,0.9523516195559611,926645,1
ok,150.03297610030265,123.86754904652685,0.5756050946987672,1.706177454143314,700961,2
ok,150.17508639178843,224.1906247742274,0.7242989404026028,3.701033201742675,42516,3
ok,150.18959821687207,199.65387971329545,0.4723785121931674,7.059958246352453,265,4
ok,150.21905765904816,157.2108126480279,0.01,1.5082096822768096,269039,5
rej,150.48279654245934,209.69628661281158,0.5413340042823973,0.1,417782,6
ok,150.60671561876424,138.55690783430208,0.3232518191979671,1.0155035076538825,551657,7
ok,150.71291484716028,91.3911051413856,0.45278924507207324,13.48858865350577,933821,8
ok,150.74709174729446,237.1344816419699,0.4078468728912705,3.8439522575727243,609868,9
ok,150.87693701975084,62.0166014109802,0.11895424082085343,0.6699661465503003,744451,0
ok,150.90037780136575,193.3308787497709,0.6648855892782116,3.1976063898329308,415482,1
ok,151.03757844070643,201.74543590510723,0.43515199432703006,10.828726291751522,466180,2
ok,151.10508975668048,104.08174669011271,0.05113795052165465,9.658627973638959,106988,3
ok,151.2227911722943,268.26809856535374,0.693515512736185,0.2609935161937702,782815,4
ok,151.69270190555824,252.32848338177195,0.8366779335172134,0.23114428034218257,264878,5
ok,152.00545523659542,270.06512749675653,0.4870315839988262,2.7099213719241098,371009,6
ok,152.11309328665823,192.33710536098934,0.6925638796629111,0.9893982121228964,297162,7
ok,152.18228055383955,315.3218716627142,0.35217385577570304,9.185885869680327,913622,8
ok,152.1837051740459,60.14049875588688,0.4922104634668868,0.8982218563432485,791908,9
ok,152.32067185395198,213.11184969990958,0.7476944775875012,1.0770809040993625,705217,0
ok,152.49460297034307,312.07217666793736,0.5196199887169286,16.722595831743117,952918,1
ok,152.56255407300122,107.22480651488992,0.30735960691294306,5.871851029006427,205553,2
ok,153.00895182878813,174.67826946258256,0.14056348168606597,4.294013077136355,624332,3
ok,153.39363360332896,340.35814494980195,0.5369138636057682,7.601206840701634,89400,4
ok,153.41611556261134,270.55653244364044,0.4129554975188985,10.960944459230706,37173,5
ok,153.45486103057473,241.7301891665452,0.3662965489455129,4.310614479695877,73878,6
ok,153.4691280049182,67.03675414782683,0.3011598604480007,5.404217670815624,830720,7
ok,153.53730625003644,290.9325971108113,0.6128929596937667,6.1391515964091585,275237,8
ok,153.6574461287543,182.25603449783793,0.5714891722537705,3.5418777171692057,320448,9
ok,153.83382672284137,145.12432504783956,0.3686831014291817,5.764387529300161,559560,0
ok,154.02345637522245,189.4145660676979,0.6978202186498129,6.299120817345621,356400,1
ok,154.0468906595155,282.4382705054928,0.21104237165719736,0.8001604272171436,123925,2
ok,154.43643730133292,226.1846544915315,0.4119790015887419,1.9181305374694155,555939,3
ok,154.60145629271258,318.87840309815135,0.3856933288284615,11.529871283915977,901202,4
ok,154.71479319996953,72.58548359098276,0.5397119145863323,2.6248534810327278,261144,5
ok,154.87440260980105,67.68091483550808,0.8302360533483217,3.1215304967412427,933965,6
ok,155.0722592390591,235.03248643268356,0.6912375843006981,0.30119909852200694,964666,7
ok,155.27884396315395,194.10278451857735,0.43770065346837705,2.9364408852482446,799015,8
ok,155.36702343380557,158.9270590030406,0.1903731558790236,7.7393257973780285,171499,9
ok,155.40657931568447,148.27408863153858,0.4914788368582355,4.713728657075169,71400,0
ok,155.48268168754103,179.92566557831026,0.36419751131268546,4.765111823400565,434981,1
ok,155.60619146867992,198.43153853966493,0.7024451991241252,0.5531931797516512,902762,2
ok,155.62125822639473,98.65201340755243,0.4330125217185725,12.688616012210057,303764,3
ok,155.65105278724553,218.8141508317462,0.030362595283429605,2.005390505920747,296482,4
ok,155.78760532441163,249.54008675770302,0.5296697358362229,8.91773821023165,545085,5
ok,155.90307063699987,370.1101608976161,0.3025505589979135,4.878425860348178,140950,6
ok,155.9423371722445,206.2428072034053,0.2356216691053411,1.835525247973698,601863,7
ok,156.0031506461777,158.65811020154288,0.4099625048368041,4.588411325115386,548468,8
ok,156.51599516126348,283.0121250966472,0.45620881174400996,0.31917851071057574,657603,9
ok,156.60482462783366,118.11247926962136,0.7986169386061086,0.6932625442187683,220492,0
ok,156.60676542262425,314.5490416758757,0.36638338562230666,23.30962014149894,557187,1
ok,156.68450197678266,121.6260007590121,0.23793729473334146,0.48217499647325446,110421,2
ok,156.75925733913195,313.5568352245307,0.7920502185341978,0.1,430759,3
ok,156.8848060736681,202.05444662613948,0.9203373046499996,14.491149711380311,665420,4
ok,156.92211436613547,177.79310015479217,0.5599714443105801,1.5187535850690326,569977,5
ok,156.95077509682042,217.2704300787596,0.5566784602269734,2.9935848946365953,423009,6
ok,157.0101316318231,138.29623376134114,0.32515584361451433,2.747857082708349,777442,7
ok,157.07560607042882,256.973349600584,0.36926707245850954,7.710899054584653,816369,8
ok,157.2288283547056,191.42720449812145,0.49261122359144466,5.072537378710777,947960,9
ok,157.3960636716828,118.24465577649214,0.820326729688488,9.872381539285962,826463,0
ok,157.45116948133162,264.9385043069157,0.5147267042682688,6.507842200594238,292148,1
ok,157.4636012198818,220.5109599758368,0.5353778140555334,8.725952656957348,306450,2
ok,157.54456686122055,246.85421846648802,0.4215279427866232,0.21134338567731198,463852,3
ok,157.6080153075381,186.6389663425147,0.7223764758340128,0.44208419596727255,389865,4
ok,157.68483330915632,128.15591072869393,0.7271597622716145,11.850622886411115,595835,5
ok,158.0381799274001,176.8372940049262,0.12469018076126309,0.8540250682043129,659356,6
ok,158.07274274585734,212.9598559297758,0.5653328468838046,4.555844288427437,144507,7
ok,158.2265989752147,288.6656737364902,0.6977227244266164,9.58569251516375,164699,8
ok,158.33669941149225,31.84677524303072,0.7351154474235199,8.479231368113025,129287,9
ok,158.57553675838213,28.649345759953746,0.33331789569468573,0.2585989914440711,730890,0
ok,158.77185993601935,146.8926519018498,0.8779152509569432,3.5128105453144953,126372,1
ok,159.0548433015611,190.26605537704356,0.5286387483999061,9.45269154829207,399955,2
ok,159.14394545919987,174.58036213082042,0.367221825142548,5.806893743856706,420706,3
ok,159.42381920003717,219.60294307328792,0.32495955527392695,5.668021022392101,619773,4
ok,159.46422025007422,168.02142507058565,0.5517241387237122,1.3700589436822774,490673,5
ok,159.4642816356195,61.60028396408512,0.5040044854251059,0.4064161934445948,146311,6
ok,159.730236147285,224.2200836089154,0.22896679357050914,1.5836010058571894,586796,7
ok,159.84399353826828,302.6367697625992,0.6754999931609035,1.7529395286441405,700719,8
ok,159.85004455220306,194.12741512349774,0.7990894636218546,5.000010575085968,313483,9
ok,159.9682965920073,359.20678141655657,0.5796390875803124,4.789750651844021,371256,0
rej,160.07579743860015,230.80107984095372,0.772232826599258,12.454676996531786,662816,1
ok,160.20855694682746,126.26149318419519,0.392134819160716,4.6355929509082845,495625,2
ok,160.37511519626597,155.69184226310915,0.6672359131728909,11.613946227390887,778405,3
ok,160.48295043394904,267.75679306483886,0.6226424800822215,13.388719371300564,435271,4
ok,160.52576002312486,267.0540741587346,0.4549303703699238,8.993199580150296,228600,5
ok,160.58943340633306,343.52281994467154,0.44603090677525037,0.31602849457490284,499872,6
ok,160.64665694704527,207.43559437885358,0.20945308281942748,7.394294942453085,512604,7
ok,160.66405391090154,198.30780062231574,0.5626098038995112,7.414393876320067,728441,8
ok,160.71836732338724,243.0783342326743,0.4972516285951642,5.860145036015608,525931,9
ok,160.72161582362372,138.78803825495953,0.32962998477241595,15.959578267589903,333699,0
ok,160.90509112092252,160.7546596941686,0.5407251736452934,8.143473840828769,516654,1
ok,160.93015281921234,187.00850576468704,0.5548282308434829,7.443590951194871,683728,2
ok,161.06396905407794,215.60901806109,0.4486938038976688,1.1621261253276696,63147,3
ok,161.21257444254292,265.81750694651373,0.06199950976538249,14.613009435369895,465548,4
ok,161.25007412381834,114.05779205284738,0.2940235434243165,2.310357675036571,314766,5
ok,161.35751078341795,213.17529637013243,0.5251574816599699,0.31570487327843005,149748,6
ok,161.48877303053828,334.33847501101167,0.8074501755516491,7.883239928052132,781408,7
ok,161.83606118970027,143.7240427433353,0.606363459682122,15.466853714168957,519593,8
ok,162.08656216313858,144.09090063479886,0.42586926609197107,8.199243389719888,54951,9
ok,162.55462082929893,228.11709351758986,0.3270014383416794,0.1,930438,0
ok,162.55913809094912,247.7354288188056,0.6078422311159406,2.1488875944086856,651314,1
ok,162.6334050213003,239.19589340775897,0.576560078246481,1.6155151462258863,226192,2
ok,162.8251313338368,180.4143550844,0.22185974749968457,6.34517512277292,26787,3
ok,162.9698464015293,366.2205080171278,0.5055995836997554,0.2592719467007756,372665,4
ok,163.01235300132618,234.0752369019138,0.43083522101779503,11.330273016009125,494433,5
ok,163.10755969538278,10.0,0.2520111684477716,15.976405378364822,409957,6
ok,163.46095335257647,186.06315422690085,0.4756099776767079,0.279589175540747,931707,7
ok,163.5162836949772,78.98371915032325,0.40113259758817116,12.642730081874348,10601,8
ok,163.74315248702405,191.11720443594837,0.8371164028871514,10.879575799202224,887331,9
ok,164.1061317826523,174.31264708922023,0.6043236539100924,9.983868295316835,552419,0
ok,164.16005026554882,228.60376844286782,0.38941956341003603,8.274388193098405,69685,1
ok,164.70081053110894,67.06594968751807,0.47458204903005824,0.3381378805915452,720262,2
ok,164.76744093519991,190.12969932529657,1.0455894788690943,0.8883876813875585,909230,3
ok,164.82550238533946,193.5180077034283,0.6663671848198242,3.5894892913574052,85325,4
ok,164.9053138379143,152.05646331288312,0.4685508715377398,1.3015312198623998,719634,5
ok,164.9919566945683,147.00243563979964,1.011701364446575,2.2619406800947544,995422,6
ok,165.19534169199596,224.57869405150936,0.5268683646070736,0.14063730199448904,777995,7
ok,165.36570272109114,188.3509039503407,0.4388866987736848,12.450719762744582,969533,8
ok,165.5523571236025,117.28077925784893,0.8340385697594144,0.255558916376302,701505,9
ok,165.5900379710026,10.0,0.3695878551837727,3.063668963396342,414308,0
ok,165.59388544657378,137.90242811058005,0.9213152281157182,0.1,6735,1
ok,165.94393356576904,160.8155159917932,0.4103731848127101,7.034405000562639,378827,2
ok,165.99752460862888,168.0757991961279,0.4884834026278751,1.1758393476167335,43178,3
ok,166.02459486168752,178.12428308305903,0.7341319765802663,9.907196049862417,121794,4
ok,166.16047500933175,254.08089184980952,0.36758944794199466,6.615295272427158,651036,5
ok,166.1955572850678,281.7775516754632,0.43768258484377404,0.3753484144198437,3922,6
ok,166.29955550935944,266.4517137338412,0.4766555423042823,0.830170870302107,283459,7
ok,166.8790887623189,241.80746723503097,0.6221448394230042,1.4246745071823068,915561,8
ok,166.91452444372814,254.8071675667651,0.4915538264621058,4.915980596455539,671480,9
ok,167.13789306905718,218.37693645127825,0.5074355005638602,0.5026679559536815,733673,0
ok,167.21116451464266,180.7750916628713,0.30873614584182274,6.991036431526668,306736,1
ok,167.3238643938868,379.59503777479085,0.6748047321490912,8.417159367647754,762419,2
ok,167.5574087387813,392.5664142741409,0.38078250141448566,0.1,944479,3
ok,167.70341570080362,249.64612961406607,0.5016116596406428,0.890098198710042,237698,4
ok,167.76393394161192,203.65191603387413,0.7314271195097666,8.426854475243255,147513,5
ok,167.85244762425643,259.0735226693308,0.570602395236655,0.2818773910651111,788124,6
ok,168.11837754210111,244.31582295110368,0.36068071135805313,4.17160843201559,600677,7
ok,168.16898365506339,127.70361520929819,0.3696387520692289,2.2235552317430525,301910,8
ok,168.21943871705307,315.63601902474903,0.4557893281596874,2.234230546154415,200492,9
ok,168.46573860789033,206.75873695319223,0.6793120091905192,3.2331525279056406,110583,0
ok,168.56083633901045,176.44397056717426,0.46221406381059676,2.446299160564433,455101,1
ok,168.75243914167774,271.7118960003362,0.5955911328739338,3.002550713788161,483283,2
ok,168.76902660619044,154.49895077606885,0.505588759575204,2.8182181019854733,751142,3
ok,168.7971411309044,12.056351071934444,0.39625110225553173,9.334088677205623,346235,4
ok,168.9002261175513,396.79926761026763,0.37190195281307703,1.3207465097163413,402789,5
ok,168.9923330818046,137.13058285411068,0.43973098354849843,7.839047551264644,176428,6
ok,169.04827442228273,297.67313694783996,0.2909592907358157,2.297938814710498,346759,7
ok,169.24730086989658,57.61910347360072,0.7076316506699573,0.8562995080977854,442194,8
ok,169.2474721633764,90.35335732383174,0.15651346818625483,2.261928648034966,679482,9
ok,169.450163533761,206.52294700078275,0.18349190642637847,6.471336927349636,940783,0
ok,169.74265234696404,151.10394206861804,0.42350802934107473,3.558740546402839,720866,1
ok,169.78716395227906,247.9891897572272,0.353744971874403,2.4418774090655844,456413,2
ok,169.89042398473168,243.44608256513555,0.7053350448873958,4.626039613544679,155209,3
ok,170.0335676665138,71.23977448262653,0.7619643061313559,27.262229737074005,469019,4
ok,170.2483759626646,176.2179846976303,0.5157074550189044,6.642813273862538,978564,5
ok,170.25376832485645,113.76602985449813,0.6304758695433952,4.472535981623416,743259,6
ok,170.29413444048564,337.4240913220404,0.4213369128356695,0.28965266837275155,154665,7
ok,170.38856637670781,145.82658445386528,0.6419652126506575,0.4898479096437167,549623,8
ok,170.4076824097866,208.90749889548582,0.47677632152650606,4.457289873603384,331425,9
ok,170.6041694843611,257.3366608231563,0.22454973475012868,11.458601198642697,135500,0
ok,170.69960375136202,174.2072533585848,0.584785460604677,17.04514484516235,219011,1
ok,170.70998467801553,141.99603566376362,0.6269382818876956,0.621514542987721,954615,2
ok,170.8123308288748,114.64597311231043,0.3592882165424809,2.891270827012588,195899,3
rej,171.36965577414094,88.39974004630028,0.6671979262525446,21.30868373728252,465698,4
ok,171.4105741927141,122.44847719382417,0.6799395737497024,7.442885820689707,366128,5
ok,171.5396716870519,94.66301108329189,0.9658009092745006,1.390924963064243,827680,6
ok,171.65718931179197,246.35057430684503,0.5709643086450528,4.797136653840886,407765,7
ok,171.69456263321948,301.4720818699682,0.3485646814117378,2.2850213562081994,448046,8
ok,171.69557587327935,174.942904299058,0.384880940947718,2.497531343602721,846039,9
ok,171.75220930039126,153.2623963716619,0.6285992216735685,2.6408196329106643,515855,0
ok,171.96261295173602,151.3472579751252,0.6210800028990526,2.263357606952891,408458,1
ok,171.9838596871734,209.14188027362377,0.3271343183675156,1.924580285181464,765233,2
ok,172.07397311058446,339.8948262035453,0.7895253171446064,14.131230924842509,230853,3
ok,172.10740073732345,236.5348960326914,0.9332336164797805,0.88442092926472,834229,4
ok,172.12740788661296,246.13775381795836,0.507395341708695,1.0089288431326442,205725,5
ok,172.1648990674371,219.1916579382763,0.307571517989019,13.070702042771954,460610,6
ok,172.1988776416987,271.74745843738333,0.4878641216800718,6.159858033200939,985697,7
ok,172.29280061866737,307.6561489696787,0.6624204870715258,6.5185688829285615,214191,8
ok,172.3757436098543,128.346231848939,0.36677404253535273,12.542752539251378,615021,9
ok,172.38324510040454,301.0368233259826,0.2834569798230405,4.582316575125409,744485,0
ok,172.4542177988752,187.24060224187377,0.8845080975440534,2.0741748242997455,52212,1
ok,172.51292696556663,344.0950488139822,0.3596609461890518,4.593315086657766,949823,2
ok,172.52206323563266,178.77152021894648,0.7222062574008499,17.343226177616778,407211,3
rej,172.77108157162516,171.58485202674186,0.6927558649715995,15.433447646945073,34895,4
ok,172.9438344315547,264.45353014722525,0.43936958795075987,0.1,245397,5
ok,173.04979406011404,132.67624614451438,0.5081185765377049,9.91544096728599,663932,6
ok,173.09115449977705,163.00685520568126,0.039755734082279726,8.489565359491934,88769,7
ok,173.20411890141997,41.56371571966662,0.6840750471444323,1.6403310350093583,913319,8
ok,173.28540865729633,135.6224996516607,0.25504072609952544,2.902453739274293,195827,9
ok,173.51724675633372,346.6761240851492,0.5445450878180342,2.041409928004976,381272,0
ok,173.59408426429954,186.27241293689733,0.6042184601082847,0.9496663259675899,59758,1
ok,173.67393890797905,131.39483223807542,0.5700734491288262,0.6511210151778623,779262,2
ok,173.71918482543143,221.82066296149978,0.6273622202142867,1.2547206324132534,669068,3
ok,173.83481580861152,224.19662014616475,0.9204420107468145,7.122732896256025,710402,4
ok,173.83794707609545,134.7971910213534,0.4991300862864726,1.8421451251455243,181795,5
ok,173.83816882093396,338.81489680255413,0.7840651326593069,1.9854509744643332,244385,6
ok,173.8719863088583,275.6204773085574,0.5038570861239324,0.1,640449,7
ok,173.977381109483,355.17852653494515,0.2711336409125864,9.161595809762641,311979,8
ok,174.05189363063826,155.41293562982545,0.24496740788589616,0.8158390625361558,642259,9
ok,174.0629837645594,316.1256982862951,0.21332315201816293,1.524719935862193,90837,0
ok,174.37213195518115,289.4154649828053,0.7267035474144621,5.883583016619646,739166,1
ok,174.37234269500502,204.42838808025664,0.44586921764420356,5.643952061717487,911048,2
rej,174.399649916621,231.86073279477722,0.7140891990184633,1.2748165725724494,536995,3
ok,174.82677810279512,253.76165388309494,0.28616213776174554,3.211222711512098,787996,4
ok,174.9873739205554,150.06313049089727,0.3680611132746363,4.037501549666153,298240,5
ok,175.041170500093,158.19354611253675,0.48693376123149484,1.3386420226874305,808903,6
ok,175.2268150695342,183.32075182651425,0.5629275664983963,7.421719441288635,920080,7
ok,175.23048680868501,190.53770740432515,0.39933824183631483,0.800322342733542,925841,8
ok,175.25319781367008,278.9161784731573,0.5701751069352915,7.547221805888505,370221,9
ok,175.30447495035304,15.019367185989609,0.9641339158056996,0.3012050761302467,431418,0
ok,175.32486705652536,204.4377527090123,0.32819744566127607,5.644921874465578,480556,1
ok,175.44541504607702,228.72018958816895,0.6687015228811701,8.851194269522429,56560,2
ok,175.46432972265927,104.28669413287196,0.37714987091344954,12.156027694204848,662573,3
ok,175.9030857385827,97.43085734990504,0.8163786814476315,5.829946258242921,730653,4
ok,175.9050457599264,170.77604435972415,0.30228380226560936,8.92564255592054,541195,5
ok,175.9504032111953,187.53556710709103,0.38638748697017455,1.3804420470828804,697963,6
ok,175.95761478726672,66.17551170340329,0.2724031458908861,6.6182878782894585,680014,7
ok,175.96577611391496,78.05366487714767,0.2659897699075916,5.20390877366067,573761,8
ok,176.23934477096222,223.05325871354438,0.4349395169611861,4.704497837620161,974923,9
ok,176.2430546189964,217.58596925092976,0.8113386217989835,8.045410493219796,770091,0
ok,176.30876911797958,114.13902483886241,0.6179484534696462,1.0650044048715215,979450,1
ok,176.3607582568658,345.4345651032676,0.532644015731193,5.495134214504129,451521,2
ok,176.57604528962943,266.1988376493406,0.4704721630644596,0.5779955588395331,609180,3
ok,176.60195457375914,110.50270845847508,0.6669415217732371,0.8991665524604775,476685,4
ok,176.8739417403661,97.6895979080419,0.6196525261328838,7.999704627748201,514014,5
ok,176.88085447950294,79.98052043800513,0.9049713125110741,6.939615072876348,267127,6
ok,176.88386137341706,161.593373361588,0.02542313041131805,0.8264917394517078,738319,7
ok,176.95081952753142,194.6254381097045,0.6758395633220506,1.4502655899107988,498757,8
ok,177.04581992526255,188.13729457096778,0.4366942116504079,7.653982662124001,225883,9
ok,177.17419277486394,204.55953612671746,0.4223478624181123,1.2252850370410544,353573,0
ok,177.63910915823016,167.2247005269133,0.5624706303817342,2.4351034291215745,278787,1
ok,177.72326978435106,245.84997500024642,0.3217767981283868,9.206180293134592,44286,2
ok,177.72382910828344,167.42831266036654,0.3620729453722164,20.71039812728832,45935,3
rej,177.78862919660398,259.35144051915915,0.9459343553672279,7.506366294674639,55106,4
ok,177.8364974936232,306.5086999194647,0.6572305722062672,4.285968454532377,170768,5
ok,177.85959786576757,390.3718195838964,0.46281646955597244,7.137165167740345,366794,6
ok,177.93629405770002,268.14115358286176,0.6492487042365378,3.0717482961760223,4062,7
ok,177.9622902355393,295.05620198608904,0.9279593790770115,3.470675199855226,303887,8
ok,177.96983624233366,216.81479494579804,0.8014323669574319,2.8163123523839877,686426,9
ok,178.18068837132202,149.4453845969505,0.33220951932907217,5.104466614863731,7476,0
ok,178.2424873050044,115.0737773365359,0.32960811451729777,3.325041946429033,147227,1
ok,178.42924278339993,245.58669396108627,0.6197544080962957,10.84224913067998,66783,2
ok,178.43575209262318,196.20758256401402,0.5621704081279407,1.0720471994352883,824893,3
ok,178.87416679655226,333.08207453073805,0.5310943211775682,3.664266050153257,448522,4
ok,178.97108355888585,40.6956242971477,0.7479378887741592,0.8975932746664762,713560,5
ok,178.98645771597498,284.99349769134665,0.2792182149810286,1.0631984202209823,232958,6
ok,179.0040757282156,141.43156248259066,0.37332332217417563,2.4784854292862746,638203,7
ok,179.1281838018765,259.77784618419065,0.530427991743155,5.728081298662739,415775,8
ok,179.2313677289515,277.4268779618134,0.750168525936397,7.293859038349372,584862,9
ok,179.3375713086831,120.1677812430382,0.7754102680820449,1.642369195497695,966149,0
ok,179.46430431493033,182.908843887445,0.511795451387034,6.873991269119237,231706,1
ok,179.49566274490917,224.95240329251646,0.9242152334698008,9.384552614532192,475743,2
ok,179.50970427764562,237.79251567063204,0.7062920104991539,1.2099090611690144,202216,3
ok,179.67660958207227,160.8268353341685,0.5602922630094573,1.5492758504132782,355995,4
ok,179.80392247748543,307.374554567032,0.37913773141700313,3.8398109909854004,637868,5
ok,180.04703375163575,225.65980100660943,0.3932499159642256,3.124079026377225,107310,6
ok,180.13862139380424,120.88487279579054,0.31504399259509486,1.052394287089498,635808,7
ok,180.19704142108316,143.94640162730437,0.3821141280473652,16.324063846252614,925716,8
rej,180.27118476018268,115.90262332105624,0.7975645950641859,4.21745259865371,89779,9
ok,180.35762884399946,318.9943078056996,0.6505109684208203,5.4518696727190665,833397,0
ok,180.5371187322224,180.96721678641023,0.07817401893182757,1.270608451828105,334527,1
ok,180.7225930909489,236.20099193877053,0.5480448991431992,6.527447983648149,338615,2
ok,180.7367595211134,125.36045582921714,0.850097955855958,1.5029232839862932,561933,3
ok,180.85190717447333,223.59245011287007,0.12189125682464513,4.289842443744764,477882,4
ok,180.9460370826979,151.61757998810404,0.7294720354257019,3.5604218099971616,936876,5
ok,180.99923894239527,154.42202322914312,0.38585939947066045,6.908715362630318,340937,6
ok,181.12283071411588,189.64003471247614,0.6416569618012984,5.060805158954532,267911,7
ok,181.20184653219474,293.36629922709733,0.4828197464250701,3.028454663728093,30229,8
ok,181.53102259757534,141.13402329919393,0.5427773339782137,0.3520206702353071,547346,9
ok,182.0353968374843,320.6601496183946,0.15288492652545121,2.8245268754505277,46506,0
ok,182.05702689819435,176.60551337676495,0.4237738568931094,4.64862549145748,199367,1
ok,182.1558811575369,175.68285943233172,0.4771390762100367,1.9580184902447089,386614,2
ok,182.21938138510453,265.0587088550346,0.6756181571755607,1.2513412134941677,84007,3
ok,182.25167494462232,317.61437890886,0.747747089293642,4.117450036858957,219772,4
ok,182.26651885801593,256.5319233523648,0.6206219814694379,12.658771272648712,912206,5
ok,182.27802169713,128.51532600130696,0.31983015331085085,5.827237268716702,549993,6
ok,182.42034659708773,101.37431572475296,0.7691426775303025,3.6677346366180967,362542,7
ok,182.46519865850283,311.59491631303143,0.5991305566616489,5.998182427714507,196906,8
ok,182.53601414834267,323.753169769364,0.5280837943419088,1.3253836087763378,877963,9
ok,182.56728010049898,92.12453932878967,0.01,0.11876310575550553,211415,0
ok,182.67629828535644,333.0648108938908,0.14173333880426559,12.315158734463274,263483,1
rej,182.72694107095396,186.25091445597212,0.4540694899574842,1.8302873836082654,705343,2
ok,182.9758425223395,211.25380122792313,0.5027887918297665,1.677587574149212,764439,3
ok,182.98474284910893,227.1652254351597,0.5397763102899273,4.517424558931707,771335,4
ok,183.02500348169573,74.07586578682327,0.34323497562988325,5.156530884210081,315958,5
ok,183.09266617452795,251.88103973353424,0.6820256402386916,2.2532485040061303,327399,6
ok,183.23492262628972,236.40512046139025,0.585570535262344,8.193705913087344,542009,7
ok,183.28313477287446,214.8155537831452,0.23348546092437128,1.4666635088444058,901769,8
ok,183.4752658146045,192.66821656514082,0.38811113923825385,7.53865095357206,403357,9
ok,183.4857645040434,114.56228508291291,0.6485021226767892,0.6813550973093971,267008,0
ok,183.53176523301755,202.68496422634328,0.4751857369692598,2.02414317517636,505502,1
ok,184.16538834799758,117.11097942439932,0.4988930124945188,9.693785903402976,360647,2
ok,184.18010201018302,98.67733356078847,0.6450144229247938,2.981169107275878,914332,3
ok,184.2864792508174,182.3799558603301,0.5857908623191405,2.4526225197700793,747089,4
ok,184.31430904986956,132.4514917477086,0.4294263819330755,3.971288104597429,251618,5
ok,184.41671351772425,94.8350997746364,0.6202914709868919,2.8313010288274727,46664,6
ok,184.42200248477613,195.80694192608408,0.4747066321079521,3.3583273790528962,320669,7
ok,184.56960534772398,156.31137017856688,0.7876502245424256,7.044876634849427,979562,8
ok,184.73216765125233,122.16343293644302,0.5719321356898837,1.6930805854962447,578786,9
ok,184.82758080108093,169.47483702376505,0.7477816149272887,17.06628601494107,75851,0
ok,184.9644334502276,248.23675745326227,0.13303797070300644,2.350607632750631,9655,1
ok,185.26820897762104,248.53670729155124,0.34564391266033395,4.123077731914664,483321,2
ok,185.4898624965081,231.13074207736486,0.30026565953752615,0.18489886929513932,519360,3
ok,185.7024319488884,91.60677273092817,0.16923691148504427,4.243695642288276,759803,4
ok,185.7547688650055,122.87981781051715,0.36945519182529807,6.343827372076144,459484,5
ok,185.93772658345839,89.07382603236186,0.6135696064641645,5.933267322439003,49774,6
ok,185.9592025470682,188.3422230620199,0.7054037969994862,3.2299944264406206,961699,7
ok,185.98774533199025,208.20250854467042,0.5048834302464423,4.447032917658928,848300,8
ok,186.1198134713429,121.12115350799888,0.2604957579039653,1.0929919192163553,432139,9
ok,186.2101616501192,227.8262200106695,0.29331044551778285,3.1303427930630146,517558,0
ok,186.33253614793952,100.29290716295286,0.39672813727925416,3.473579196371478,482881,1
rej,186.6646242336492,115.74432398793104,0.7559154351888698,1.8109042781302274,461487,2
ok,186.7999493374033,181.07017865539737,0.35541524364270805,3.2569348541451433,123861,3
ok,186.9786086922243,285.2126725123218,0.3727704693061764,7.63209413043848,89774,4
ok,186.98106558132483,243.18578269190022,0.28210152832914703,3.426312336889394,85434,5
ok,186.9845687550399,305.4753487850201,0.20574939297598166,23.949276525358535,252858,6
ok,187.0135404805422,168.46647678880032,0.29814810359721344,4.002689101938408,103526,7
ok,187.15005689177798,99.94297380842328,0.3717912660127407,0.1,866401,8
ok,187.17538982381558,180.71749721706755,0.4252416591523316,1.9472782747790376,802623,9
ok,187.18564122950312,106.3916685147987,0.4337071731902332,4.353809778529304,161266,0
ok,187.2449684949563,298.89977486626503,0.6250347495206117,0.44253335275621675,434123,1
ok,187.30522370487785,54.46238823619598,0.019145342850046154,8.678452375070512,927206,2
ok,187.3480749482632,38.89048250496967,0.4793797846707314,8.255351428479251,963886,3
ok,187.41254368067044,214.81769066222913,0.4235387812472981,0.1,223835,4
ok,187.4634300855346,336.3925455645433,0.4976444363209265,1.87757011497877,462044,5
ok,187.47717054029394,230.11655627915323,0.410181053543925,8.329548340277329,642521,6
ok,187.5003816407304,214.34415353913963,0.3082899273807922,6.014982361410544,80890,7
ok,187.6027317391614,280.0826492026585,0.6973781812556203,1.1610049125025754,857744,8
ok,187.61184107988768,199.52391905718846,0.5266574468553312,6.477567433216855,447674,9
ok,187.62451454576146,413.37569227765863,1.1422461257030787,0.6554319969483781,586165,0
ok,187.67867195567885,226.04568567409615,0.6340054021068626,6.577703467954481,791494,1
ok,187.94193497879056,281.0800797959371,0.36737075521607065,0.5076101411912588,929672,2
ok,188.0496451263533,10.0,0.7433718893213286,1.1733559208833455,869624,3
ok,188.11936873359093,238.5875326074446,0.6439623165681233,2.9044813867833725,413632,4
ok,188.54802467909283,267.12067637452895,0.6925251217407591,0.2523663386481544,41263,5
ok,188.87443084167353,72.7462825030521,0.4598038586931671,2.9730817902358946,189151,6
ok,189.09873657606445,225.146593599485,0.462122446560784,0.334652544959526,261858,7
ok,189.11043712956752,219.9366912068842,1.0053083009812454,5.566169520229952,513816,8
ok,189.1159893746883,270.4875589497887,0.2920210113224297,2.1110341215736614,230739,9
ok,189.16140771012115,240.30024281413984,0.608820475370113,6.832280997682605,134307,0
ok,189.2848895832615,189.023674438146,0.26236980821320866,1.6473132108499688,881285,1
ok,189.3282937091839,281.67002844293415,0.47783652900243767,1.8268830224152124,913406,2
ok,189.6647877378325,167.05631073858768,0.6370050558020461,2.8585359080109978,292548,3
ok,189.9864854099029,154.3147475984448,0.37042614651153266,0.9885305506314318,979853,4
ok,189.99051363296397,137.18778853421992,0.6011072122234399,3.0384171305453718,369207,5
ok,190.0065479811199,98.99629927687229,0.16880781533184042,12.208429877037704,335121,6
ok,190.1592797620123,198.04379769907482,0.6821626036125791,0.9276834955124305,455966,7
ok,190.2251561763144,281.1988810374003,0.9610594023638008,11.331530628340706,112496,8
ok,190.33733298940254,192.48353223988929,0.2399466339334056,10.93070420331319,584113,9
ok,190.49203359910854,354.1897449984566,0.5726143851808106,2.879430291524259,943325,0
ok,190.55522312589466,310.778110590214,0.6493793743976959,13.859762657174272,299374,1
ok,190.78162573893923,218.6801381494433,0.37518736833653465,5.596431981624846,639717,2
ok,191.23698146207738,156.72330591605262,0.7731699926868498,4.5827714999730915,567358,3
ok,191.3545077630883,235.8718664339347,0.7935048028127986,2.4423916405183603,827366,4
ok,191.4975079209473,142.76589157934467,0.25282184383964923,0.3716306410775238,210957,5
ok,191.7092668231691,184.25060482155712,0.41604873448545754,12.993709032574564,745608,6
ok,191.8117218013369,252.49161479892066,0.25120002869515007,1.108243077707122,311050,7
ok,191.90802337685116,239.19685219111375,0.3104112824927095,3.7882804252690203,815230,8
ok,192.3439995691004,207.42299037942803,0.2788012701052544,1.8678259917615887,463243,9
ok,192.46256540397292,46.14295432846262,0.15003081060752332,7.716496559523591,539005,0
ok,192.76015842451812,325.0535376585299,0.4930553603581299,0.7770796866800707,634042,1
ok,192.79652084837394,237.27574212164163,0.5421435612354443,0.6233325496314928,484523,2
ok,192.81456054540814,203.27600268527362,0.38210473884361257,1.2706647604902095,562209,3
ok,192.85872180309906,76.5904329382363,0.7445186746022702,27.192743957377413,665170,4
ok,192.8911039381229,160.84080669025684,0.4480031130943516,4.187339699691149,273665,5
ok,192.89204141664572,299.9045613679027,0.48084078325806034,2.7211113062656618,285785,6
ok,192.92055972996357,227.43346159081847,0.45950289515111264,5.426694418764865,243047,7
ok,192.94254927415184,381.79157620861025,0.35402527942843454,3.5174060738204482,17362,8
ok,193.13474061043516,298.77218674108843,0.9734919265919475,0.5495218776548662,124497,9
ok,193.15881984526425,217.86857380733585,0.8248489715131302,5.107803077284521,644739,0
ok,193.37093435248056,61.90307245654631,0.655551879967825,3.70381825211378,821552,1
ok,193.38839840165227,269.45867850851846,0.2448724753549737,0.2098997877839689,746488,2
ok,193.38850481369494,191.22737322946045,0.5312636892401393,7.0255066144597915,103704,3
ok,193.4647131509042,249.03670835627014,0.6701960241283449,28.347992203649227,180959,4
ok,194.07009613296728,240.14827814463504,0.3910784036716291,5.391462175529113,768485,5
ok,194.23213818679952,250.0264601022768,0.46898610106268623,10.403831139092485,434802,6
ok,194.38525947523905,195.01673842373958,0.6442682219801827,6.245831280686555,260858,7
ok,194.38577143405692,333.3079446867295,0.6021775810369183,2.4145275688452816,228657,8
ok,194.6388132356729,54.549859251716924,0.4750298566173316,3.9863759011627593,298379,9
ok,194.93372852469082,225.3004910133248,0.5256401781249425,2.9675887643996224,922525,0
ok,195.06802196833615,94.30286782589688,0.6300502402280342,6.824142081340345,771839,1
ok,195.0768236609702,99.79254653283417,0.5584499406986176,1.0433906552825636,691662,2
ok,195.56477809564484,232.27227690709668,0.02492249266032176,5.4698223276599585,6752,3
ok,195.6509949517596,105.86204629240605,0.7368124439593675,10.574891677667487,777961,4
ok,195.6703441342554,80.63233877494383,0.5232500333182525,6.995433056056381,561537,5
ok,195.67748502431473,250.82906802076798,0.3979656174457707,0.23357767288137235,540313,6
ok,195.87115306611082,146.7388379039763,0.6344775919565561,2.570592325327654,449073,7
ok,195.94771527755807,95.42391734200459,0.4038957514132338,1.2819369636903462,900827,8
ok,196.09439405671947,162.43280782683374,0.34989431929937675,0.3254977904633782,52188,9
ok,196.1251489423329,63.6395031842232,0.2336729556254512,3.324142201205613,127710,0
ok,196.1630059553415,291.52276243303544,0.14869562339717246,1.2713903622942713,403381,1
ok,196.24048559819903,113.86414264623882,0.5445801309821321,1.8334095004706632,676538,2
ok,196.34091509711251,325.55479062915725,0.3565091095687084,1.3154142330915743,285721,3
ok,196.42044568434355,176.13829767902928,0.5536117565102677,11.2655431380564,123988,4
ok,196.49455093618448,379.879774765067,0.43329471983970136,3.902613897435694,773097,5
ok,196.71117840212318,178.64429632739868,0.4547952915563489,1.5291261379391634,592096,6
ok,197.47685169093654,205.64753882043215,0.3140152563165639,7.422419587844601,376338,7
ok,197.70026995873283,74.81490395347022,0.5630918212635314,3.6687672785488665,240713,8
ok,197.86676096962012,59.301795587259164,0.46395521104197296,8.632472386614182,707665,9
ok,198.08760644589105,374.36031737154303,0.7173833730244306,3.602943052595948,751356,0
ok,198.27809274167214,197.36938995759425,0.5199822591630184,2.546861249396585,737656,1
ok,198.335388334835,238.38911951767642,0.6395715586776085,0.9856182010594803,573190,2
ok,198.40093917108018,184.38749436905894,0.4753148240339009,5.405369477088946,692698,3
ok,198.4318519900437,102.53210087773743,0.5352475288849057,7.805819234831958,295873,4
ok,198.93384121262352,147.3734536909547,0.4970053855028467,3.6834852434188123,232320,5
ok,199.01604511802415,175.2423473149358,0.6517852216564659,7.083606331746505,775809,6
ok,199.03378463960107,263.95364075071717,0.04707610933106082,1.0015456698565852,872205,7
ok,199.06132963539036,265.44779295707826,0.328386314132728,14.366768482309105,945363,8
ok,199.07832933856523,107.65033641623054,0.531363592414064,0.27891593292276745,251800,9
ok,199.0833614141581,54.38997222126167,0.15344431363972344,5.456085062013305,67934,0
ok,199.14513447155417,177.45160774447845,0.462258421522856,4.233330831080605,543323,1
ok,199.1757663498888,189.85580727175173,0.4935425533475397,1.4320281625904594,322456,2
ok,199.30735277604248,228.06241052983646,0.3361433456044248,9.845616677054386,707417,3
ok,199.56177504667124,190.7183461169575,0.2566428419483898,11.248239461547207,343208,4
ok,199.72540754981532,175.6859340706634,0.6969008004111144,3.455872281740644,244950,5
ok,200.0072677669572,347.48995057180684,0.3461846161385844,2.7633689523441864,391325,6
ok,200.1611457256805,114.24108800148547,0.9156942572049616,3.9816835839427913,659042,7
ok,200.27510493085597,228.57773685910198,0.6531146147251667,6.254526755289635,503599,8
ok,200.7131191746193,228.5917661135973,0.47085527033421914,1.2974496640395379,300764,9
ok,200.81719750964632,172.1054788748384,0.3837674942805481,1.6155771886917425,610334,0
ok,200.97127245261996,222.58100253556805,0.41407038462923135,1.8087689963603673,179707,1
ok,201.13655620951334,115.76877824497062,0.11821053119295277,0.6724064175905641,143956,2
ok,201.15068016961547,371.0620310682794,0.6305453818973217,0.483274103947833,849083,3
ok,201.1694505353551,257.0056242156165,0.29267979950112966,0.3371917263206927,16251,4
ok,201.31480699582835,114.8856480007521,0.44363899928614325,20.179201035952,579991,5
ok,201.40252223115735,179.18911354142676,0.4759096880520436,1.8867331507514473,529373,6
ok,201.5210130417902,233.65267679451995,0.19110186492142628,1.6305771545931433,343812,7
ok,201.52669714446856,56.9268051605454,0.28337973812523,1.4110862231056975,384814,8
ok,201.620801817112,242.91292840561093,0.4736823227676058,4.854119019909515,613868,9
ok,201.67622770487952,251.62307182429535,0.27673097163406973,12.636694647380846,665652,0
ok,201.7995377237839,241.42144700491858,0.6851490221525564,14.70446928104176,26514,1
ok,201.86490187739793,204.19138761199707,0.8110987151262442,0.25379069938677584,851439,2
ok,201.8665707485393,347.8210105028418,0.32702973536683055,9.948828292377993,136129,3
rej,201.87071664342122,226.97294159328948,0.6765888152689958,3.142962632115043,919433,4
ok,202.07441785872737,147.02580931007307,0.31265584291000004,0.9478989705942538,414796,5
ok,202.85011226456743,248.49832776239094,0.3140893564310071,3.1001552907685355,162784,6
ok,202.85434503857124,224.71353252511807,0.8283819776418986,1.1752254887176667,185351,7
ok,202.8551420917853,141.73234979935998,0.7115950047334599,1.2042505798235272,535271,8
ok,202.87878189627006,237.32036822752465,0.7388319064743996,5.1263553177980565,80170,9
ok,203.2032961904552,225.72150103779046,0.6396097548872617,16.224422865108842,142166,0
ok,203.23579823215107,141.1128787322344,0.31661871753085713,12.00925568724547,802203,1
ok,203.4451487676809,213.16296707381028,0.3244521542657941,0.8584015187996046,216535,2
ok,203.45444498053737,143.0958971590116,0.5378897105219216,3.1923006231389417,819403,3
rej,203.57360087924567,205.00590202530248,0.9957766813234776,5.254702065654621,959573,4
ok,203.89732677620452,254.446667330911,0.5545599700197602,3.0605766420801723,812438,5
ok,203.984807588318,195.1881130081471,0.7502919081820882,3.7366221095366607,520866,6
ok,204.01983117871532,102.37427726764922,0.3050977376706407,0.23369324363506966,597161,7
ok,204.12917494009864,236.53992452028842,0.6157960969005369,1.4156996153466952,804524,8
ok,204.23950464337142,308.0729660171993,0.4918324550768928,2.1807551325144323,729492,9
ok,204.2441650708755,226.3252154913652,0.6496813127741127,1.0035996295972833,223826,0
ok,204.27295248212013,154.76925819238417,0.012478646791844072,2.004628194455304,246746,1
ok,204.36357619694854,221.93431019639945,0.6655909253539457,2.306441789780533,768145,2
ok,204.60973653865352,263.13332431757874,0.8296025259502922,3.633707678867805,138546,3
rej,204.62122861758272,65.88706683457443,0.8062638943912102,3.9961958654058365,855820,4
ok,204.6377865445228,204.9850455829784,0.7983026561620952,8.887228730080567,245041,5
ok,204.66674846181732,209.5956705631396,0.6344160572706653,0.3935155990856798,796882,6
ok,204.71380673393375,203.35432443309037,0.5357147915296296,2.721455764579977,403289,7
ok,205.02296568201336,305.1268508166876,0.35248875797047163,0.7906726649647233,370632,8
ok,205.17228438968175,10.0,0.43801221677061475,1.3172839802929701,638057,9
ok,205.7195970112897,179.56263681090368,0.43514318839727667,2.369346066552662,619737,0
ok,205.73716584674034,171.8194060513367,0.01,0.3205096022287256,138979,1
ok,205.96574953909777,159.35045958421765,0.7671159406140144,3.2417034123100112,659543,2
ok,206.10036633316292,60.37106720163652,0.4470242636384839,1.765445781889695,522679,3
rej,206.19141469380497,199.66148509650753,0.5415427798764305,0.28707269172512273,944567,4
ok,206.54040227674116,194.92391238525875,0.49464926637926215,0.3751576307772805,962452,5
ok,206.56386446502637,89.07456530485717,0.7818141837505594,12.462680871071408,113260,6
ok,206.76090933085698,270.12255373186576,0.4842298584853141,1.7546029995130554,645940,7
ok,207.08784273537623,304.83304710950756,0.864081787626283,2.2771682697270963,874442,8
ok,207.48094026578232,355.4616561256008,0.2993372478936819,5.067938245164838,27278,9
ok,207.60983051884904,261.72410038272153,0.4179430114028517,4.502130473136661,552007,0
ok,207.67129943593133,141.50218131547504,0.43271970206048527,4.711152536054549,625083,1
ok,207.86205575355868,264.3988368528193,0.46996882988763555,0.6707187591086222,376034,2
ok,207.94570756043842,275.2945870367456,0.8851745291263757,11.01344133582316,512962,3
ok,208.08972242836487,240.373345779295,0.7023531422099052,2.1098285276113886,477734,4
ok,208.12950448720758,114.63629646170843,0.15128521598867717,8.766757166754108,323694,5
ok,208.28464290442471,189.3912853870234,0.5666401249559669,2.4904277815008697,13249,6
ok,208.39166171061544,171.6294021949222,0.8829162942741948,7.750400546387647,230763,7
ok,208.51662306738632,114.23503540147809,0.5579681183393325,0.9395724248743311,582507,8
ok,208.56360296313346,197.72944458745582,0.6141218388563284,2.8631616491732466,684472,9
ok,208.79816952094072,186.75888820634864,0.5299789683965458,8.349773322617155,170956,0
ok,208.88751781503777,143.2439488078649,0.43591627151011303,4.485232214471263,692950,1
ok,209.07697227923697,179.00546952619288,0.3083877474394153,0.24950531821207958,921780,2
ok,209.20320956876864,226.91696753983098,0.6393079046673926,2.460911936156502,518729,3
ok,209.38155946117433,159.13605038726118,0.6929111389563878,6.873142768131966,848546,4
ok,209.41537831132044,244.8107327529111,0.39210492106251527,7.291920872555736,999634,5
ok,209.6237752567334,172.12241252468604,0.5443785475767797,10.722713515421379,773190,6
ok,209.6830503195044,227.81307542763966,0.21150870544297468,2.1222057715398273,504276,7
ok,209.83772849486095,265.8514885956507,0.5915142279093027,25.225013889828027,572552,8
ok,210.0386359868684,232.47652280759067,0.389191297039048,4.183927824625392,329193,9
ok,210.1421656004855,123.0868416622938,0.4077573804626586,0.9500669633933065,738432,0
ok,210.14958121825813,249.56648302172042,0.6551057024540988,9.715072997629523,888962,1
ok,210.30181615439164,241.9090192540898,0.3524874911975753,4.080552282392982,82598,2
ok,210.3161966372788,106.84528318168748,0.8705616780921381,1.3585456308505697,271747,3
ok,210.32903388487804,198.87247925998054,0.43362846005819694,0.5604476774009961,144120,4
ok,210.39681031603564,68.93615153979368,0.8725501227885689,0.1,633660,5
ok,210.94805976007413,330.56972185575785,0.32890845169427685,6.1853798646485405,421374,6
ok,211.00004742737485,209.05713903014694,0.4147868270360327,14.790616723404376,737588,7
ok,211.1722327348345,224.66223377971548,0.199498191222309,2.47324201007926,200347,8
ok,211.27107788200183,191.52603674592905,0.8573541347926279,12.17009407667636,861611,9
ok,211.4183313730899,296.44292128081395,0.18302507603039725,3.0383047812887627,331791,0
ok,211.61462705739396,200.3300656330576,0.49525001476493036,0.11885861463296925,823518,1
ok,212.09953763321118,55.64353537632553,0.5122894285267754,0.5866004811462967,305899,2
ok,212.1517985397658,220.12188085144098,0.5142630194744351,0.49578972671912747,402749,3
ok,212.18130133688166,274.054562399616,0.34475462858437383,0.4113318630977891,989620,4
ok,212.46231030311117,257.23952908217774,0.31556174315262736,7.147090106304617,62055,5
ok,212.7417739380659,253.766099965242,0.3239278083830111,2.1776320900514285,218799,6
ok,212.8032104654768,111.8003500693729,0.5049692806282631,2.2214808091994023,40147,7
ok,213.15591046656786,155.82499924387997,0.30917918436788266,8.232541580220047,330466,8
ok,213.19186717443787,167.14934053459785,0.4110470819308813,21.22923891974139,761748,9
ok,213.25852400370434,313.8814193712195,0.38476111172392574,0.3239710450221268,783361,0
ok,213.28174561938133,123.77752742367387,0.7323249618641541,6.047914400107026,261733,1
ok,213.28463633105997,289.0964707729162,0.9548868174704619,0.7824292104058411,359834,2
ok,213.30043606639833,200.7381983610541,0.6574978137716518,0.2559429692145867,904882,3
ok,213.32053902985587,178.0689967780966,0.9071622245002973,4.552323509998312,462626,4
ok,213.39716364758405,199.83544370067196,0.5076954953461037,0.3146832142107583,700902,5
ok,213.99200205750984,91.51097689704503,0.9656006427893564,0.1,761054,6
ok,214.06191679236778,246.5042966446846,0.33181846392734227,0.1,691818,7
ok,214.1571045958536,203.01290873891043,0.30826761798271113,20.21695638534291,689786,8
ok,214.22336769965975,309.3750914253667,0.620778153819131,13.14989951712306,236891,9
ok,214.2477201134972,218.19351315633642,0.6480191654565141,8.189364822648386,272741,0
ok,214.29151328049778,82.29996355917089,0.5001020729022362,9.641475715753103,360890,1
ok,214.32012376312903,22.459261930388152,0.761307948868475,0.25430648174766113,704207,2
ok,214.38653369647105,212.10833967925475,0.7975527570525662,1.817756162279303,170217,3
ok,214.46022521586607,255.53419625573974,0.7264463141290425,0.5877460468653057,319713,4
ok,214.55493501610007,173.51779306887158,0.5377048836342369,1.4266193372610394,17801,5
ok,214.5651033126403,289.40441944257054,0.41002079611953024,0.3454405319533654,373668,6
ok,214.58769724130985,260.26534390238226,0.2176225359658766,18.38148431160404,601455,7
ok,214.8039588585229,251.48382071332614,0.31675188212208266,4.064022069819102,565720,8
ok,214.8885265523682,214.30492193585616,0.6657194844689115,0.7379178889050586,61009,9
ok,214.91106217495462,230.55845819771017,0.31933707286215485,1.27018830930631,767886,0
ok,215.12972088768745,156.43773051239316,0.01,0.688489775956852,661061,1
ok,215.13329186412258,192.98976104270747,0.5106646949053831,5.110465342739163,158561,2
ok,215.22968895502868,47.97621129900398,0.5350822857500043,7.053522099419245,370587,3
ok,215.29367004660423,288.82209371282613,0.17643285055878383,1.244371922854265,23055,4
ok,215.46311876935783,194.36736514455507,0.30347016773141844,3.8469483354970144,514963,5
ok,215.6781734008997,105.22855386940208,0.5228667868553636,4.239579530725471,658327,6
ok,215.6823554355838,10.0,0.4581014309237444,0.8494796725176528,64301,7
ok,215.76120852190544,139.26065470954092,0.49197722973257424,5.649087627146809,25757,8
ok,216.0674491930398,323.8765906229293,0.7762158193724032,6.899634489348926,253196,9
ok,216.4111962010579,199.5426007316083,0.5754206657697036,14.50282270529269,47147,0
ok,216.46683425458744,217.37601426513217,0.5226396428509921,0.1,13045,1
ok,216.78340204616424,182.9037289595327,0.5558794885764528,2.635737178521878,236742,2
ok,216.79979662916367,265.0894313134538,0.6449933511465706,10.640719206650115,991464,3
ok,216.87259846032117,283.05518239222044,0.5785854702229866,0.49015012101494165,685639,4
ok,216.88845811045184,181.00329237913354,0.7600726950521914,8.119443819911933,342536,5
ok,216.8884769095005,176.4933931925026,0.32816330054943366,2.5346428075650502,69777,6
ok,217.11276565991457,267.663113541652,0.5039591534761363,2.764298235503056,860835,7
ok,217.12142957687817,15.559927426098483,0.28218402202266546,3.986511580650502,65437,8
ok,217.2490766753483,212.43043400534373,0.38336945167272446,0.7093945120325649,361683,9
ok,217.31973980193766,170.89548090309881,0.22472465765425542,0.3114725174775718,696228,0
ok,217.3618972777071,196.45418213565037,0.3368408275964174,4.2592930135559905,443183,1
ok,217.53482576462832,190.78776719340928,0.6562614455424788,4.941753362208802,142449,2
ok,217.54256927165858,287.275569873913,0.4854428592708085,4.485856972711592,935779,3
ok,217.60134000955966,199.75575624426907,0.32263889718476924,12.54825033459129,966769,4
ok,217.61093586286168,10.0,0.7093470385439272,7.124424639895119,227042,5
ok,217.6314200313628,243.01559802966577,0.33630269836706495,5.696507608014853,470775,6
ok,217.72256419094398,113.07126314859289,0.7690826213270594,0.415058740533682,456354,7
ok,217.72665165937673,54.63823246597235,0.05599934660976086,2.4403104772297404,148955,8
ok,217.73044913987988,170.2482303593739,0.4384775235429847,0.1,375427,9
ok,217.85111245579486,217.64071641711456,0.433199326752133,10.744104016881241,327105,0
ok,217.8669204419169,320.66726344883637,0.7915266322353338,1.6517405710806168,185530,1
ok,217.9779177416638,124.65100411734721,0.4679680620932798,15.879927805375335,680605,2
ok,218.11981513006674,170.6623749806807,0.7718065898313882,13.273932211018412,344785,3
ok,218.2650055297742,230.55728235425795,0.3655322435051135,0.1,763430,4
ok,218.34632984538447,306.57871153736227,0.5452685066817331,2.9583245301786394,823429,5
ok,218.34701757069223,256.4630894678385,0.36105821108327185,2.545961337591063,783610,6
ok,218.43500883685758,321.033138922287,0.4160710228015519,1.3340132579656707,428480,7
ok,218.45908356898605,204.02628149077844,0.5346903192246841,5.3543163342768905,401256,8
ok,218.7218843528562,170.91790007116143,0.8511664005236356,14.312038472501916,10101,9
ok,218.79674461355748,198.5862883494883,0.45276133884862857,1.1505053688139415,429165,0
ok,219.17543898114366,168.65425557634262,0.48274829170696815,7.4983091992182,934201,1
ok,219.22302041266144,106.2386574821816,0.8449280493517444,2.8858430082367885,276552,2
ok,219.26130149091597,185.28594555377077,0.7923510898501361,0.2021181630198524,559630,3
ok,219.62332620947566,10.0,0.3384154364900428,2.126686202909083,557146,4
ok,219.749359088999,317.45793244607773,0.38411263312819083,10.460914796204756,843684,5
ok,219.83346135801938,94.80168849561268,0.6962243345630267,4.909519791860216,771371,6
ok,219.9595256096824,100.83684975162384,0.5087274549560127,6.4605580270157015,720001,7
ok,220.0076716904756,284.0855035841581,0.4331554542749586,5.714781360747429,739177,8
rej,220.018457813013,133.21426334763422,0.5264258242731178,5.184621025044579,485123,9
ok,220.08120184993538,244.5343268257939,0.6243776914719894,40.70027386080916,795959,0
ok,220.12563814009067,164.76395332997103,0.409043515441199,4.567959219401693,43976,1
ok,220.1765485133488,195.0505291528514,0.8184609468482311,5.0727359837357895,592160,2
ok,220.28733669206105,351.14019940116316,0.5576424554719481,3.9450572958874126,966270,3
ok,220.60697571930703,265.0161279704317,0.520015194703669,8.208129089704855,128550,4
ok,220.84208878767785,191.73156913002893,0.5276098079448125,2.096967937203897,428798,5
ok,221.1291318044418,197.32641109028307,0.26208899495123167,0.5532532426087275,409258,6
ok,221.14982176322383,61.56351750638433,0.796094792239681,2.7555662847685896,179637,7
ok,221.23851473529245,199.2889232874288,0.9261204895512745,2.0910224703126556,3261,8
ok,221.26528902390623,21.13553920456934,0.3723453645438586,8.449045336676889,524869,9
ok,221.26721594821734,356.1491470761398,0.7319901785513425,22.07132126922052,144941,0
ok,221.53796535882665,52.38796256252968,0.530654023212064,0.1,652050,1
ok,221.57239844805923,265.3805745212868,0.816430168296465,4.659993944664039,911058,2
ok,221.70359322838004,146.84920217773612,0.47108445605857013,2.238885285248222,694132,3
ok,221.72069228928862,204.01735055914048,0.4746721697350915,0.12497173252344014,538899,4
ok,221.72219682052875,116.54851521862155,0.45820138250427517,2.954104857656403,880858,5
ok,221.77916687743027,221.90696645722397,0.3440864503824106,5.245143429608458,768013,6
ok,221.90850820073678,201.8527849261922,0.4055693252637329,3.136942595872199,733585,7
ok,222.4914571366781,100.80638217426076,0.18142364398498323,9.030500103040227,155365,8
rej,222.61342646497488,10.0,0.6323624898286441,6.648272222774211,83516,9
ok,222.73705504016536,175.822521957251,0.5612185199643401,4.215149278673925,346083,0
ok,223.08977070897006,157.63204270610552,0.4804833287256232,3.8089623493629525,248911,1
ok,223.1052825796306,194.9439120156578,0.3359071001990983,1.8899962525113947,880947,2
ok,223.3716956971792,275.6840295226965,0.3918331260123557,0.1,868488,3
ok,223.7441990654168,187.98106250411567,0.41078845895155536,5.450844648004417,860522,4
ok,223.79277797668547,133.69275234622177,0.7923819960029637,8.58192448859279,184836,5
ok,223.9606727437523,132.23618268084778,0.5359212327065954,20.086753522138004,258782,6
ok,224.05259423671527,250.59752735435998,0.20298188332534423,6.134157416266034,991908,7
ok,224.13136684034464,135.8276217515902,0.5580520603279518,10.359968770431596,23042,8
ok,224.27407970160664,169.21042991263607,0.5544001686726886,3.6625874235164573,845641,9
ok,224.42152826018784,125.13298021649845,0.5104059878627855,0.3128845855767808,939866,0
ok,224.5411726361432,81.49124410418814,0.5747161655367178,2.596612802169016,177045,1
ok,224.55526829262223,292.2977390888143,0.4415762259383438,2.473118859820247,778894,2
ok,224.56190826487662,238.91320476719233,0.30845365837766253,5.875720447762812,825943,3
ok,224.58949560604,151.57323255994174,0.6713385617193699,4.056447781978175,879067,4
ok,224.63546361120385,123.6100114345423,0.796646300251918,7.173368427684829,716868,5
ok,224.71803072567457,250.07998834251762,0.5412198094856522,2.857699829815084,588679,6
ok,224.8180234759756,247.181612252521,0.3104255765031805,1.1957768496720527,176490,7
ok,224.96440449797942,214.49874170089498,0.7794848637838313,9.076733226713408,752660,8
ok,225.0409102501808,318.1653212687971,0.32029740267535467,1.1617042418441261,82301,9
ok,225.05055812123015,85.36416334804626,0.2590722062591456,0.6421456030643946,447927,0
ok,225.29155905050516,104.51805217266191,0.5276902659989438,3.579215341317843,972710,1
ok,225.47595114593074,338.13098339049657,0.19003243388517155,3.9531267634623077,906666,2
ok,225.58367819833316,98.47026643824293,0.48331850757268524,1.3828157175220448,626920,3
ok,225.86427592675653,188.38586403870397,0.4294219412209875,16.006123941466317,108693,4
ok,225.93661465723105,304.5370321646651,0.8909844383231846,0.7581242142171872,650652,5
ok,226.10079361991063,204.75275071913012,0.3617577565405478,4.021933431858021,659063,6
ok,226.128975718384,234.39378656700137,0.5543509678694907,19.332380846665693,479735,7
ok,226.13237360222794,239.05108059347097,0.4562733551882998,0.2591272167694849,744601,8
ok,226.1720597069724,334.8053769763377,0.5468464847810388,1.2942190762589592,157360,9
ok,226.21670555218964,179.77827569323205,0.22878545240706766,3.5093863826432776,644808,0
ok,226.50356611789243,260.44361982063174,0.6899901436097322,4.250990822866285,631211,1
ok,226.55336120640243,190.67660099141463,0.45845283359144917,1.0826228945139336,41994,2
ok,226.5856909163066,170.1616512926563,0.2065443900870193,2.3959474895897297,264737,3
ok,226.63707226920366,181.9401575177561,0.5579041126177554,0.8935624198588317,356778,4
ok,226.64695306171228,45.709778382253035,0.7207406336178227,4.0517741046974,845041,5
ok,226.77555374882743,202.12035847311597,0.7482038894805384,1.9818384138284653,773865,6
ok,226.80052484718178,120.7372789971234,0.5575184017185276,9.683018276343399,768311,7
ok,226.8040477124091,165.55389533093677,0.6059135475961525,3.3457652205627664,394807,8
rej,226.9679556763027,162.72326398064996,0.7696189552706222,3.4602864621762026,28591,9
ok,226.97170801953663,99.58486603055589,0.33577228762103767,2.4720478223646762,656161,0
ok,227.0164520198297,354.097744846002,0.30229031820797897,13.070145363187107,977716,1
ok,227.1226694874133,223.67476310435322,0.4234989874144267,7.450814883825653,932685,2
ok,227.18748676117852,11.267510074269438,0.7474524502522689,1.2695891315048082,38080,3
ok,227.36740736845982,261.79023054704487,0.7567679613553945,3.0407269372374306,520455,4
ok,227.4455481237164,115.87067527262863,0.3190507598897949,9.451430175430387,93972,5
ok,227.69075474578352,246.83190576903854,0.4525150709527775,1.3861520966263803,375773,6
ok,227.7418265765697,183.0021643121905,0.5246781637531869,6.155676038132652,306954,7
ok,227.88219437029394,287.0586105892859,0.2995293293608893,11.661341783102067,704271,8
ok,228.0858619666198,111.51566665184026,0.5107383245429731,11.14385023036383,158134,9
ok,228.1699609566897,292.33593560583785,0.054678097784881696,1.2011155613737592,480370,0
ok,228.2211810890906,235.27724573439062,0.827218109228522,7.183284763808617,247616,1
ok,228.40059807477235,152.15367616288128,0.5852477088610206,5.251989324580872,532087,2
ok,228.48238214190093,115.23620701084451,0.5926993864516218,0.3184633166457045,373093,3
ok,228.82171162817244,205.39559272734567,0.26350005700956003,2.288788915198084,170167,4
ok,228.82743317193223,113.61868421315916,0.2318864576966322,3.400539680824221,771227,5
ok,228.98076782080204,203.4252249272142,0.638112498787189,4.503099781708815,789554,6
ok,228.99948514929358,72.14947608048578,0.5945455187884642,1.601359849763301,424370,7
rej,229.07060328291266,294.6051575969368,0.8099051355008198,1.8284029317310957,354047,8
ok,229.0742499138189,176.5689945751438,0.1821401740634933,12.012879534049304,282947,9
ok,229.1920673332005,219.3708048630457,0.6944281397259822,2.9274534373917334,842346,0
ok,229.24186272074155,198.1793736671746,0.5983693453270056,2.225553725033263,516227,1
ok,229.5397398063058,228.81809785271926,0.7531944766142387,4.174293806623279,990296,2
ok,229.62572260712392,222.98584212809274,0.3762784458970276,2.354288266233871,411663,3
ok,229.6278687097145,148.6793885098122,0.5782407308138076,7.995374988814234,15502,4
rej,229.6654334854545,323.28769358971084,0.8817505507976665,0.9732067456508879,325859,5
ok,229.7376961045891,238.35281791809567,0.797985105816517,5.586904716127048,556103,6
ok,229.86004698169998,130.72175398250673,0.5431320139803718,1.3408663840046446,944286,7
ok,229.93798036973786,289.68585462909743,0.368819311717281,5.623852270322268,302228,8
ok,229.98462998667395,211.35209229209872,0.5887537773538289,9.37435232901475,577187,9
ok,230.2783202988302,165.6568295965973,0.2461534712035297,0.3145337039886066,491695,0
ok,230.29831515475814,240.3903121024873,1.015488622311481,2.8770291026597077,36625,1
ok,230.45608709119264,154.1741346174323,0.18652335501692296,13.920576146457602,810457,2
ok,230.56074036641033,290.38577625029257,0.6669979306096737,2.9594042655335544,557625,3
ok,230.6311828691645,290.1389469506331,0.48145301439633176,2.25976260125045,598211,4
ok,230.90184273049428,149.4563152894034,0.36940342241106294,7.017119438595252,578914,5
ok,230.9579151651452,149.0009369754792,0.3624154859222418,1.8133519633927173,275195,6
ok,231.18162632617182,114.94308233919455,0.47512557942896816,2.322383278073897,979464,7
ok,231.2304178117385,163.23692034456556,0.8299750006007163,6.045644641297601,720207,8
ok,231.28211305073916,200.10635173497587,0.648237641366924,0.5894316556876309,40161,9
ok,231.36270100298213,174.58849512019387,0.4809276723703711,2.1516827526349678,478064,0
ok,231.8307015011569,270.6890592353717,0.31038002134966347,0.837006175585919,414255,1
ok,231.85389040362747,239.70020024230726,0.49654508795016894,1.6531629829024383,756429,2
ok,231.99240793135223,180.77798406367197,0.3922056655310016,6.786632266495483,125845,3
ok,232.04981356253893,81.3974740739722,0.9845024979021815,2.6683980660711963,423392,4
ok,232.1734735603394,187.8780843223466,0.6588955063019664,2.4519630403635966,363424,5
ok,232.22950712102312,239.10311674860927,0.41162949602350446,1.3078731363195064,520098,6
ok,232.33055206982388,10.0,0.5183482338414303,0.3778385308100408,53637,7
ok,232.5440191354919,64.17950570443486,0.24122670271871505,5.595353345709141,21688,8
ok,232.61727484205065,278.6716047305801,0.09708968854110339,2.2410996227330426,286313,9
ok,232.7923933855401,263.61913990333846,0.6610712509877694,7.811478121085007,775902,0
ok,232.8904066934154,154.4775001359281,0.6573352848335551,12.29000891809549,35938,1
ok,232.95468485509306,99.20416688060321,0.5228133281333466,0.17836385951884345,266254,2
ok,232.96671497282978,161.95926684012795,0.7966182003048408,4.69055868720708,713792,3
ok,232.98703635134083,229.72952515845097,0.7115227114583796,2.1721496021427398,713444,4
ok,233.22953032093193,148.41605004581228,0.8323744144890368,2.2558817826376725,610275,5
ok,233.2576602285684,184.71617414837922,0.24387420587027658,2.3099847096160278,736843,6
ok,233.26557935199241,137.7124796304867,0.419283247933184,8.099570045280153,813608,7
rej,233.34689208103921,167.57098647465682,0.42436743379198816,8.536151288462026,974256,8
ok,233.44860567497076,10.0,0.5336885067112911,6.822709176835123,303853,9
ok,233.54850751220525,206.0403961147354,0.3337170304920849,12.68263321571843,719439,0
ok,233.5585038325425,237.17830687337164,0.26204984321502267,0.1,799100,1
ok,233.88439116283627,235.19440819712997,0.2545922984717719,14.156494434168305,217157,2
ok,233.96590979282087,10.0,0.7987389147169778,3.843097797946999,799641,3
ok,234.00513785396225,287.5029885808936,0.7031247781334677,3.678614312627796,554981,4
ok,234.2504637895936,193.11442442833865,0.9255438357421758,9.229386723476118,541338,5
ok,234.3601938972262,163.1096413812528,0.7625634425122849,6.324444829638779,356809,6
ok,234.40338855841946,218.9203508045138,0.9258645998055967,5.4269120648842994,404825,7
ok,234.47015797176644,179.13518123335808,0.2715295882536035,3.2447818716459444,874929,8
ok,234.61175478210257,272.43510093411953,0.23208566756578736,1.331804920049506,262808,9
ok,234.79272743644069,151.46639856382546,0.5705024728898034,4.490472753748772,219120,0
ok,234.8042487045034,195.2962078865175,0.5343160327034882,0.10234611030975492,121629,1
ok,234.89179914723448,226.8846328393436,0.3316235935040144,6.565332619730901,593534,2
ok,235.1369095854254,173.24955735527166,0.6363993755998809,2.2139640621763808,345445,3
ok,235.5954113933638,41.05587348739482,0.2244652471378532,12.975435943186245,843893,4
ok,235.62133590686315,68.28176773880594,0.01,6.784226536998402,988913,5
ok,235.69279361668205,231.87159084642468,0.6699951807056914,13.365891713160078,969435,6
ok,235.73077363735968,186.87052689768245,0.5267575259862578,8.095676361693174,254433,7
ok,235.96685912889677,331.0839544045023,0.3469643079088759,17.321078042976247,614618,8
ok,235.99241988737458,160.01608941342462,0.5260939912717997,2.0670101744253175,706597,9
ok,236.0114453654156,385.69275179388933,0.6654381207322233,22.737227898774176,755063,0
ok,236.43710539739396,213.95289206330332,0.697804191586431,10.860541551164413,558660,1
ok,236.49190259177436,209.91495783192812,0.21537627532117903,3.7879943762493067,714420,2
ok,236.79299533115338,248.93754293096362,0.5301196723328676,6.836694425380361,918179,3
ok,236.85000978579623,89.86874147938947,0.7848780033290946,12.727455909354088,370520,4
ok,236.85249492126556,231.49062134520463,1.0883520077088726,1.0544667315740621,170447,5
ok,236.9223540115635,281.9109164458859,0.2559301713974096,6.99444122622049,960874,6
ok,237.10682434472304,101.06957718497077,0.41533175367553804,1.7410551044196076,910214,7
ok,237.202467623504,300.72693859040913,0.5984667959069886,6.360123299105352,943145,8
ok,237.2264186778252,158.8443776532827,0.5652239560089958,12.490231357264426,160490,9
rej,237.37272386691748,294.0554519504147,0.6979884284715705,3.3415789939014067,346720,0
ok,237.4887393045172,339.55487306033524,0.12849355386843925,7.7982688923307,887322,1
ok,237.51659544312068,169.99321466730703,0.6453602743492016,0.7983004443544433,783700,2
ok,237.64242334805178,51.9432811159416,0.5433406231299873,4.946602297065587,859916,3
ok,237.79904766735973,153.35840357230825,0.4308294969575623,3.569863849423187,9533,4
ok,237.8406289914049,194.34440174406419,0.09026545347242809,6.568947013178393,613346,5
ok,237.84251311757657,115.17699837594975,0.4877316099796957,9.594368567705674,856014,6
ok,237.8801135485137,156.3860025894033,0.47687245423301045,0.807554751965971,53744,7
ok,237.88033747275253,290.3316520748881,0.3982640977335253,4.287497127014846,592308,8
ok,238.10933685333154,242.1313563668535,0.3072450906753146,6.849301985321166,163752,9
ok,238.16203633341084,225.99514992348344,0.39650830419401584,3.6851873664737282,998565,0
ok,238.24133276647046,197.88713781222984,0.7510148848928673,1.7476133369577194,361319,1
ok,238.41383787487092,125.75046812079688,0.30903408501518626,1.170610411396583,380835,2
ok,238.42747928853805,250.3211321922775,0.6890478911109514,2.4161591703332483,305335,3
ok,238.58884525178578,196.7387321026282,0.6114209946251674,3.3499407315143106,656107,4
ok,238.68297352475565,128.0833377262932,0.33344758795089224,3.3509117351864925,307677,5
ok,238.7697996711058,251.84502832940285,0.16819667362035645,7.365612880310776,338692,6
ok,238.9160277543908,231.28321084572218,0.3061759451225291,0.1,518897,7
ok,238.97836863593108,314.0712010713,0.4623963967995496,10.60523141991717,820809,8
ok,239.13668733612857,55.71114216378771,0.474694972872293,2.311295562124997,423266,9
rej,239.20665077560508,108.04050418105885,0.2846704993033095,20.282309413171966,629882,0
ok,239.8154049518225,289.81871269549595,0.6035980683599145,6.385314098049497,451942,1
ok,239.95866186429467,281.0343892144,0.6194861948646269,6.327699402183166,178295,2
ok,239.97815725525325,129.93488221330637,0.5653657579929996,3.101782248815212,1061,3
ok,240.1111229476867,224.82203353506355,0.03895451781959958,14.68303096500476,826634,4
ok,240.15757651618958,137.52684416541734,0.01,15.348249821425785,147596,5
ok,240.19654052224783,222.55268653118685,0.7778764844607816,5.856201425407751,596223,6
ok,240.27605219524648,118.1922007947398,0.433266434386238,21.910213643353313,45719,7
ok,240.4384297422107,161.42771581719452,0.01,0.1,463354,8
ok,240.44218657433737,260.0822960365414,0.691282420110326,5.686619008972147,131961,9
ok,240.54048310273976,212.490055771365,0.48991278548173134,12.080872477717584,357927,0
ok,240.6208647245916,157.5019703916559,0.37007491222892325,0.1,974531,1
ok,240.87809944184295,181.21785344205057,0.04771470292243496,3.737523246722043,9770,2
ok,241.07505951750164,147.66217804040824,0.5349742974209545,2.3668141066781447,994687,3
ok,241.15122199016508,273.2718227572523,0.6407407795116877,0.1,756678,4
ok,241.2653416829098,140.02219904139645,0.2664052558498532,1.325960507192134,503749,5
ok,241.51824600578647,284.367992054192,0.3263695991855373,4.746248239668265,954105,6
ok,241.76646393768718,206.4474948851087,0.21711602345866104,8.96891376257073,992675,7
ok,241.8843568294812,276.0133444904725,0.8139392837317974,11.340079040404742,696473,8
ok,242.20900664629485,157.12761545328516,0.601744876785428,2.3260444221898977,858141,9
ok,242.62693974246963,33.141878010395885,0.4593560427115802,16.35050897689388,695034,0
ok,242.7772361794531,140.13252173399616,0.8354955710789159,0.49089072653811094,816439,1
ok,243.29025154920294,219.8513311213756,0.3758463289472358,0.2623081933680352,270112,2
ok,243.2920548630661,385.2511250402719,0.32824784629953596,0.7617990556731619,783581,3
ok,243.37566849445642,103.7691764573816,0.5130231103908758,3.0626926283933664,641951,4
ok,243.6476824822475,97.11572973723705,0.561588617237863,15.541302709541858,196770,5
ok,243.92687007816474,318.00552730642266,0.5656419701364237,4.830210716147168,73658,6
ok,243.92758391951136,346.4587702769238,0.6007578382148607,14.01338867796065,575539,7
ok,244.21695108292406,312.15578621021535,0.8852036952287101,0.353800844284209,981548,8
ok,244.40132077563112,228.92549460082205,0.4595029492246398,1.250040744250753,444469,9
ok,244.55029436252545,198.72720909836056,0.29833817169867183,0.8066035133961159,292245,0
ok,244.78148284392472,221.35956887398316,0.5127563744763164,0.7600745551713495,995924,1
ok,245.0238133832465,143.88939491188944,0.7914180550195907,0.1,870469,2
ok,245.19027422760283,151.51205291867933,0.6272841008607737,16.893556529882513,182277,3
ok,245.3870945745953,319.1842029652344,0.6326388686138273,3.1585083571071335,555252,4
ok,245.39927509882176,110.99761580338927,0.8637013674578756,19.282446211133607,178109,5
ok,245.4074551347898,88.40873598607186,0.48817462201814,1.8746809524288188,66361,6
ok,245.41737611944856,254.06253217056604,0.543084441567368,4.222153494519789,690866,7
ok,245.54577257239708,282.7176283370065,0.2944197594447314,12.335502024397297,670449,8
ok,245.55170776117325,148.32925345627922,0.2440841136058693,1.923100643415858,165047,9
ok,245.55828635265905,157.09963369293217,0.3377249235353219,0.8310619357372953,607845,0
ok,245.77792111463435,78.2303588178496,0.5223082975896977,9.410326416763489,115399,1
ok,245.95665836120682,287.12391835420726,0.42740552515551766,5.072944717828326,987395,2
ok,246.07874954255948,183.57147893680553,0.3227838349171289,0.37046339031547026,528401,3
ok,246.14279304287334,376.26625870515136,0.33722015165949926,0.9981583387322651,662835,4
ok,246.15354137575972,311.5715954523357,0.5658127140836915,0.9168544311084525,835359,5
ok,246.2834605682335,273.9250901348972,0.7057126709498849,0.26547313030629166,569820,6
ok,246.4117198148636,161.34994734448262,0.332699224697819,13.212275287647813,634436,7
ok,246.41842544631228,212.56738298473027,0.7218524008039492,0.15912127086696284,403385,8
ok,246.59372665143056,189.1879280615024,0.7276490573182073,7.847221915222528,791416,9
ok,246.8953754998431,264.9174433255198,0.5265742301162378,2.697625739620257,455750,0
ok,247.1042000329357,257.36475648589067,0.6838526708778025,2.6504333627400634,278668,1
ok,247.18314233363114,145.67821746512735,0.32215810272762235,5.732611634795036,326524,2
ok,247.23235392932477,263.40739697572735,0.7857887907359665,2.2038835407950916,298805,3
ok,247.25528694991942,114.39818845346628,0.21378209723218405,5.1892162325836075,14297,4
ok,247.2632639151703,226.22762381226045,0.6915864126787227,0.2732186084912862,449528,5
ok,247.29946705371566,221.01592766133973,0.2756970268504275,4.208427090820036,816349,6
ok,247.35607732810803,241.3436572048134,0.5610428815726873,7.838646071669581,859571,7
ok,247.36486833936468,249.35846452825638,0.4109901198158029,0.2464046279716521,752791,8
ok,247.51926209705124,153.5450962106912,0.8761663442632108,4.276277382851537,294063,9
ok,247.55699047812715,334.688001604003,0.6623053673602856,2.4357093035074886,992219,0
ok,247.57701587771453,243.85406804663452,0.4657419108974804,2.3899181046034497,270732,1
ok,247.6094939019554,143.874405003983,0.5667369125826927,5.000277413240361,563998,2
ok,247.6290686658627,161.13557038408038,0.16140271435828651,7.241207755615559,552877,3
ok,247.73032330011458,244.6733166714722,0.35982540112936556,5.076746190888447,581498,4
ok,247.73274998567632,132.76756328079142,0.3114330816390861,5.6580777846150445,333373,5
ok,247.8640951802077,216.3560380496708,0.548241500534917,7.76885467899095,358889,6
ok,247.97521201413684,225.53247878117017,0.36626203546044445,1.799984387959449,199217,7
ok,248.1664218526809,124.74120337292236,0.43139252023046426,4.648253026766168,739846,8
ok,248.4344118059219,155.93706719536686,0.3263078479167899,1.5355749239734395,820605,9
ok,248.62497835858576,184.04604877357306,0.26727558745233576,2.3628572696132295,452666,0
ok,248.8083247387828,73.5955647745598,0.42374857867787796,0.42025937538692765,829962,1
ok,248.89147232805604,265.2879085999416,0.27917034403841534,1.3727312006182442,148590,2
ok,248.98772348321606,261.79533420911037,0.5526568253449192,11.789691461602898,885775,3
ok,249.12573884243508,142.4061085229876,0.7593586735814477,0.643017404549667,6215,4
ok,249.3511408776251,251.46364834194668,0.5106205431817753,4.324120437172247,786487,5
ok,249.7288497976811,98.56299201276099,0.5375200954438698,16.61700887158092,536180,6
ok,249.74061122308936,244.2115316666991,0.5903478809520054,3.188428793123795,162878,7
ok,249.8000997817766,189.83630875507774,0.4331307011464592,1.2672219134452694,822764,8
ok,249.93747220272581,197.80860871734242,0.6020572171823497,0.2623449151600229,693242,9
ok,249.96085898343688,247.66472967016944,0.4262088608768843,10.95830368531799,735461,0
ok,250.38463038180882,139.62784670118452,0.3894929991092584,3.7203902719669686,968572,1
ok,250.43739803238356,117.24856241681397,0.057343797690890486,0.31417107877044015,819491,2
ok,250.48645424136083,188.15841027209757,0.8373681683900313,7.2513025215490305,590647,3
ok,250.6259263728535,212.65166235691478,0.573304216915762,4.099783831995293,402804,4
ok,250.6473003420795,176.7956520992877,0.3331287734854226,5.954021360709597,378474,5
ok,250.86653929857187,235.89510265824768,0.27129640476022376,0.8691871406400284,486676,6
ok,250.88140188762995,290.5544015167003,0.4817986970879803,4.940352553644488,995644,7
ok,251.0244356205466,81.14244079954462,0.36382517006016846,13.448337007941678,38135,8
ok,251.09068847510778,136.93472459539922,0.5049404053484388,0.3582931255046217,588878,9
ok,251.26807372025104,215.14571265959856,0.6196645688975383,11.515204489977574,956751,0
ok,251.45395011897165,95.28635489801951,0.6279585088065737,3.623685964495449,431632,1
ok,251.53751276914596,266.5366518792014,0.6135087506130147,33.86104250701409,667591,2
ok,251.566745315943,38.89104276318045,0.2942586107150392,0.17189272710472617,643965,3
ok,251.60052913692357,283.27151399998485,0.5256527871713115,1.882914108455569,837263,4
ok,251.75161997441555,168.28230604947888,0.6304058622148743,0.9650776977413913,843186,5
ok,251.94193073998323,156.20056173102728,0.5630101234532847,3.4836889076273465,797165,6
ok,252.22185474497465,85.37303053222885,0.42167671089078407,5.927170142221197,239392,7
ok,252.2541916571729,186.60405394575469,0.6682981787710911,3.345057827610765,943523,8
ok,252.40241963163695,241.78618814919164,0.4667999950646517,1.593510950037845,16454,9
ok,252.82415028310487,305.60339935785703,0.3947044362192822,8.30337704294932,379817,0
ok,252.9454381311125,229.35963371401004,0.7522575143442206,4.610882679439424,554796,1
ok,252.96438947290864,39.10960505592075,0.5118808493000693,1.7020613653348273,987084,2
ok,252.98762535084134,295.4677824136307,0.5331063848616473,3.4350394390115193,166216,3
ok,253.04339139293916,328.20468470556386,0.4758696684306077,11.4101536366401,713302,4
ok,253.3718968519956,208.28435028383566,0.30180674220956727,1.188276356298143,203957,5
ok,253.39627235307603,172.88059628494003,0.689319980989373,0.5606033044051009,661554,6
ok,253.4270505494727,322.73072906458646,0.2558311614649754,4.893847517304003,371692,7
ok,253.75000469225293,127.76382462049708,0.1758066494652642,1.6639248790680603,658311,8
ok,253.76550144878112,405.30791719297576,0.30039482929458994,6.023319615394508,734096,9
ok,253.80519539041705,10.0,0.5689679901519814,0.5099314963953371,521131,0
ok,253.82124667128178,232.1784505161798,0.5548297184870155,11.73096615014879,20071,1
ok,253.82226619863152,96.14749082785316,0.6874352447799928,0.36220554837748564,766424,2
ok,253.83595908492822,206.81435204595553,0.35316414538637503,1.8327293949513213,770974,3
ok,253.8586908671624,215.0766661445982,0.4606300407254225,0.11404451622969285,261299,4
ok,253.94415419024105,84.64045256179269,0.4658508684714773,5.062558088836523,599322,5
ok,254.003703801334,250.8970126570116,0.7292536585988307,19.064263057639224,935072,6
ok,254.05891219668422,355.4503790616295,0.3755868263157307,2.7416138206168217,253838,7
ok,254.0930617829261,220.4844823843769,0.708299460505087,0.1,287805,8
ok,254.28691506068677,271.9665119260666,0.5060883397541771,10.854528212431699,194135,9
ok,254.55755819159003,106.81723497510335,0.40789324539108274,2.1630845673583496,990846,0
ok,254.57558191964958,219.86236389565192,0.7420829666338341,1.4289685473358782,794898,1
ok,254.78991961935907,178.12484337417823,0.49562666582254644,0.8320250179154843,971502,2
ok,254.85838959492662,217.3747374394267,0.37201050403379443,1.0990353746873804,440383,3
ok,254.97109902077082,150.9330458162018,0.4482133808523059,20.531740330516605,81709,4
ok,255.00409752515284,224.20494734167875,0.6294500672331105,15.918280760975556,600981,5
ok,255.30578098824782,216.32873451537762,0.6987527189098582,16.71121156860992,469950,6
ok,255.33071243075233,318.4591811057018,0.45174459897770963,3.3035146446908796,248233,7
ok,255.97933682968338,132.77431990767545,0.6334398114877722,8.340519066826197,780178,8
ok,256.2523947035535,220.0995531576154,0.5040377291096265,3.838313535043794,748490,9
ok,256.4378175341358,109.78161419700518,0.3480314602880338,7.656842886864071,471496,0
ok,256.46461692512855,131.25424408718914,0.21821637339209532,4.897579102837916,905720,1
ok,256.51698061387407,152.04057834923464,0.12289364639938932,2.987203394943523,533619,2
ok,256.5196293257009,174.05196276511828,0.1075748599668363,1.342592715066776,938432,3
ok,256.6006520441562,294.92962169866155,0.5484329151426132,7.4526403418063705,846016,4
ok,256.63772195947354,284.6012203567058,0.43966095374333225,0.880064864455023,849673,5
ok,256.6799570474996,382.5102100548298,0.7101120586583174,3.961813438818622,739237,6
ok,256.680274478602,224.4659190244468,0.5413645648569122,1.4569705295577573,105299,7
ok,256.6981451984259,261.29135582750735,0.67882929317075,7.876359998756973,197425,8
ok,257.0122220416666,203.87348441324656,0.3808248556979551,7.7812364915038685,172476,9
rej,257.0991743269064,367.94490762675116,0.8286033279953673,0.1,461893,0
ok,257.3924764747221,272.89888247953877,0.9041425683822748,0.6834491386213383,968422,1
ok,258.18922798165875,81.90718809400012,0.36310529802789904,0.5334564684139252,68398,2
ok,258.2848183907831,181.98596888258655,0.45732903532389735,6.500732856825378,973064,3
ok,258.2934684856614,171.215847787753,0.5356414903603814,2.5069643539043978,447476,4
ok,258.31015112646503,102.87564371808054,0.3859937526073647,3.9250411934530733,665582,5
ok,258.62946283137876,335.6583704902569,0.47571053600052704,2.1916613318360447,413917,6
ok,258.6709413301468,274.71742503706787,0.43926030922013287,4.833927541440457,986071,7
ok,258.81267432076186,42.136177455859126,0.4023751451251872,3.209324806881903,285058,8
ok,258.9944318607346,199.19627002762675,0.6758476939139713,3.7842989869371757,264960,9
ok,259.1592417734631,208.8553097004271,0.5644340245694601,9.487209722342886,458454,0
ok,259.22395587409864,245.05068546857694,0.3236650755007889,1.4056129518960785,924620,1
ok,259.4952188985578,196.24085794185112,0.33549452361357335,2.8669486148632233,794537,2
ok,259.7431028230999,105.13256187421479,0.6608163511051615,2.366396437973439,811051,3
ok,260.0175409382927,69.38915718108413,0.27617833613691856,5.584616757853079,373464,4
ok,260.0395801506385,229.05694887214665,0.7691669093821463,0.5883373089181436,639305,5
ok,260.3235296489652,235.96450551436223,0.6236422893730018,3.26714618226067,343683,6
ok,260.4413523568815,249.67083177964764,0.355544339352167,5.919950169348194,95031,7
ok,260.64185375509925,186.93793809753515,0.684434770968197,7.769978316863709,321932,8
ok,261.07843017967633,270.6192365724022,0.34427625909104176,1.3927403911220095,31598,9
ok,261.12041945871033,70.22527008288912,0.09435601145863942,6.033217367310355,516442,0
ok,261.1342496284726,195.07802034005735,0.5115526252324616,0.129546631156263,11502,1
ok,261.19877038505837,147.3404496631008,0.7388986057318792,9.49521354716027,799567,2
ok,261.3348667572987,212.0435772096857,0.8717679709957962,4.450564160771911,262729,3
ok,261.35722703126095,185.3472608753927,0.6911999504595834,2.8892293763610537,212638,4
ok,261.4990609345336,224.9936729669028,0.5994426934938968,2.911140774843738,799384,5
ok,261.5766357903653,184.43234682078068,0.48046637320176383,14.0408398491269,417226,6
ok,261.58975347424723,288.97562323405054,0.5489993709379853,5.939264661192585,405405,7
ok,261.59569280456236,307.83508107956396,0.4840530939517417,6.33251109754185,456772,8
ok,261.6247062477735,335.52712624777246,0.3578533448756367,11.239854982468147,813114,9
ok,261.93450854831383,10.0,0.5294995698500009,5.273834434289158,666237,0
ok,262.07030168615535,199.84590593689322,0.5937292161034826,3.8567793999568627,656033,1
ok,262.1471354845365,124.63946258746927,0.7482118389895367,0.18156847002988452,705771,2
ok,262.24867070501745,277.1654674997265,0.3298714389447697,0.9422873729279257,408170,3
ok,262.48179656943825,149.28881401948442,0.7680404871455975,0.9452162687722603,730961,4
ok,262.72332928418086,140.68789062294118,0.4407013636364623,3.547469907074006,922900,5
ok,262.72847366970376,34.61606308150806,0.4974963388774401,6.4490298445029275,862504,6
ok,262.7427846539513,112.29489322613851,0.28832268150631024,6.877550583157151,40283,7
ok,263.00758299553513,429.4796219511104,0.43223521747265264,7.970224211848842,610993,8
ok,263.2637790708926,137.422886993067,0.6711953584959411,0.378838193530475,487916,9
ok,263.29338991350335,270.44601451762344,0.9307371843127583,3.5446021839135855,371807,0
ok,263.3028896440746,169.9949879269197,0.4858890857724817,5.297778114463948,870163,1
ok,263.3381635095153,222.96237818592667,0.8685796644264661,0.2784832491125863,596418,2
ok,263.3569021470446,223.1947917536683,0.7573286539129915,2.2329145849497958,132973,3
ok,263.7554574345352,209.3991668459093,0.29316344070914957,5.864394372561198,591832,4
ok,263.8336057877653,174.7123838603311,0.24787290360006659,1.1493415496851058,745000,5
ok,264.0374390034056,16.07824291763049,0.7129981974888076,0.7638107467589379,291870,6
ok,264.12774506997573,353.77147657003076,0.6666986470296576,6.113315589245967,344054,7
ok,264.133086035326,82.06566168844228,0.21843455528993255,0.934610616873024,861934,8
ok,264.1817022184166,196.05009508045205,0.3810904487669967,3.605873254922365,25481,9
ok,264.26567508866844,263.70320519344097,0.6658419415632246,1.761738525558565,417430,0
ok,264.4081152941227,141.64132267126712,0.41861987205097595,0.262933098645391,496736,1
ok,264.4956942673818,329.56659043458137,0.44523062930325974,7.312723287605175,965654,2
ok,264.5047627479796,291.68828219881846,0.12171350345150117,0.19517327360744802,547034,3
ok,264.66074645390836,159.0421998299529,0.20086630500636843,1.2701091006987164,141914,4
ok,264.7905887372057,92.54965837311582,0.37363295581643385,9.286975957065104,43606,5
ok,264.9423185313497,54.658561702289546,0.45187641690433966,10.290087492013633,85440,6
ok,265.01027670031783,90.04684303408541,0.46911808236630104,8.976441297135326,593409,7
ok,265.11006379662143,125.00119770273929,0.8623657758326716,0.1,906964,8
ok,265.154739594022,297.4960017462848,0.46473772873976027,2.7370191843696414,364310,9
ok,265.19049207589165,297.82170181239564,0.4350663715030013,0.2296512599896396,378558,0
ok,265.2743609512191,296.8309171945855,0.047571572278001795,0.9490500231691189,4711,1
ok,265.56150674428375,101.14421183723817,0.4290062808151976,4.723188364126062,72743,2
ok,265.6890218700987,169.83815970989855,0.48208298867593635,5.418312524104446,200040,3
ok,265.7229596840176,224.52579946972065,0.4331188753885089,3.5083309099131115,752130,4
ok,265.7972196824842,185.064731148159,0.8246362010136721,4.731686332251495,116193,5
rej,265.8623798173411,213.0957247097171,0.6935039868450075,11.640081336316863,704010,6
ok,266.14874841165994,223.43134881133804,0.8152184503407398,5.309756864332003,566883,7
ok,266.1801406405111,232.60313211030402,0.572770807181808,2.5923530327161046,493986,8
ok,266.21716789562436,178.07199498382406,0.6685868296573434,1.7753139216113758,45214,9
ok,266.2619063430351,193.161060659592,0.7537722818090783,1.5132594387450191,329810,0
ok,266.371609597013,209.70362890054218,0.13989674597763774,4.755392115217038,973217,1
ok,266.480950371381,235.2267019908673,0.7344930536672789,1.2464078536590881,882235,2
ok,266.52462610907,312.16478380529617,0.39821215994596193,11.726546785185917,886111,3
ok,266.5277308950184,199.6831497406883,0.5457777315920014,0.7063434886334408,991216,4
ok,266.6319090375746,149.7074193251117,0.4884315250241072,4.309300288908679,26622,5
ok,266.9671541564072,75.8574988482855,0.468632412487076,5.557583011943331,330092,6
ok,267.00608706488487,196.20782090335672,0.6714790398380336,7.675236230737534,411721,7
ok,267.0123852985271,144.9654165234727,0.5908669006174297,1.2276991380128424,949241,8
ok,267.25932310406097,169.87516760375593,0.3620338079087455,2.309441108992199,131355,9
ok,267.5603309838494,226.61038542661737,0.2968348492504528,1.133924388467524,801879,0
ok,267.60293275564635,344.96140401759146,0.07840613516976552,0.9641244417855382,666445,1
ok,267.7160774839024,83.16946981230815,0.8424658643592904,1.120220660127382,288445,2
ok,267.7668720363715,220.46799679293494,0.41599145126126735,0.1,426158,3
ok,267.8172662904822,105.24791509432306,0.5158810761754676,14.955555321007685,703478,4
ok,268.0320191544437,287.5730527846114,0.3371777240758627,4.189156903763951,149036,5
ok,268.0633418936072,168.61584930462394,0.38560110941990045,4.957639323291032,624598,6
ok,268.45035493182746,219.37874982759826,0.5332467004837869,1.0788444140528772,154653,7
ok,268.75789053329055,170.4862356823615,0.30882016574213755,2.119841915100767,423837,8
ok,268.80792355669263,257.0997039763326,0.5994977020188438,4.2253577931151565,908705,9
ok,268.9066514816707,235.03060434374237,0.448171292892947,4.159487578910928,320966,0
ok,268.9728839033946,125.25305266309107,0.5281100800584211,0.5907334206908028,536338,1
ok,269.3005353532319,142.8222924600471,0.3248692115597033,4.073662353633478,62755,2
ok,269.38393665372115,35.83121549464107,0.6699772031386246,2.597778651061253,170825,3
ok,269.4070470892095,10.0,0.47884107932213943,14.07403728698597,131473,4
ok,269.4244242811054,230.83631798177947,0.5191254525277608,0.5154919034403217,936199,5
ok,269.58404533388887,168.85788528291317,0.6696242566789441,4.212453822149357,140463,6
ok,269.595783373448,103.87437721796714,0.3440984046940565,5.781758328500129,954855,7
ok,269.60294567631445,425.6633332523594,0.32428538505275406,13.38672942617743,504252,8
ok,269.9204275927495,267.67844402647654,0.032342596857988015,5.2434004911693535,739574,9
ok,269.96051813218196,213.61066128104838,0.5211312098695157,10.981498471179801,673073,0
ok,270.1365053066713,59.81930961803488,1.0788194884848927,6.832431940919072,751067,1
ok,270.321707438094,288.79259950732427,0.4864032855797254,1.2103982832157003,801183,2
ok,270.3410812619361,258.4129159571852,0.40072725443344925,7.073677736137856,758722,3
ok,271.013550446446,213.01574696294227,0.41670407950841626,5.5305688460939315,48982,4
ok,271.3227131517454,150.86636986655606,0.3982050638329138,3.602709034606326,765260,5
rej,271.7037802854144,270.38821467731003,0.3688316074493807,1.9278870723389738,863774,6
ok,271.74059711117286,285.9876405307223,0.6458222706975298,0.1,544848,7
ok,271.8501109864735,13.25783703355205,0.62998454104066,7.69298079324815,45582,8
ok,271.90510267014463,17.906317845716615,0.7778292364687187,2.9715044824958388,863495,9
ok,271.98820119861546,231.13319987138235,0.4118152006422314,1.7166251424401708,581903,0
ok,272.07898641290444,254.55420330696262,0.4138557410273912,8.909650641911302,724763,1
ok,272.4550120986428,267.2296534336991,0.4410428300364784,9.789924432687574,780295,2
ok,272.5616191821774,236.32020736551328,0.34324931539927617,14.48286202415761,731189,3
ok,272.7754873350878,268.8070393809813,0.48360490879890844,6.407200167180767,661883,4
ok,273.6998419449931,270.5502887700666,0.5587405059054303,8.357232557309263,406076,5
ok,273.7965306006315,162.1992649815128,0.7282363046564917,4.61457521249727,995810,6
ok,273.839643595946,361.68835351151745,0.7539953273559563,16.383543391009887,188975,7
ok,273.8979218606775,125.31140998498752,0.9052650687814459,2.1134767662646823,361442,8
ok,274.22933734759823,102.2726069963471,0.9876314547452486,0.27824460608451973,839014,9
ok,274.2504619976557,213.75471148442017,0.5028325603263631,3.075715443458216,614343,0
ok,274.373129538299,115.53886430184062,0.41597356256373,17.754809408246828,852491,1
ok,274.4668415035842,172.40996691591488,0.6320594168190596,0.46421486613696217,86821,2
ok,274.73022100404245,83.1321508211259,0.08975684647408833,20.533667804424553,84650,3
ok,274.7959301432496,327.7804576638354,0.5991905247612854,1.275741647741218,586989,4
ok,274.83521727116806,263.2617691456262,0.6229755251099376,1.1194470176965108,182898,5
ok,274.88137201829517,183.29903429767523,0.6697506147401637,7.115101279375608,852805,6
ok,274.8887594588861,243.8766600143785,0.5212343334681386,20.797308467685795,278484,7
ok,274.99672289517474,265.1408961538888,0.6904249685119578,0.5079093976585918,211397,8
ok,275.09280840617026,275.90117856599767,0.5234880185559663,2.9270476176250804,839071,9
ok,275.1951918744606,284.67335395941865,1.0565932305987453,9.592006916575775,273641,0
ok,275.5615035918933,168.49544993687005,0.6590394562016006,0.1,343868,1
ok,275.6567151141042,199.875308120162,0.3171663429797549,6.731051383334597,734428,2
ok,275.89038301788486,273.4395889090293,0.40398195837465745,0.2941351065446589,743097,3
ok,276.00989893861214,252.92496915406346,0.09173420843098845,1.065643045580113,266214,4
ok,276.0427702110437,234.72681491209374,0.5981337932412631,9.631950619571603,820331,5
ok,276.1241241115473,158.21243805274716,0.905127146121116,1.4325748203290711,271838,6
ok,276.1249012362472,218.64827832957366,0.5992964827268956,7.612444728793707,542570,7
ok,276.13452669532165,236.98534767990927,0.6198198221237897,6.712692994853454,980958,8
ok,276.2797996774383,247.1333590944596,0.27783748250508566,0.5747559106601783,478652,9
ok,276.52522269182043,177.8213467455644,0.22491885381558663,11.824669980819404,954200,0
ok,276.7235766942955,198.88125190462628,0.38760823902107294,3.7237409041927605,162737,1
ok,276.9490176518762,146.57840108731253,0.5298337278868701,2.7213161079256833,793428,2
ok,277.0839425477107,202.60012708938928,0.5644689971401708,3.115811820295912,943888,3
ok,277.151053247812,66.94850467032367,0.8692877691565569,2.418286842439322,470627,4
ok,277.62910626166234,321.71894994913885,0.49403580797210006,3.5291195964938775,579575,5
ok,277.66209081757165,224.37873523376015,0.23086803168551373,13.369348537178954,160242,6
ok,277.76599641775437,145.03598478740486,0.331415426179602,5.674889296273896,40476,7
ok,277.9378117324025,72.54893038739068,0.633752287659826,1.0337114682454889,663270,8
ok,278.0707101206024,152.4482228338861,0.40458202128767906,0.7028736988789568,613944,9
ok,278.23854006487625,231.02697817159995,0.538452441061202,1.5171105100585092,185562,0
ok,278.34982365479397,240.89161020048587,0.4898979527661988,15.492413272593454,672713,1
ok,278.4393976770857,252.79011531643107,0.48477061248613396,4.574666176749696,537104,2
ok,278.4748491946031,414.6568723132032,0.6281577926142766,4.018068544396865,35437,3
ok,278.53989120821063,191.48442473732638,0.2909196193676102,2.4976534912449635,939492,4
ok,278.556747581903,142.68251849013166,0.6034919499561332,1.5301104189995485,794497,5
ok,278.58344380769756,190.14965098257042,0.7528404650706151,0.8152202401652618,331434,6
ok,278.5847121172727,213.322706433728,0.41428332211575514,2.151583816117377,857525,7
ok,278.66069767342196,146.8583609621771,0.27056479279816126,1.8416135596799668,992732,8
ok,278.81495884485497,180.31820893864307,0.7014407840414173,8.470109433912864,75123,9
ok,278.8164109012433,210.6480606776326,0.7950840747814141,8.970678597820488,202256,0
ok,278.84811779075176,318.6497654802811,0.31507597521634745,9.433221635628918,679896,1
ok,278.9294545831162,213.21784654648658,0.7368686143888102,23.76314837764497,829443,2
ok,279.2233099234275,238.85104179157275,0.4756111724496777,7.248126769496224,478724,3
ok,279.316497347554,184.23764591241982,0.4688201246682407,1.5198416440067102,640567,4
ok,279.48273765653005,25.62263777841676,0.713828329014004,7.102970043845135,250317,5
ok,279.48574702110017,246.9268055501648,0.6481773518055676,0.9934908666402532,851724,6
ok,279.547334046136,199.67697342180819,0.5339538821279728,2.3262727318387415,480950,7
ok,279.57463030622097,248.91719953231996,0.682585488810221,0.1,547632,8
ok,279.75900825675166,153.9083642886002,0.10583307450141888,0.1,167132,9
ok,279.9764463768877,243.23812167226362,0.13264378265606847,13.059211012721283,743996,0
ok,279.99767966517857,200.0577905667039,0.7221164320124556,12.915211575334865,349874,1
ok,280.2136757132599,131.6870911668884,0.4763231738115772,0.15331394970128745,957002,2
ok,280.4728390727539,366.1087105563149,0.434764323812613,10.670477719735835,687034,3
ok,280.51825818450607,267.9452348189192,0.38009450608647666,9.59411290290124,141428,4
ok,280.8804374034579,280.49920664932586,0.35853477306735315,21.042149358493543,499631,5
ok,280.9740214793966,155.56966782525006,0.5798582610645763,2.446483600365021,808998,6
ok,281.0202736894356,267.9118406447826,0.4652288311142836,2.7751743923964733,582924,7
ok,281.3251377563349,150.3443080833493,0.679150971975232,1.9142807806311244,59941,8
ok,281.38286128478785,329.6416802962686,0.6967149456578973,17.91896530723857,569841,9
ok,281.7091973407415,159.629430405838,0.5248827186601001,3.9406708872871725,86420,0
ok,281.7738112330491,155.22766443552183,0.5109000930171896,27.318563824624974,860455,1
ok,281.7811418394774,174.9361680142083,0.4667104937049394,3.9660654206128165,542817,2
ok,281.83533986640043,299.89791623725506,0.39230044044614654,11.71808323325343,360062,3
ok,281.8579846930272,182.37921022637326,0.14297728035753116,0.5988845049758574,2580,4
ok,281.91906432930114,238.39300751561163,0.454983049490669,1.1065643928147633,852452,5
ok,282.0787270147446,244.64796088136856,0.24763344421054817,4.361258326106413,812504,6
ok,282.15545532782517,156.33487267262365,0.6247624935642673,3.243548798524091,83872,7
ok,282.6605624476021,215.17752377335358,0.23546984529572873,1.7343712353221463,109032,8
ok,282.6770834250129,219.7775476730499,0.7237947554450738,4.323584888280465,448510,9
ok,282.7756076521475,222.48690169650553,0.2415486156201631,0.4791911753996555,637052,0
ok,282.9190732017073,116.84877234396127,0.30649639197973233,8.359287772187308,369434,1
ok,282.9614891030356,174.20213880019028,0.2863022442288281,1.0958462574330048,597975,2
ok,282.9949776872445,153.83070628527096,0.31876320301100614,3.5145608020517094,473516,3
ok,283.4390401411284,156.8291147086678,0.5962311664095737,8.11896960310841,352119,4
ok,283.59381454115544,188.74813226436743,0.6748262218285105,10.090742001622612,873998,5
ok,283.7435179356181,142.17505392952165,0.20240312397259214,9.115587866722398,396430,6
ok,283.9496132463663,252.6448104682618,0.40039525662401904,14.571413268254869,537289,7
ok,284.2123440381255,261.6007701038762,0.05585338233733911,9.3527356987502,379642,8
ok,284.36986803711136,117.99867357682484,0.6996158220716834,4.718333923223793,882180,9
ok,284.376868070378,124.2042811595705,0.3706697283527265,2.4470705934523176,903307,0
ok,284.54440400072434,139.59780957022505,0.38738305656118655,9.22693032315043,667490,1
ok,284.85268615124517,73.79949716665813,0.4335867573777128,1.454207971123565,124619,2
ok,284.91995644756474,222.13930272370976,0.7722711733129863,4.305888080468103,142720,3
ok,285.39794260072733,196.1372887510724,0.3367806813386419,3.2638884751417843,332284,4
ok,285.49886484802363,171.37655349345758,0.42822915511519577,2.6845524836275123,970476,5
ok,285.615359339733,198.05870176704315,0.11421744506416392,21.621534417450633,23829,6
ok,285.61922229649065,47.762298775088425,0.01,5.885135427248339,191469,7
ok,285.65794623588977,166.00902034355386,0.757433717747643,0.4999989537059876,769396,8
ok,285.7822482106012,202.2691641628662,0.47137086388036864,10.235529283494046,131176,9
ok,285.9320834087373,113.62193017521903,0.8936648117407444,2.0488381301918905,20133,0
ok,285.9898964900514,243.3733998438389,0.04653022745973495,0.7735129667418361,354302,1
ok,286.2569053156789,85.09955139642456,0.7879643598403692,20.14620216256639,928973,2
ok,286.51438717958405,71.22169619814431,0.768138030797654,2.302990845910514,636986,3
ok,286.5230166537714,102.49808303746532,0.3490606074579812,4.689501762884003,202734,4
ok,286.68221036918897,232.1069020289342,0.13895138661113965,7.7341854738088935,46283,5
ok,286.81057957447365,134.35946108335935,0.6418313896656465,5.039973139743451,433938,6
ok,286.85056810183283,138.95280010910488,0.3206067469545128,2.2826777539450047,676743,7
ok,286.9301498792482,146.29365726088832,0.25771933326582086,11.340759643738888,65052,8
rej,286.9482241972804,220.7241044548748,0.8679674680203543,3.215316322495032,732788,9
ok,286.9526018629943,214.04355362476107,0.5299772216158813,7.5034817158160205,326374,0
ok,286.9713730020025,112.94258626814518,0.7051783947815291,0.1,835470,1
ok,287.0545308918251,323.5797130438226,0.409291487117591,2.078110047503506,408436,2
ok,287.1902528653589,215.34309523847395,0.5509546806583526,0.5356763286664736,955957,3
ok,287.26409368674035,149.90794432481403,0.6040210650411485,4.091444177568381,54768,4
ok,287.38340069502124,297.7617724833095,0.3886007629288672,2.5063375359586653,629616,5
ok,287.5485373039257,206.78886982679694,0.7351061741337016,2.5719897099358646,804835,6
ok,287.6112772787809,157.2784198861231,0.8074951969200306,0.8190268326166826,833039,7
ok,287.8677915701793,167.16132743455162,0.9436303877398367,2.207936081879863,745904,8
ok,287.920633173973,268.71757086259584,0.44285611912846834,2.3789346208026174,176329,9
ok,287.9230713528645,167.8033851791776,0.31416538725768006,0.9097213443988178,375268,0
ok,288.13950895476506,149.54567382807204,0.4958695687556325,1.0812376301229805,963011,1
ok,288.1720271279162,292.04796715020746,0.42067676158538325,2.5475513795915674,875762,2
ok,288.3411000593099,365.444743495388,0.5722589282742295,1.098396392136423,971881,3
ok,288.3460481918502,167.8372161340494,0.44891894043289915,6.064532751378275,81182,4
ok,288.45131951396183,165.1078620298132,0.7630143327479382,1.5088520121755216,428056,5
ok,288.6980164281378,114.54310628151418,1.0165854752180468,11.09783020553865,56629,6
ok,288.7514443379985,78.55451501784938,0.38597022188256597,0.7118950566132327,462114,7
ok,288.8572013564843,217.86255868717552,0.6264471064868558,5.451143995398734,372223,8
ok,289.10156605844287,126.84158671853602,0.7950304126601941,8.131016051212297,633488,9
ok,289.1181143318298,202.14467751215705,0.7178661756287896,3.9463243990691415,945649,0
ok,289.43808255071053,157.43175875166204,0.5460868932194242,1.4578215365768115,650258,1
ok,289.5931476726084,180.4680207331924,0.41676745448470254,1.5305004911751956,793213,2
ok,289.7468981614252,188.0187527706416,0.41336356950765313,2.778878960536875,268255,3
ok,289.7564128636025,344.96750972883456,0.019988695046980864,17.671110751238352,704976,4
ok,290.0148699514983,188.1763162970238,0.5555101410631065,0.8135785079327084,324788,5
ok,290.1420539658156,230.70861511431838,0.2350388426945108,1.0890691146905265,590071,6
ok,290.1504743158874,366.39584186894297,0.344287042542906,0.4943231084133168,890337,7
ok,290.25020948154565,72.04926565971024,0.4174488758294669,0.9429732565340576,842809,8
ok,290.2835843217414,204.85985918647506,0.2642834461920146,5.73860694681965,475673,9
ok,290.3496061630542,135.81546236808606,0.3153686834900297,5.240526758482841,432251,0
ok,290.5055975408416,78.54659603165793,0.40682607828409645,3.8247066438017177,189442,1
ok,290.6676845035917,166.55079188971558,0.2143534959979721,5.500683510997785,32179,2
ok,290.6688327144133,54.50954222306231,0.5670598985849805,2.0399577657481913,475769,3
ok,290.73980791513424,15.452029453807057,0.31222294743337387,0.4572501572828087,841381,4
ok,290.76147472933786,10.0,0.4715480028892923,28.571706928551013,276980,5
ok,290.9449776050374,302.87887834105396,0.945470637046969,0.256445374144475,199746,6
ok,291.0861366217452,253.49764453866266,1.0503656823206726,7.271681573808141,995397,7
ok,291.2771133313707,151.64460867257273,0.39139447979469477,5.38914683719939,406489,8
ok,291.32732280892213,152.7571600414506,0.4882777934685462,2.749035984883238,67206,9
ok,291.68291177058785,275.5418189293554,0.6109626103102089,4.937922952312987,374980,0
ok,291.7928790234036,199.1453228730572,0.5978087201858899,7.810433510637119,100983,1
ok,291.8257788811673,158.9674798306338,0.08855992768529519,11.008589974053724,129358,2
ok,291.9380316869067,99.34379562048585,0.8119181163685529,5.537557930378,27458,3
ok,292.0027453332478,261.22008915045257,0.9618821542219407,1.84017138824592,367824,4
ok,292.01365846249587,215.94382170423154,0.29917615934650943,0.37960961732183196,22373,5
ok,292.0890844711934,214.6721578342314,0.6771282269921581,18.7885672636644,185689,6
ok,292.13152322093856,243.74822092090636,0.5377134684006696,2.1493340073856695,423376,7
ok,292.2268569630832,164.43026329038543,0.6830406981792521,0.1,645937,8
ok,292.8053544896181,127.19355867027947,0.4562455600045534,6.659551122002243,724117,9
ok,292.8544958313597,310.9902156415315,0.38628501522970654,5.31005655866232,685175,0
ok,292.9227941220895,190.9128229476775,0.3868590641848733,0.1485123351618438,940571,1
ok,293.30299427605416,325.68877210286684,0.14068469383322835,14.128671713851164,14309,2
ok,293.4102542609686,178.9344169483236,0.4558043538955784,2.250624143893343,338483,3
ok,293.4815874579242,203.59781816614625,0.5794330881052079,8.195379078822812,478649,4
ok,293.6647458507319,142.5053831928209,0.4669598310199641,0.6376399877956107,829167,5
ok,294.28002705479577,168.84285304090974,0.6817270709217482,8.942233316187417,580966,6
ok,294.5676845335834,242.56598049634678,0.38621849705258193,0.2862135093850428,782249,7
ok,294.77301172733496,327.6207684827899,0.6044447903571106,3.9892680139078838,914004,8
ok,294.8867751486943,152.39662904857914,0.6777808294018508,8.230879273859076,728600,9
ok,295.0387403945247,125.56344640514352,0.5305949509006874,0.3416212114995719,520126,0
ok,295.09930017775287,349.0605326760675,0.2954863460098832,3.432862796907996,499680,1
ok,295.1024772061528,240.90820529249805,0.5477334721283382,4.577633846132005,84358,2
ok,295.2110376598672,226.83635479130652,0.5675867213299286,1.033623702144176,899653,3
ok,295.27962504735535,245.69762589243766,0.6553211323353866,9.30194885772382,54236,4
ok,295.2969528470003,340.1959495154782,0.39846443905149515,6.54965368481844,561631,5
ok,295.3062670157643,268.81709716895165,0.7888635455090596,2.145560630369063,903986,6
ok,295.35158722377906,193.39165501636347,0.4279589075123902,1.8335911006608039,421457,7
ok,295.42218177099153,139.1133032120455,0.5896275207058886,3.26927111788442,829139,8
ok,295.61897276905506,246.17556668884114,0.42021282270425986,13.51228913733177,821783,9
ok,295.63393895517845,225.06602683634898,0.33414722306084754,3.6406602699718964,900147,0
ok,295.92631601391344,200.71215930498855,0.7840565843529752,0.35581814121474653,970425,1
ok,295.93932929873114,52.74842022940999,0.4029723831992681,14.334886436765688,274981,2
ok,296.0763483965498,133.64039054387572,0.23386195316811592,0.42116376786890225,29146,3
ok,296.11225667383223,286.8906775014219,0.2226618624655748,0.9470555500981949,679474,4
ok,296.2535906546348,292.16090019498137,0.8760201651019897,1.0367920352202138,540923,5
ok,296.4223941451073,257.17680785752873,0.373410182129926,7.546935553015395,100367,6
ok,296.7728179329537,152.8433184041059,0.7467678538943967,3.5734094482878067,877238,7
ok,296.8960461610742,266.39207418284946,0.3713974785259879,1.9956613323142145,866724,8
ok,296.9134734724725,213.9032339562691,0.40431691258234864,1.5374608092819009,83983,9
ok,297.1519334980173,168.34772145352818,0.5560243434660346,4.051565848153345,349818,0
ok,297.5797638199391,209.3810184597661,0.5207428339377775,1.524186592663188,375966,1
ok,297.74135449068837,280.6453606258772,0.401598054056666,0.5415588675845686,103269,2
ok,297.88579760601374,95.60774495335929,0.6584419623843764,5.000556146343031,494280,3
ok,298.1880203861505,105.32732646464729,0.5862701045634814,1.82758685559254,34673,4
ok,298.242168309325,289.35352733889926,0.271258131258435,14.97893941262064,161765,5
ok,298.3297930901181,162.15474405150275,0.47381827122622683,6.997943798809219,953214,6
ok,298.49579170982673,113.9093626876408,0.31658304954020544,6.075643288040128,541691,7
ok,298.51705207408804,207.32414557352962,0.5174380360310089,4.177569494056844,655917,8
ok,298.5479183817227,155.33861463747746,0.13337722688264325,3.677455292376442,843834,9
ok,298.62390827547597,124.21722989151763,0.3899572807269903,0.27907818834810394,301026,0
ok,298.76939924318845,176.29203457572584,0.4387186736651914,1.309375912352365,38591,1
ok,298.81022273446274,239.3871036087645,0.2374583094908369,3.578149603097964,761,2
ok,298.9416959521027,276.88596576425476,0.5768783416949581,0.18709029866501625,394984,3
ok,299.04367010920333,302.5866277698109,0.39887403238340946,1.297447865050184,354094,4
ok,299.1610356399176,128.25770637617114,0.3442508381906795,1.9862719306316232,164480,5
ok,299.1692464696362,241.7553119246983,0.5674512350004409,0.1,990289,6
ok,299.3013495841214,270.32779065163993,0.5272800395586731,5.781634357382775,574913,7
ok,299.369135890191,118.320283521792,0.5428331469251035,0.8845816781989431,729784,8
ok,299.40080997271144,60.86297399610041,0.4747744715862213,0.5298278744411041,154018,9
ok,299.4921682963573,153.09305687979545,0.5574856819104471,6.52731187670909,168357,0
ok,299.49516239113916,214.92558606367868,0.5163838116799249,3.0510834846917625,183096,1
ok,299.5036826268214,140.865989790124,0.4088554257879408,3.475110420697348,817182,2
ok,299.52861153092084,149.80327131900788,0.4675617376817889,4.5638623682543065,965601,3
ok,299.5452034692627,129.08866882700767,0.28971464391809104,0.5163468060532967,166697,4
ok,299.7667082504533,196.5203439522578,0.30064319344972623,1.7058543473589396,671214,5
ok,299.8004458162502,255.0025908042936,0.2760059328366266,7.894483038969088,712860,6
ok,299.8661699000678,291.75463997621944,0.31982355342819957,1.5678325553594732,254365,7
